26143
231
0 600 61
29 629 51
17 617 50
121 721 41
94 694 49
296 896 51
374 974 51
798 1398 53
892 1492 57
956 1556 51
1079 1679 51
1155 1755 50
1501 2101 51
1767 2367 53
1953 2553 43
1970 2570 48
2035 2635 53
1989 2589 47
2224 2824 61
2262 2862 48
2305 2905 51
2206 2806 50
2381 2981 63
2234 2834 49
2453 3053 54
2309 2909 42
2326 2926 59
2376 2934 67
2523 3123 55
2329 3098 56
2634 3234 51
2897 3497 51
2878 3478 40
3216 3816 53
3154 3754 55
2555 3508 60
3365 3965 46
3001 3654 66
3630 4230 67
3456 4056 42
3568 4168 55
3928 4528 47
3958 4558 52
4109 4709 59
4133 4733 42
4063 4663 59
4334 4934 55
4076 4676 61
4499 5099 60
4510 5110 50
4478 5078 42
4607 5207 51
4792 5392 48
4520 5120 67
5101 5701 50
5226 5826 42
5482 6082 58
5606 6206 52
6414 7014 47
6430 7030 63
6481 7081 56
6577 7177 47
6697 7297 55
6813 7413 47
6560 7160 67
6912 7512 51
6968 7568 60
6997 7597 67
7176 7776 51
7246 7846 47
7334 7934 50
7420 8020 49
7522 8122 59
7765 8365 50
7841 8441 46
7853 8453 59
7921 8521 54
7935 8535 49
8075 8675 59
8059 8659 41
8175 8775 67
8149 8749 53
8381 8981 60
8504 9104 50
8585 9185 48
8586 9186 49
8668 9268 56
8682 9282 49
8810 9410 53
8886 9486 44
8963 9563 50
8367 9116 51
9031 9631 53
8048 9282 59
9198 9798 59
9367 9967 58
8954 9549 65
9463 10063 50
9341 9941 48
8512 9765 48
9630 10230 49
9614 10214 59
9813 10413 60
10206 10806 47
10244 10844 63
10270 10870 51
10366 10966 59
10481 11081 34
10669 11269 51
10730 11330 67
10721 11321 41
10850 11450 50
10836 11436 46
10985 11585 42
11072 11672 46
11134 11734 55
11193 11793 61
11483 12083 51
11544 12144 58
11638 12238 60
11732 12332 51
11829 12429 46
11880 12480 50
11984 12584 63
12061 12661 165
12039 12639 38
12176 12776 48
12369 12969 49
12745 13345 52
12833 13433 64
12891 13491 63
12975 13575 63
13054 13654 53
13261 13861 43
13336 13936 56
13415 14015 59
13474 14074 52
13528 14128 59
13610 14210 66
13801 14401 49
13850 14450 51
13958 14558 63
13832 14432 46
14124 14724 64
14173 14773 49
14360 14960 46
14451 15051 64
14486 15086 54
14536 15136 35
14574 15174 49
14676 15276 54
14757 15357 50
14844 15444 41
14845 15445 50
14989 15589 51
15061 15661 63
14536 15242 59
15255 15855 44
15401 16001 39
15414 16014 48
15528 16128 41
15548 16148 61
15974 16574 50
16030 16630 56
16055 16655 46
16128 16728 42
16420 17020 47
16474 17074 52
16487 17087 55
16636 17236 63
16743 17343 49
16590 17190 54
16743 17343 47
16826 17426 51
16977 17577 51
16575 17128 64
17079 17679 52
17050 17650 46
17266 17866 51
17324 17924 61
17192 17792 46
17650 18250 62
17926 18526 51
18004 18604 60
18039 18639 52
18098 18698 59
18114 18714 66
18269 18869 51
18372 18972 66
18454 19054 50
18425 19025 47
18557 19157 53
18704 19304 41
18767 19367 52
18835 19435 64
18473 19073 55
18913 19513 41
18690 19290 50
19091 19691 58
19058 19658 66
18831 19394 64
19223 19823 50
19472 20072 51
19458 20058 54
19628 20228 67
19700 20300 57
19773 20373 58
19759 20359 51
20046 20646 53
20127 20727 41
20220 20820 52
20302 20902 51
20960 21560 48
21026 21626 51
21059 21659 64
21194 21794 51
21128 21728 51
22319 22919 49
22454 23054 59
22519 23119 47
22579 23179 47
22673 23273 37
22661 23261 64
22754 23354 48
22838 23438 50
22977 23577 60
23064 23664 36
25664 26264 48
25743 26343 52
25965 26565 63
26093 26693 50
0 0 0 0 0 0 0 0 0 0 0 0 0 0 0 0 0 0 0 0 0 0 0 0 0 0 0 0 0 0 0 0 0 0 0 0 0 0 0 0 0 0 0 0 0 0 0 0 0 0 0 0 0 0 0 0 0 0 0 0 0 0 0 0 0 0 0 0 0 0 0 0 0 0 0 0 0 0 0 0 0 0 0 0 0 0 0 0 0 0 0 0 0 0 0 0 0 0 0 0 0 0 0 0 0 0 0 0 0 0 0 0 0 0 0 0 0 0 0 0 0 0 0 0 0 0 0 0 0 0 0 0 0 0 0 0 0 0 0 0 0 0 0 0 0 0 0 0 0 0 0 0 0 0 0 0 0 0 0 0 0 0 0 0 0 0 0 0 0 0 0 0 0 0 0 0 0 0 0 0 0 0 0 0 0 0 0 0 0 0 0 0 0 0 0 0 0 0 0 0 0 0 0 0 0 0 0 0 0 0 0 0 0 0 0 0 0 0 0 0 0 0 0 0 0 0 0 0 0 0 0 0
0 0 25 16 10 25 25 25 21 25 25 25 25 25 19 15 14 14 24 11 24 23 23 15 25 12 14 14 23 23 18 25 10 15 15 18 12 24 24 23 23 18 21 24 11 14 12 18 10 23 25 14 23 24 24 21 16 25 10 24 12 15 14 12 11 23 25 12 23 14 25 25 25 25 25 24 25 18 25 25 9 23 25 25 25 23 25 12 25 25 25 25 23 25 23 25 25 16 25 24 23 25 14 12 24 12 20 18 21 23 23 25 25 23 25 25 25 25 25 25 10 13 24 25 25 25 12 18 25 25 25 25 25 25 25 25 25 25 25 25 25 23 20 24 15 25 23 14 25 5 25 25 25 23 25 25 25 18 25 12 23 12 18 23 12 12 25 24 11 23 12 25 20 15 25 25 15 21 25 23 18 16 23 25 11 25 23 25 25 25 25 24 25 25 25 25 23 25 25 25 23 14 25 25 13 23 25 25 21 25 12 21 23 24 24 15 16 21 25 25 25 25 16 25 25 23 11 12 23 15 25 25
0 4 0 10 10 25 25 25 12 25 25 25 25 25 10 15 10 10 24 11 24 23 23 15 25 12 14 14 23 23 18 25 10 15 10 12 12 24 24 23 23 11 21 24 11 14 12 12 10 23 25 14 23 24 24 21 16 25 10 24 12 15 14 12 11 23 25 12 23 14 25 25 25 25 25 24 25 18 25 25 0 23 25 25 25 23 25 12 25 25 25 25 23 25 23 25 25 16 25 24 23 25 14 12 24 12 20 18 21 23 23 25 25 23 25 25 25 25 25 25 10 11 24 25 25 25 12 10 25 25 25 25 25 25 25 25 25 25 25 25 25 23 20 24 15 25 23 14 25 3 25 25 25 23 25 25 25 18 25 12 23 12 12 23 12 12 25 24 10 23 12 25 11 15 25 25 15 21 25 23 14 16 23 25 11 25 23 25 25 25 25 24 25 25 25 25 23 25 25 25 23 14 25 25 12 23 25 25 21 25 12 21 23 24 24 15 16 21 25 25 25 25 16 25 25 23 11 12 23 15 25 25
0 10 24 0 10 24 24 24 23 24 24 24 24 24 21 14 16 16 24 12 23 21 23 16 24 11 12 12 23 21 16 24 11 14 17 19 11 24 23 23 21 19 23 24 10 12 12 19 11 23 24 12 23 24 24 20 15 24 5 24 12 14 15 14 12 23 24 11 23 15 24 24 24 24 24 24 24 16 24 24 10 23 24 24 24 23 24 12 24 24 24 24 23 24 21 24 24 18 24 24 23 24 12 12 24 12 18 16 20 23 23 24 24 23 24 24 24 24 24 24 0 15 24 24 24 24 14 19 24 24 24 24 24 24 24 24 24 24 24 24 24 21 21 24 16 24 23 15 24 10 24 24 24 21 24 24 24 16 24 14 23 14 19 23 14 11 24 24 12 23 14 24 22 16 24 24 16 20 24 23 19 18 23 24 10 24 23 24 24 24 24 24 24 24 24 24 23 24 24 24 23 15 24 24 15 23 24 24 23 24 14 20 23 23 24 16 18 20 24 24 24 24 15 24 24 23 12 14 23 15 24 24
0 10 24 16 0 24 24 24 21 24 24 24 24 24 19 14 14 14 24 12 23 21 23 16 24 11 12 12 23 21 16 24 11 14 15 18 11 24 23 23 21 18 23 24 10 12 12 18 11 23 24 12 23 24 24 20 15 24 4 24 12 14 15 14 12 23 24 11 23 15 24 24 24 24 24 24 24 16 24 24 10 23 24 24 24 23 24 12 24 24 24 24 23 24 21 24 24 18 24 24 23 24 12 12 24 12 18 16 20 23 23 24 24 23 24 24 24 24 24 24 1 13 24 24 24 24 14 18 24 24 24 24 24 24 24 24 24 24 24 24 24 21 21 24 16 24 23 15 24 10 24 24 24 21 24 24 24 16 24 14 23 14 18 23 12 11 24 24 11 23 14 24 20 16 24 24 16 20 24 23 18 18 23 24 10 24 23 24 24 24 24 24 24 24 24 24 23 24 24 24 23 15 24 24 13 23 24 24 23 24 14 20 23 23 24 16 18 20 24 24 24 24 15 24 24 23 12 14 23 14 24 24
0 15 23 14 14 0 23 23 14 23 23 23 23 23 14 2 14 14 20 18 18 14 15 23 23 12 10 10 25 14 11 23 16 1 14 11 12 21 18 25 14 12 24 20 12 10 11 11 16 16 23 10 15 20 21 12 10 23 14 20 20 3 23 21 18 25 23 12 25 23 23 23 23 23 23 21 23 11 23 23 15 25 23 23 23 16 23 11 23 23 23 23 25 23 14 23 23 23 23 20 16 23 10 20 20 20 12 11 12 25 25 23 23 25 23 23 23 23 23 23 14 12 21 23 23 23 21 14 23 23 23 23 23 23 23 23 23 23 23 23 23 14 24 21 23 23 25 23 23 15 23 23 23 14 23 23 23 11 23 21 16 21 21 16 11 12 23 20 14 16 21 23 14 23 23 23 23 12 23 16 10 23 16 23 12 23 16 23 23 23 23 20 23 23 23 23 25 23 23 23 16 23 23 23 12 25 23 23 24 23 21 12 16 18 20 23 23 12 23 23 23 23 10 23 23 15 18 21 16 4 23 23
0 3 25 10 10 25 0 25 14 25 25 25 25 25 11 15 10 10 24 11 24 23 23 15 25 12 14 14 23 23 18 25 10 15 10 12 12 24 24 23 23 11 21 24 11 14 12 12 10 23 25 14 23 24 24 21 16 25 10 24 12 15 14 12 11 23 25 12 23 14 25 25 25 25 25 24 25 18 25 25 1 23 25 25 25 23 25 12 25 25 25 25 23 25 23 25 25 16 25 24 23 25 14 12 24 12 20 18 21 23 23 25 25 23 25 25 25 25 25 25 10 11 24 25 25 25 12 10 25 25 25 25 25 25 25 25 25 25 25 25 25 23 20 24 15 25 23 14 25 2 25 25 25 23 25 25 25 18 25 12 23 12 12 23 12 12 25 24 10 23 12 25 12 15 25 25 15 21 25 23 14 16 23 25 11 25 23 25 25 25 25 24 25 25 25 25 23 25 25 25 23 14 25 25 12 23 25 25 21 25 12 21 23 24 24 15 16 21 25 25 25 25 16 25 25 23 11 12 23 15 25 25
0 4 25 10 10 25 25 0 12 25 25 25 25 25 10 15 10 10 24 11 24 23 23 15 25 12 14 14 23 23 18 25 10 15 10 12 12 24 24 23 23 11 21 24 11 14 12 12 10 23 25 14 23 24 24 21 16 25 10 24 12 15 14 12 11 23 25 12 23 14 25 25 25 25 25 24 25 18 25 25 0 23 25 25 25 23 25 12 25 25 25 25 23 25 23 25 25 16 25 24 23 25 14 12 24 12 20 18 21 23 23 25 25 23 25 25 25 25 25 25 10 11 24 25 25 25 12 10 25 25 25 25 25 25 25 25 25 25 25 25 25 23 20 24 15 25 23 14 25 3 25 25 25 23 25 25 25 18 25 12 23 12 12 23 12 12 25 24 10 23 12 25 11 15 25 25 15 21 25 23 14 16 23 25 11 25 23 25 25 25 25 24 25 25 25 25 23 25 25 25 23 14 25 25 12 23 25 25 21 25 12 21 23 24 24 15 16 21 25 25 25 25 16 25 25 23 11 12 23 15 25 25
0 20 18 18 18 18 18 18 0 18 18 18 18 18 19 12 18 18 15 23 14 11 12 24 18 15 12 12 27 18 10 18 21 12 18 18 15 16 18 27 11 18 26 15 16 12 14 18 21 13 18 12 12 15 18 10 11 18 18 15 23 12 24 23 23 27 18 15 27 24 18 18 18 18 18 16 18 13 18 18 20 27 18 18 18 12 18 14 18 18 18 18 27 18 11 18 18 24 18 15 12 18 12 23 15 23 6 10 10 27 27 18 18 27 18 18 18 18 18 18 18 16 16 18 18 18 23 18 18 18 18 18 18 18 18 18 18 18 18 18 18 11 25 16 24 18 27 24 18 20 18 18 18 11 18 18 18 10 18 23 12 23 23 12 14 15 18 15 18 18 23 18 20 24 18 18 24 10 18 13 18 24 12 18 16 18 12 18 18 18 18 15 18 18 18 18 27 18 18 18 12 24 18 18 15 27 18 18 26 18 23 10 13 14 15 24 24 10 18 18 18 18 11 18 18 12 23 23 12 13 18 18
0 18 20 16 16 20 20 20 17 0 20 20 20 20 16 11 16 16 16 21 15 12 12 24 20 14 12 12 26 13 6 20 20 11 16 13 14 18 15 26 12 15 25 16 15 12 12 13 20 14 20 12 12 16 18 11 10 20 16 16 23 11 23 23 21 26 20 14 26 23 20 20 20 20 20 18 20 9 20 20 18 26 20 20 20 14 20 12 20 20 20 20 27 20 12 20 20 24 20 16 14 20 12 23 16 23 10 2 11 26 26 20 20 27 20 20 20 20 20 20 16 15 18 20 20 20 23 16 20 20 20 20 20 20 20 20 20 20 20 20 20 12 25 18 24 20 26 23 20 18 20 20 20 12 20 20 20 4 20 23 14 23 23 14 12 14 20 16 16 14 23 20 16 24 20 20 24 11 20 14 13 24 14 20 15 20 14 20 20 20 20 16 20 20 20 20 27 20 20 20 14 23 20 20 14 26 20 20 25 20 23 11 14 15 16 24 24 11 20 20 20 20 10 20 20 12 21 23 14 11 20 20
0 7 25 10 10 25 25 25 10 25 0 25 25 25 10 15 10 10 24 11 24 23 23 15 25 12 14 14 23 23 18 25 10 15 10 12 12 24 24 23 23 11 21 24 11 14 12 12 12 23 25 14 23 24 24 21 16 25 10 24 12 15 14 12 11 23 25 12 23 14 25 25 25 25 25 24 25 18 25 25 2 23 25 25 25 23 25 12 25 25 25 25 23 25 23 25 25 16 25 24 23 25 14 12 24 12 20 18 21 23 23 25 25 23 25 25 25 25 25 25 12 11 24 25 25 25 12 10 25 25 25 25 25 25 25 25 25 25 25 25 25 23 20 24 15 25 23 14 25 6 25 25 25 23 25 25 25 18 25 12 23 12 12 23 12 12 25 24 10 23 12 25 10 15 25 25 15 21 25 23 14 16 23 25 12 25 23 25 25 25 25 24 25 25 25 25 23 25 25 25 23 14 25 25 12 23 25 25 21 25 12 21 23 24 24 15 16 21 25 25 25 25 16 25 25 23 11 12 23 15 25 25
0 7 25 10 10 25 25 25 10 25 25 0 25 25 10 15 10 10 24 11 24 23 23 15 25 12 14 14 23 23 18 25 10 15 10 12 12 24 24 23 23 11 21 24 11 14 12 12 12 23 25 14 23 24 24 21 16 25 10 24 12 15 14 12 11 23 25 12 23 14 25 25 25 25 25 24 25 18 25 25 2 23 25 25 25 23 25 12 25 25 25 25 23 25 23 25 25 16 25 24 23 25 14 12 24 12 20 18 21 23 23 25 25 23 25 25 25 25 25 25 12 11 24 25 25 25 12 10 25 25 25 25 25 25 25 25 25 25 25 25 25 23 20 24 15 25 23 14 25 6 25 25 25 23 25 25 25 18 25 12 23 12 12 23 12 12 25 24 10 23 12 25 10 15 25 25 15 21 25 23 14 16 23 25 12 25 23 25 25 25 25 24 25 25 25 25 23 25 25 25 23 14 25 25 12 23 25 25 21 25 12 21 23 24 24 15 16 21 25 25 25 25 16 25 25 23 11 12 23 15 25 25
0 14 24 1 9 24 24 24 3 24 24 24 0 24 1 14 3 3 24 12 23 21 23 16 24 11 14 19 23 21 19 24 11 14 2 12 19 24 23 23 21 10 23 24 10 12 19 12 19 23 24 12 23 24 24 20 15 24 14 24 19 14 15 19 13 23 24 13 23 15 24 24 24 24 24 24 24 16 24 24 10 23 24 24 24 23 24 13 24 24 24 24 23 24 21 24 24 19 24 24 23 24 12 12 24 19 18 16 20 23 23 24 24 23 24 24 24 24 24 24 19 10 24 24 24 24 14 0 24 24 24 24 24 24 24 24 24 24 24 24 24 21 21 24 16 24 23 19 24 12 24 24 24 21 24 24 24 16 24 14 23 14 14 23 12 19 24 24 6 23 19 24 2 16 24 24 19 20 24 23 12 18 23 24 19 24 23 24 24 24 24 24 24 24 24 24 23 24 24 24 23 19 24 24 11 23 24 24 23 24 14 20 23 23 24 19 18 20 24 24 24 24 15 24 24 23 12 14 23 14 24 24
0 12 24 0 7 24 24 24 4 24 24 24 24 0 2 14 2 2 24 12 23 21 23 16 24 11 12 18 23 21 18 24 11 14 1 12 18 24 23 23 21 10 23 24 10 12 18 12 18 23 24 12 23 24 24 20 15 24 12 24 18 14 15 18 12 23 24 12 23 15 24 24 24 24 24 24 24 16 24 24 10 23 24 24 24 23 24 12 24 24 24 24 23 24 21 24 24 18 24 24 23 24 12 12 24 18 18 16 20 23 23 24 24 23 24 24 24 24 24 24 18 10 24 24 24 24 14 1 24 24 24 24 24 24 24 24 24 24 24 24 24 21 21 24 16 24 23 18 24 11 24 24 24 21 24 24 24 16 24 14 23 14 14 23 12 18 24 24 5 23 18 24 3 16 24 24 18 20 24 23 12 18 23 24 18 24 23 24 24 24 24 24 24 24 24 24 23 24 24 24 23 18 24 24 11 23 24 24 23 24 14 20 23 23 24 18 18 20 24 24 24 24 15 24 24 23 12 14 23 14 24 24
0 10 24 18 10 24 24 24 23 24 24 24 24 24 0 14 16 16 24 12 23 21 23 16 24 11 12 12 23 21 16 24 11 14 17 19 11 24 23 23 21 19 23 24 10 12 12 19 11 23 24 12 23 24 24 20 15 24 5 24 12 14 15 14 12 23 24 11 23 15 24 24 24 24 24 24 24 16 24 24 10 23 24 24 24 23 24 12 24 24 24 24 23 24 21 24 24 18 24 24 23 24 12 12 24 12 18 16 20 23 23 24 24 23 24 24 24 24 24 24 0 15 24 24 24 24 14 19 24 24 24 24 24 24 24 24 24 24 24 24 24 21 21 24 16 24 23 15 24 10 24 24 24 21 24 24 24 16 24 14 23 14 19 23 14 11 24 24 12 23 14 24 22 16 24 24 16 20 24 23 19 18 23 24 10 24 23 24 24 24 24 24 24 24 24 24 23 24 24 24 23 15 24 24 15 23 24 24 23 24 14 20 23 23 24 16 18 20 24 24 24 24 15 24 24 23 12 14 23 15 24 24
0 15 23 16 14 23 23 23 21 23 23 23 23 23 19 0 14 14 20 18 18 14 15 23 23 12 10 10 25 18 11 23 16 10 15 18 12 21 18 25 14 18 24 20 12 10 11 18 16 16 23 10 15 20 21 12 10 23 14 20 20 12 23 21 18 25 23 12 25 23 23 23 23 23 23 21 23 13 23 23 15 25 23 23 23 16 23 11 23 23 23 23 25 23 14 23 23 23 23 20 16 23 10 20 20 20 12 11 12 25 25 23 23 25 23 23 23 23 23 23 14 13 21 23 23 23 21 18 23 23 23 23 23 23 23 23 23 23 23 23 23 14 24 21 23 23 25 23 23 15 23 23 23 14 23 23 23 11 23 21 16 21 21 16 12 12 23 20 14 18 21 23 20 23 23 23 23 12 23 16 18 23 16 23 12 23 16 23 23 23 23 20 23 23 23 23 25 23 23 23 16 23 23 23 13 25 23 23 24 23 21 12 16 18 20 23 23 12 23 23 23 23 10 23 23 15 18 21 16 13 23 23
0 10 24 18 10 24 24 24 23 24 24 24 24 24 21 14 0 16 24 12 23 21 23 16 24 11 12 12 23 21 16 24 11 14 17 19 11 24 23 23 21 19 23 24 10 12 12 19 11 23 24 12 23 24 24 20 15 24 5 24 12 14 15 14 12 23 24 11 23 15 24 24 24 24 24 24 24 16 24 24 10 23 24 24 24 23 24 12 24 24 24 24 23 24 21 24 24 18 24 24 23 24 12 12 24 12 18 16 20 23 23 24 24 23 24 24 24 24 24 24 0 15 24 24 24 24 14 19 24 24 24 24 24 24 24 24 24 24 24 24 24 21 21 24 16 24 23 15 24 10 24 24 24 21 24 24 24 16 24 14 23 14 19 23 14 11 24 24 12 23 14 24 22 16 24 24 16 20 24 23 19 18 23 24 10 24 23 24 24 24 24 24 24 24 24 24 23 24 24 24 23 15 24 24 15 23 24 24 23 24 14 20 23 23 24 16 18 20 24 24 24 24 15 24 24 23 12 14 23 15 24 24
0 23 15 21 21 15 15 15 23 15 15 15 15 15 21 14 21 0 12 23 12 0 10 25 15 18 15 15 28 19 12 15 23 14 21 19 18 14 19 28 9 20 27 12 20 15 16 19 23 15 15 15 10 12 19 10 12 15 21 12 24 14 24 24 23 28 15 18 28 24 15 15 15 15 15 14 15 15 15 15 23 28 15 15 15 11 15 16 15 15 15 15 28 15 0 15 15 25 15 12 11 15 15 24 12 24 11 12 10 28 28 15 15 28 15 15 15 15 15 15 21 20 14 15 15 15 24 21 15 15 15 15 15 15 15 15 15 15 15 15 15 0 27 14 25 15 28 24 15 23 15 15 15 10 15 15 15 12 15 24 11 24 24 11 16 18 15 12 21 19 24 15 22 25 15 15 25 10 15 15 19 25 11 15 20 15 11 15 15 15 15 12 15 15 15 15 28 15 15 15 11 24 15 15 18 28 15 15 27 15 24 10 15 12 15 25 25 10 15 15 15 15 12 15 15 10 23 24 11 15 15 15
0 25 0 24 24 0 0 0 24 0 0 0 0 0 24 23 24 24 0 26 12 15 14 28 0 24 23 23 31 18 20 0 25 23 24 23 24 10 18 31 15 24 31 11 24 23 23 23 25 14 0 23 14 11 18 16 21 0 24 11 27 23 28 27 26 31 0 24 31 28 0 0 0 0 0 10 0 20 0 0 25 31 0 0 0 12 0 23 0 0 0 0 33 0 15 0 0 29 0 11 12 0 23 27 11 27 18 20 16 31 31 0 0 33 0 0 0 0 0 0 24 24 10 0 0 0 27 24 0 0 0 0 0 0 0 0 0 0 0 0 0 15 31 10 28 0 31 28 0 25 0 0 0 15 0 0 0 20 0 27 12 27 27 12 23 24 0 11 24 18 27 0 24 28 0 0 28 16 0 14 23 29 12 0 24 0 12 0 0 0 0 11 0 0 0 0 33 0 13 0 12 28 0 0 24 31 0 0 31 0 27 16 14 12 14 28 29 16 0 0 0 0 21 0 0 14 26 27 12 23 0 0
0 24 11 24 24 11 11 11 24 11 11 11 11 11 24 20 24 24 0 0 10 12 12 27 11 23 21 21 31 19 16 11 24 20 24 23 23 10 19 31 12 23 30 0 23 21 23 23 24 15 11 21 12 6 19 14 18 11 24 0 25 20 27 26 25 31 11 23 31 27 11 11 11 11 11 10 11 16 11 11 24 31 11 11 11 11 11 23 11 11 11 11 31 11 12 11 11 28 11 6 11 11 21 25 0 25 15 16 14 31 31 11 11 31 11 11 11 11 11 11 24 23 10 11 11 11 26 24 11 11 11 11 11 11 11 11 11 11 11 11 11 12 29 10 27 11 31 27 11 24 11 11 11 12 11 11 11 16 11 26 11 26 26 11 23 23 11 0 24 19 26 11 24 27 11 11 27 14 11 15 21 28 11 11 23 11 11 11 11 11 11 0 11 11 11 11 31 11 14 11 11 27 11 11 23 31 11 11 30 11 26 14 15 10 15 27 28 14 11 11 11 11 18 11 11 12 25 26 11 20 11 11
0 25 0 24 24 0 0 0 24 0 0 0 0 0 24 23 24 24 11 26 0 15 14 28 0 24 23 23 31 18 20 0 25 23 24 23 24 10 18 31 15 24 31 11 24 23 23 23 25 14 0 23 14 11 18 16 21 0 24 11 27 23 28 27 26 31 0 24 31 28 0 0 0 0 0 10 0 20 0 0 25 31 0 0 0 12 0 23 0 0 0 0 33 0 15 0 0 29 0 11 12 0 23 27 11 27 18 20 16 31 31 0 0 33 0 0 0 0 0 0 24 24 10 0 0 0 27 24 0 0 0 0 0 0 0 0 0 0 0 0 0 15 31 10 28 0 31 28 0 25 0 0 0 15 0 0 0 20 0 27 12 27 27 12 23 24 0 11 24 18 27 0 24 28 0 0 28 16 0 14 23 29 12 0 24 0 12 0 0 0 0 11 0 0 0 0 33 0 13 0 12 28 0 0 24 31 0 0 31 0 27 16 14 12 14 28 29 16 0 0 0 0 21 0 0 14 26 27 12 23 0 0
0 25 0 24 24 0 0 0 24 0 0 0 0 0 24 23 24 24 11 26 12 0 14 28 0 24 23 23 31 18 20 0 25 23 24 23 24 10 18 31 15 24 31 11 24 23 23 23 25 14 0 23 14 11 18 16 21 0 24 11 27 23 28 27 26 31 0 24 31 28 0 0 0 0 0 10 0 20 0 0 25 31 0 0 0 12 0 23 0 0 0 0 33 0 15 0 0 29 0 11 12 0 23 27 11 27 18 20 16 31 31 0 0 33 0 0 0 0 0 0 24 24 10 0 0 0 27 24 0 0 0 0 0 0 0 0 0 0 0 0 0 15 31 10 28 0 31 28 0 25 0 0 0 15 0 0 0 20 0 27 12 27 27 12 23 24 0 11 24 18 27 0 24 28 0 0 28 16 0 14 23 29 12 0 24 0 12 0 0 0 0 11 0 0 0 0 33 0 13 0 12 28 0 0 24 31 0 0 31 0 27 16 14 12 14 28 29 16 0 0 0 0 21 0 0 14 26 27 12 23 0 0
0 25 0 24 24 0 0 0 24 0 0 0 0 0 24 23 24 24 11 26 12 15 0 28 0 24 23 23 31 18 20 0 25 23 24 23 24 10 18 31 15 24 31 11 24 23 23 23 25 14 0 23 14 11 18 16 21 0 24 11 27 23 28 27 26 31 0 24 31 28 0 0 0 0 0 10 0 20 0 0 25 31 0 0 0 12 0 23 0 0 0 0 33 0 15 0 0 29 0 11 12 0 23 27 11 27 18 20 16 31 31 0 0 33 0 0 0 0 0 0 24 24 10 0 0 0 27 24 0 0 0 0 0 0 0 0 0 0 0 0 0 15 31 10 28 0 31 28 0 25 0 0 0 15 0 0 0 20 0 27 12 27 27 12 23 24 0 11 24 18 27 0 24 28 0 0 28 16 0 14 23 29 12 0 24 0 12 0 0 0 0 11 0 0 0 0 33 0 13 0 12 28 0 0 24 31 0 0 31 0 27 16 14 12 14 28 29 16 0 0 0 0 21 0 0 14 26 27 12 23 0 0
0 24 12 23 23 12 12 12 23 12 12 12 12 12 23 18 23 23 10 24 0 12 11 0 12 23 20 20 30 19 15 12 24 18 23 21 23 11 19 30 12 23 29 10 23 20 21 21 24 15 12 20 11 10 19 12 16 12 23 10 25 18 26 25 24 30 12 23 30 26 12 12 12 12 12 11 12 15 12 12 24 30 12 12 12 10 12 21 12 12 12 12 31 12 12 12 12 27 12 10 10 12 20 25 10 25 14 15 12 30 30 12 12 31 12 12 12 12 12 12 23 23 11 12 12 12 25 23 12 12 12 12 12 12 12 12 12 12 12 12 12 12 28 11 27 12 30 26 12 24 12 12 12 12 12 12 12 15 12 25 10 25 25 10 21 23 12 10 23 19 25 12 23 27 12 12 27 12 12 15 20 27 10 12 23 12 10 12 12 12 12 10 12 12 12 12 31 12 14 12 10 26 12 12 23 30 12 12 29 12 25 12 15 0 15 27 27 12 12 12 12 12 16 12 12 11 24 25 10 18 12 12
0 15 23 14 14 23 23 23 14 23 23 23 23 23 14 1 14 14 20 18 18 14 15 23 0 12 10 11 25 14 11 23 16 0 14 11 12 21 18 25 14 12 24 20 12 10 11 11 16 16 23 10 15 20 21 12 10 23 14 20 20 2 23 21 18 25 23 12 25 23 23 23 23 23 23 21 23 11 23 23 15 25 23 23 23 16 23 11 23 23 23 23 25 23 14 23 23 23 23 20 16 23 10 20 20 20 12 11 12 25 25 23 23 25 23 23 23 23 23 23 14 12 21 23 23 23 21 14 23 23 23 23 23 23 23 23 23 23 23 23 23 14 24 21 23 23 25 23 23 15 23 23 23 14 23 23 23 11 23 21 16 21 21 16 11 12 23 20 14 16 21 23 14 23 23 23 23 12 23 16 10 23 16 23 12 23 16 23 23 23 23 20 23 23 23 23 25 23 23 23 16 23 23 23 12 25 23 23 24 23 21 12 16 18 20 23 23 12 23 23 23 23 10 23 23 15 18 21 16 3 23 23
0 23 15 21 21 15 15 15 23 15 15 15 15 15 21 14 21 21 12 23 12 0 10 25 15 0 15 15 28 19 12 15 23 14 21 19 18 14 19 28 9 20 27 12 20 15 16 19 23 15 15 15 10 12 19 10 12 15 21 12 24 14 24 24 23 28 15 18 28 24 15 15 15 15 15 14 15 15 15 15 23 28 15 15 15 11 15 16 15 15 15 15 28 15 0 15 15 25 15 12 11 15 15 24 12 24 11 12 10 28 28 15 15 28 15 15 15 15 15 15 21 20 14 15 15 15 24 21 15 15 15 15 15 15 15 15 15 15 15 15 15 0 27 14 25 15 28 24 15 23 15 15 15 10 15 15 15 12 15 24 11 24 24 11 16 18 15 12 21 19 24 15 22 25 15 15 25 10 15 15 19 25 11 15 20 15 11 15 15 15 15 12 15 15 15 15 28 15 15 15 11 24 15 15 18 28 15 15 27 15 24 10 15 12 15 25 25 10 15 15 15 15 12 15 15 10 23 24 11 15 15 15
0 15 23 16 14 23 23 23 21 23 23 23 23 23 19 11 14 14 20 18 18 14 15 23 23 12 0 10 25 18 11 23 16 10 15 18 12 21 18 25 14 18 24 20 12 10 11 18 16 16 23 10 15 20 21 12 10 23 14 20 20 12 23 21 18 25 23 12 25 23 23 23 23 23 23 21 23 13 23 23 15 25 23 23 23 16 23 11 23 23 23 23 25 23 14 23 23 23 23 20 16 23 10 20 20 20 12 11 12 25 25 23 23 25 23 23 23 23 23 23 14 13 21 23 23 23 21 18 23 23 23 23 23 23 23 23 23 23 23 23 23 14 24 21 23 23 25 23 23 15 23 23 23 14 23 23 23 11 23 21 16 21 21 16 12 12 23 20 14 18 21 23 20 23 23 23 23 12 23 16 18 23 16 23 12 23 16 23 23 23 23 20 23 23 23 23 25 23 23 23 16 23 23 23 13 25 23 23 24 23 21 12 16 18 20 23 23 12 23 23 23 23 10 23 23 15 18 21 16 13 23 23
0 25 0 24 24 0 0 0 24 0 0 0 0 0 24 23 24 24 11 26 12 15 14 28 0 24 23 0 31 18 20 0 25 23 24 23 24 10 18 31 15 24 31 11 24 23 23 23 25 14 0 23 14 11 18 16 21 0 24 11 27 23 28 27 26 31 0 24 31 28 0 0 0 0 0 10 0 20 0 0 25 31 0 0 0 12 0 23 0 0 0 0 33 0 15 0 0 29 0 11 12 0 23 27 11 27 18 20 16 31 31 0 0 33 0 0 0 0 0 0 24 24 10 0 0 0 27 24 0 0 0 0 0 0 0 0 0 0 0 0 0 15 31 10 28 0 31 28 0 25 0 0 0 15 0 0 0 20 0 27 12 27 27 12 23 24 0 11 24 18 27 0 24 28 0 0 28 16 0 14 23 29 12 0 24 0 12 0 0 0 0 11 0 0 0 0 33 0 13 0 12 28 0 0 24 31 0 0 31 0 27 16 14 12 14 28 29 16 0 0 0 0 21 0 0 14 26 27 12 23 0 0
0 25 0 24 24 0 0 0 24 0 0 0 0 0 24 23 24 24 11 26 12 15 14 28 0 24 23 23 0 18 20 0 25 23 24 23 24 10 18 31 15 24 31 11 24 23 23 23 25 14 0 23 14 11 18 16 21 0 24 11 27 23 28 27 26 31 0 24 31 28 0 0 0 0 0 10 0 20 0 0 25 31 0 0 0 12 0 23 0 0 0 0 33 0 15 0 0 29 0 11 12 0 23 27 11 27 18 20 16 31 31 0 0 33 0 0 0 0 0 0 24 24 10 0 0 0 27 24 0 0 0 0 0 0 0 0 0 0 0 0 0 15 31 10 28 0 31 28 0 25 0 0 0 15 0 0 0 20 0 27 12 27 27 12 23 24 0 11 24 18 27 0 24 28 0 0 28 16 0 14 23 29 12 0 24 0 12 0 0 0 0 11 0 0 0 0 33 0 13 0 12 28 0 0 24 31 0 0 31 0 27 16 14 12 14 28 29 16 0 0 0 0 21 0 0 14 26 27 12 23 0 0
0 23 14 23 23 14 14 14 23 14 14 14 14 14 23 15 23 23 12 24 11 10 0 25 14 20 16 16 28 0 12 14 23 15 23 19 20 12 19 28 10 21 28 12 21 16 18 19 23 15 14 16 0 12 19 11 14 14 23 12 24 15 25 24 24 28 14 20 28 25 14 14 14 14 14 12 14 15 14 14 23 28 14 14 14 10 14 18 14 14 14 14 29 14 10 14 14 26 14 12 10 14 16 24 12 24 12 12 11 28 28 14 14 29 14 14 14 14 14 14 23 21 12 14 14 14 24 23 14 14 14 14 14 14 14 14 14 14 14 14 14 10 27 12 25 14 28 25 14 23 14 14 14 10 14 14 14 12 14 24 10 24 24 10 18 20 14 12 23 19 24 14 23 25 14 14 25 11 14 15 19 26 10 14 21 14 10 14 14 14 14 12 14 14 14 14 29 14 14 14 10 25 14 14 20 28 14 14 28 14 24 11 15 11 15 25 26 11 14 14 14 14 14 14 14 0 24 24 10 15 14 14
0 25 0 24 24 0 0 0 24 0 0 0 0 0 24 23 24 24 11 26 12 15 14 28 0 24 23 23 31 18 0 0 25 23 24 23 24 10 18 31 15 24 31 11 24 23 23 23 25 14 0 23 14 11 18 16 21 0 24 11 27 23 28 27 26 31 0 24 31 28 0 0 0 0 0 10 0 20 0 0 25 31 0 0 0 12 0 23 0 0 0 0 33 0 15 0 0 29 0 11 12 0 23 27 11 27 18 20 16 31 31 0 0 33 0 0 0 0 0 0 24 24 10 0 0 0 27 24 0 0 0 0 0 0 0 0 0 0 0 0 0 15 31 10 28 0 31 28 0 25 0 0 0 15 0 0 0 20 0 27 12 27 27 12 23 24 0 11 24 18 27 0 24 28 0 0 28 16 0 14 23 29 12 0 24 0 12 0 0 0 0 11 0 0 0 0 33 0 13 0 12 28 0 0 24 31 0 0 31 0 27 16 14 12 14 28 29 16 0 0 0 0 21 0 0 14 26 27 12 23 0 0
0 0 25 12 10 25 25 25 17 25 25 25 25 25 15 15 10 10 24 11 24 23 23 15 25 12 14 14 23 23 18 0 10 15 11 14 12 24 24 23 23 14 21 24 11 14 12 14 10 23 25 14 23 24 24 21 16 25 10 24 12 15 14 12 11 23 25 12 23 14 25 25 25 25 25 24 25 18 25 25 4 23 25 25 25 23 25 12 25 25 25 25 23 25 23 25 25 16 25 24 23 25 14 12 24 12 20 18 21 23 23 25 25 23 25 25 25 25 25 25 10 11 24 25 25 25 12 14 25 25 25 25 25 25 25 25 25 25 25 25 25 23 20 24 15 25 23 14 25 1 25 25 25 23 25 25 25 18 25 12 23 12 14 23 12 12 25 24 10 23 12 25 16 15 25 25 15 21 25 23 14 16 23 25 11 25 23 25 25 25 25 24 25 25 25 25 23 25 25 25 23 14 25 25 12 23 25 25 21 25 12 21 23 24 24 15 16 21 25 25 25 25 16 25 25 23 11 12 23 15 25 25
0 14 23 18 12 23 23 23 23 23 23 23 23 23 21 12 16 16 21 16 20 15 16 23 23 11 5 0 24 19 12 23 0 11 17 19 11 23 20 24 15 19 24 21 12 6 10 19 15 18 23 6 16 21 23 14 11 23 12 21 18 14 21 20 16 24 23 11 24 21 23 23 23 23 23 23 23 15 23 23 14 24 23 23 23 18 23 10 23 23 23 23 25 23 15 23 23 23 23 21 18 23 10 18 21 18 12 12 14 24 24 23 23 25 23 23 23 23 23 23 12 15 23 23 23 23 20 19 23 23 23 23 23 23 23 23 23 23 23 23 23 15 24 23 23 23 24 21 23 14 23 23 23 15 23 23 23 12 23 20 18 20 20 18 14 11 23 21 12 19 20 23 22 23 23 23 23 14 23 18 19 23 18 23 12 23 18 23 23 23 23 21 23 23 23 23 25 23 23 23 18 21 23 23 15 24 23 23 24 23 20 14 18 20 21 23 23 14 23 23 23 23 11 23 23 16 16 20 18 15 23 23
0 15 23 15 14 23 23 23 20 23 23 23 23 23 18 9 14 14 20 18 18 14 15 23 23 12 10 10 25 16 11 23 16 0 14 16 12 21 18 25 14 16 24 20 12 10 11 16 16 16 23 10 15 20 21 12 10 23 14 20 20 11 23 21 18 25 23 12 25 23 23 23 23 23 23 21 23 12 23 23 15 25 23 23 23 16 23 11 23 23 23 23 25 23 14 23 23 23 23 20 16 23 10 20 20 20 12 11 12 25 25 23 23 25 23 23 23 23 23 23 14 12 21 23 23 23 21 16 23 23 23 23 23 23 23 23 23 23 23 23 23 14 24 21 23 23 25 23 23 15 23 23 23 14 23 23 23 11 23 21 16 21 21 16 11 12 23 20 14 16 21 23 19 23 23 23 23 12 23 16 16 23 16 23 12 23 16 23 23 23 23 20 23 23 23 23 25 23 23 23 16 23 23 23 12 25 23 23 24 23 21 12 16 18 20 23 23 12 23 23 23 23 10 23 23 15 18 21 16 12 23 23
0 23 15 21 21 15 15 15 23 15 15 15 15 15 21 14 21 21 12 23 12 0 10 25 15 18 15 15 28 19 12 15 23 14 0 19 18 14 19 28 9 20 27 12 20 15 16 19 23 15 15 15 10 12 19 10 12 15 21 12 24 14 24 24 23 28 15 18 28 24 15 15 15 15 15 14 15 15 15 15 23 28 15 15 15 11 15 16 15 15 15 15 28 15 0 15 15 25 15 12 11 15 15 24 12 24 11 12 10 28 28 15 15 28 15 15 15 15 15 15 21 20 14 15 15 15 24 21 15 15 15 15 15 15 15 15 15 15 15 15 15 0 27 14 25 15 28 24 15 23 15 15 15 10 15 15 15 12 15 24 11 24 24 11 16 18 15 12 21 19 24 15 22 25 15 15 25 10 15 15 19 25 11 15 20 15 11 15 15 15 15 12 15 15 15 15 28 15 15 15 11 24 15 15 18 28 15 15 27 15 24 10 15 12 15 25 25 10 15 15 15 15 12 15 15 10 23 24 11 15 15 15
0 18 20 18 16 20 20 20 23 20 20 20 20 20 21 12 16 16 16 21 15 12 12 24 20 14 12 12 26 19 0 20 20 11 17 0 14 18 19 26 12 19 25 16 15 12 12 19 20 15 20 12 12 16 19 11 10 20 16 16 23 14 23 23 21 26 20 14 26 23 20 20 20 20 20 18 20 15 20 20 18 26 20 20 20 14 20 12 20 20 20 20 27 20 12 20 20 24 20 16 14 20 12 23 16 23 10 8 11 26 26 20 20 27 20 20 20 20 20 20 16 15 18 20 20 20 23 19 20 20 20 20 20 20 20 20 20 20 20 20 20 12 25 18 24 20 26 23 20 18 20 20 20 12 20 20 20 10 20 23 14 23 23 14 14 14 20 16 16 19 23 20 22 24 20 20 24 11 20 15 19 24 14 20 15 20 14 20 20 20 20 16 20 20 20 20 27 20 20 20 14 23 20 20 15 26 20 20 25 20 23 11 15 15 16 24 24 11 20 20 20 20 10 20 20 12 21 23 14 15 20 20
0 25 0 24 24 0 0 0 24 0 0 0 0 0 24 23 24 24 11 26 12 15 14 28 0 24 23 23 31 18 20 0 25 23 24 23 0 10 18 31 15 24 31 11 24 23 23 23 25 14 0 23 14 11 18 16 21 0 24 11 27 23 28 27 26 31 0 24 31 28 0 0 0 0 0 10 0 20 0 0 25 31 0 0 0 12 0 23 0 0 0 0 33 0 15 0 0 29 0 11 12 0 23 27 11 27 18 20 16 31 31 0 0 33 0 0 0 0 0 0 24 24 10 0 0 0 27 24 0 0 0 0 0 0 0 0 0 0 0 0 0 15 31 10 28 0 31 28 0 25 0 0 0 15 0 0 0 20 0 27 12 27 27 12 23 24 0 11 24 18 27 0 24 28 0 0 28 16 0 14 23 29 12 0 24 0 12 0 0 0 0 11 0 0 0 0 33 0 13 0 12 28 0 0 24 31 0 0 31 0 27 16 14 12 14 28 29 16 0 0 0 0 21 0 0 14 26 27 12 23 0 0
0 25 0 24 24 0 0 0 24 0 0 0 0 0 24 23 24 24 11 26 12 15 14 28 0 24 23 23 31 18 20 0 25 23 24 23 24 0 18 31 15 24 31 11 24 23 23 23 25 14 0 23 14 11 18 16 21 0 24 11 27 23 28 27 26 31 0 24 31 28 0 0 0 0 0 10 0 20 0 0 25 31 0 0 0 12 0 23 0 0 0 0 33 0 15 0 0 29 0 11 12 0 23 27 11 27 18 20 16 31 31 0 0 33 0 0 0 0 0 0 24 24 10 0 0 0 27 24 0 0 0 0 0 0 0 0 0 0 0 0 0 15 31 10 28 0 31 28 0 25 0 0 0 15 0 0 0 20 0 27 12 27 27 12 23 24 0 11 24 18 27 0 24 28 0 0 28 16 0 14 23 29 12 0 24 0 12 0 0 0 0 11 0 0 0 0 33 0 13 0 12 28 0 0 24 31 0 0 31 0 27 16 14 12 14 28 29 16 0 0 0 0 21 0 0 14 26 27 12 23 0 0
0 23 31 23 23 31 31 31 23 31 31 31 31 31 23 25 23 23 31 20 30 28 28 14 31 24 24 24 0 28 26 31 21 25 23 24 24 31 0 10 28 23 10 31 23 24 24 24 21 29 31 24 28 31 31 27 25 31 23 31 18 25 15 16 20 0 31 24 0 15 31 31 31 31 31 31 31 26 31 31 23 0 31 31 31 29 31 24 31 31 31 31 15 31 28 31 31 12 31 31 29 31 24 18 31 18 27 26 27 15 0 31 31 10 31 31 31 31 31 31 23 23 31 31 31 31 16 23 31 31 31 31 31 31 31 31 31 31 31 31 31 28 15 31 14 31 0 15 31 23 31 31 31 28 31 31 31 26 31 16 29 16 19 29 24 24 31 31 23 29 16 31 23 14 31 31 14 27 31 29 24 12 29 31 23 31 29 31 31 31 31 31 31 31 31 31 10 31 31 31 29 15 31 31 24 0 31 31 15 31 16 27 29 30 31 14 15 27 31 31 31 31 25 31 31 28 20 16 29 25 31 31
0 24 10 24 24 10 10 10 24 10 10 10 10 10 24 21 24 24 10 25 11 14 12 28 10 23 23 23 31 19 18 10 25 21 24 23 23 0 19 0 14 24 31 10 24 23 23 23 25 15 10 23 12 10 19 15 20 10 24 10 26 21 27 27 25 31 10 23 31 27 10 10 10 10 10 0 10 18 10 10 24 31 10 10 10 12 10 23 10 10 10 10 31 10 14 10 10 28 10 10 12 10 23 26 10 26 16 18 15 31 31 10 10 31 10 10 10 10 10 10 24 24 0 10 10 10 27 24 10 10 10 10 10 10 10 10 10 10 10 10 10 14 30 0 28 10 31 27 10 24 10 10 10 14 10 10 10 18 10 27 12 27 27 12 23 23 10 10 24 19 27 10 24 28 10 10 28 15 10 15 23 28 12 10 24 10 12 10 10 10 10 10 10 10 10 10 31 10 14 10 12 27 10 10 23 31 10 10 31 10 27 15 15 11 15 28 28 15 10 10 10 10 20 10 10 12 25 27 12 21 10 10
0 21 16 20 20 16 16 16 20 16 16 16 16 16 20 12 20 20 14 23 12 10 11 24 16 16 14 14 27 16 11 16 23 12 20 16 16 15 16 27 0 18 27 14 18 14 15 16 23 12 16 14 11 14 16 3 12 16 20 14 23 12 24 24 23 27 16 16 27 24 16 16 16 16 16 15 16 12 16 16 21 27 16 16 16 12 16 15 16 16 16 16 28 16 10 16 16 25 16 14 12 16 14 23 14 23 10 11 2 27 27 16 16 28 16 16 16 16 16 16 20 18 15 16 16 16 24 20 16 16 16 16 16 16 16 16 16 16 16 16 16 10 26 15 24 16 27 24 16 21 16 16 16 10 16 16 16 11 16 24 12 24 24 12 15 16 16 14 20 16 24 16 20 24 16 16 24 3 16 12 16 25 12 16 18 16 12 16 16 16 16 14 16 16 16 16 28 16 16 16 12 24 16 16 16 27 16 16 27 16 24 3 12 12 14 24 25 3 16 16 16 16 12 16 16 11 23 24 12 12 16 16
0 12 24 18 11 24 24 24 23 24 24 24 24 24 21 12 16 16 23 14 23 18 20 20 24 10 11 11 24 19 14 24 12 12 17 19 0 23 23 24 18 0 23 23 10 11 10 19 12 21 24 11 20 23 23 16 12 24 11 23 15 14 18 16 14 24 24 6 24 18 24 24 24 24 24 23 24 15 24 24 12 24 24 24 24 21 24 10 24 24 24 24 24 24 18 24 24 21 24 23 21 24 11 15 23 15 15 14 16 24 24 24 24 24 24 24 24 24 24 24 11 15 23 24 24 24 16 19 24 24 24 24 24 24 24 24 24 24 24 24 24 18 23 23 20 24 24 18 24 12 24 24 24 18 24 24 24 14 24 16 21 16 19 21 14 0 24 23 12 21 16 24 22 20 24 24 20 16 24 21 19 21 21 24 10 24 21 24 24 24 24 23 24 24 24 24 24 24 24 24 21 18 24 24 15 24 24 24 23 24 16 16 21 23 23 20 21 16 24 24 24 24 12 24 24 20 14 16 21 15 24 24
0 23 33 23 23 33 33 33 23 33 33 33 33 33 23 25 23 23 31 21 31 28 29 15 33 24 25 25 10 28 27 33 23 25 23 24 24 31 31 10 28 24 0 31 24 25 24 24 23 30 33 25 29 31 31 28 26 33 23 31 20 25 16 18 21 10 33 24 10 16 33 33 33 33 33 31 33 27 33 33 23 10 33 33 33 30 33 24 33 33 33 33 15 33 28 33 33 14 33 31 30 33 25 20 31 20 27 27 28 15 10 33 33 6 33 33 33 33 33 33 23 24 31 33 33 33 18 23 33 33 33 33 33 33 33 33 33 33 33 33 33 28 15 31 15 33 10 16 33 23 33 33 33 28 33 33 33 27 33 18 30 18 19 30 24 24 33 31 23 30 18 33 23 15 33 33 15 28 33 30 25 14 30 33 24 33 30 33 33 33 33 31 33 33 33 33 0 33 33 33 30 16 33 33 24 10 33 33 15 33 18 28 30 31 31 15 15 28 33 33 33 33 26 33 33 29 21 18 30 25 33 33
0 18 20 16 16 20 20 20 16 20 20 20 20 20 16 11 16 16 16 21 15 15 15 24 20 14 12 15 26 12 15 20 20 11 16 12 15 18 15 26 12 15 25 0 15 12 15 12 20 14 20 12 15 16 18 15 10 20 16 16 23 11 23 23 21 26 20 14 26 23 20 20 20 20 20 18 20 0 20 20 18 26 20 20 20 15 20 12 20 20 20 20 27 20 15 20 20 24 20 16 15 20 12 23 16 23 10 6 11 26 26 20 20 27 20 20 20 20 20 20 16 15 18 20 20 20 23 16 20 20 20 20 20 20 20 20 20 20 20 20 20 15 25 18 24 20 26 23 20 18 20 20 20 12 20 20 20 4 20 23 15 23 23 15 12 15 20 16 16 14 23 20 16 24 20 20 24 15 20 14 12 24 15 20 15 20 14 20 20 20 20 16 20 20 20 20 27 20 20 20 14 23 20 20 14 26 20 20 25 20 23 15 14 15 16 24 24 15 20 20 20 20 10 20 20 15 21 23 15 11 20 20
0 24 11 24 24 11 11 11 24 11 11 11 11 11 24 20 24 24 0 25 10 12 12 27 11 23 21 21 31 19 16 11 24 20 24 23 23 10 19 31 12 23 30 0 0 21 23 23 24 15 11 21 12 6 19 14 18 11 24 0 25 20 27 26 25 31 11 23 31 27 11 11 11 11 11 10 11 16 11 11 24 31 11 11 11 11 11 23 11 11 11 11 31 11 12 11 11 28 11 6 11 11 21 25 0 25 15 16 14 31 31 11 11 31 11 11 11 11 11 11 24 23 10 11 11 11 26 24 11 11 11 11 11 11 11 11 11 11 11 11 11 12 29 10 27 11 31 27 11 24 11 11 11 12 11 11 11 16 11 26 11 26 26 11 23 23 11 0 24 19 26 11 24 27 11 11 27 14 11 15 21 28 11 11 23 11 11 11 11 11 11 0 11 11 11 11 31 11 14 11 11 27 11 11 23 31 11 11 30 11 26 14 15 10 15 27 28 14 11 11 11 11 18 11 11 12 25 26 11 20 11 11
0 15 23 16 14 23 23 23 21 23 23 23 23 23 19 11 14 14 20 18 18 14 15 23 23 12 10 10 25 18 11 23 16 10 15 18 12 21 18 25 14 18 24 20 12 0 11 18 16 16 23 10 15 20 21 12 10 23 14 20 20 12 23 21 18 25 23 12 25 23 23 23 23 23 23 21 23 13 23 23 15 25 23 23 23 16 23 11 23 23 23 23 25 23 14 23 23 23 23 20 16 23 10 20 20 20 12 11 12 25 25 23 23 25 23 23 23 23 23 23 14 13 21 23 23 23 21 18 23 23 23 23 23 23 23 23 23 23 23 23 23 14 24 21 23 23 25 23 23 15 23 23 23 14 23 23 23 11 23 21 16 21 21 16 12 12 23 20 14 18 21 23 20 23 23 23 23 12 23 16 18 23 16 23 12 23 16 23 23 23 23 20 23 23 23 23 25 23 23 23 16 23 23 23 13 25 23 23 24 23 21 12 16 18 20 23 23 12 23 23 23 23 10 23 23 15 18 21 16 13 23 23
0 25 0 24 24 0 0 0 24 0 0 0 0 0 24 23 24 24 11 26 12 15 14 28 0 24 23 23 31 18 20 0 25 23 24 23 24 10 18 31 15 24 31 11 24 23 0 23 25 14 0 23 14 11 18 16 21 0 24 11 27 23 28 27 26 31 0 24 31 28 0 0 0 0 0 10 0 20 0 0 25 31 0 0 0 12 0 23 0 0 0 0 33 0 15 0 0 29 0 11 12 0 23 27 11 27 18 20 16 31 31 0 0 33 0 0 0 0 0 0 24 24 10 0 0 0 27 24 0 0 0 0 0 0 0 0 0 0 0 0 0 15 31 10 28 0 31 28 0 25 0 0 0 15 0 0 0 20 0 27 12 27 27 12 23 24 0 11 24 18 27 0 24 28 0 0 28 16 0 14 23 29 12 0 24 0 12 0 0 0 0 11 0 0 0 0 33 0 13 0 12 28 0 0 24 31 0 0 31 0 27 16 14 12 14 28 29 16 0 0 0 0 21 0 0 14 26 27 12 23 0 0
0 12 23 18 12 23 23 23 23 23 23 23 23 23 21 12 16 16 23 15 21 16 18 21 23 10 10 10 24 19 12 23 14 11 17 19 10 23 21 24 16 19 24 23 11 10 0 0 14 20 23 10 18 23 23 15 12 23 12 23 16 14 20 18 15 24 23 10 24 20 23 23 23 23 23 23 23 15 23 23 12 24 23 23 23 20 23 6 23 23 23 23 24 23 16 23 23 23 23 23 20 23 10 16 23 16 14 12 15 24 24 23 23 24 23 23 23 23 23 23 12 15 23 23 23 23 18 19 23 23 23 23 23 23 23 23 23 23 23 23 23 16 23 23 21 23 24 20 23 12 23 23 23 16 23 23 23 12 23 18 20 18 19 20 14 10 23 23 12 20 18 23 22 21 23 23 21 15 23 20 19 23 20 23 11 23 20 23 23 23 23 23 23 23 23 23 24 23 23 23 20 20 23 23 15 24 23 23 24 23 18 15 20 21 23 21 23 15 23 23 23 23 12 23 23 18 15 18 20 15 23 23
0 25 0 24 24 0 0 0 24 0 0 0 0 0 24 23 24 24 11 26 12 15 14 28 0 24 23 23 31 18 20 0 25 23 24 23 24 10 18 31 15 24 31 11 24 23 23 23 0 14 0 23 14 11 18 16 21 0 24 11 27 23 28 27 26 31 0 24 31 28 0 0 0 0 0 10 0 20 0 0 25 31 0 0 0 12 0 23 0 0 0 0 33 0 15 0 0 29 0 11 12 0 23 27 11 27 18 20 16 31 31 0 0 33 0 0 0 0 0 0 24 24 10 0 0 0 27 24 0 0 0 0 0 0 0 0 0 0 0 0 0 15 31 10 28 0 31 28 0 25 0 0 0 15 0 0 0 20 0 27 12 27 27 12 23 24 0 11 24 18 27 0 24 28 0 0 28 16 0 14 23 29 12 0 24 0 12 0 0 0 0 11 0 0 0 0 33 0 13 0 12 28 0 0 24 31 0 0 31 0 27 16 14 12 14 28 29 16 0 0 0 0 21 0 0 14 26 27 12 23 0 0
0 10 25 18 11 25 25 25 23 25 25 25 25 25 21 16 16 16 24 10 24 23 23 14 25 12 15 15 21 23 20 25 10 16 17 19 12 25 24 21 23 19 20 24 12 15 14 19 0 0 25 15 23 24 25 23 18 25 11 24 11 16 12 12 10 21 25 12 21 15 25 25 25 25 25 25 25 20 25 25 10 21 25 25 25 24 25 14 25 25 25 25 23 25 23 25 25 15 25 24 24 25 15 11 24 11 21 20 23 21 21 25 25 23 25 25 25 25 25 25 11 15 25 25 25 25 12 19 25 25 25 25 25 25 25 25 25 25 25 25 25 23 18 25 14 25 21 12 25 10 25 25 25 23 25 25 25 20 25 12 24 12 19 24 14 12 25 24 12 24 12 25 22 14 25 25 14 23 25 24 19 15 24 25 12 25 24 25 25 25 25 24 25 25 25 25 23 25 25 25 24 12 25 25 15 21 25 25 20 25 12 23 24 24 24 14 15 23 25 25 25 25 18 25 25 23 10 12 24 16 25 25
0 10 24 7 0 24 24 24 12 24 24 24 24 24 10 14 5 5 24 12 23 21 23 16 24 11 12 12 23 21 16 24 11 14 6 12 11 24 23 23 21 10 23 24 10 12 12 12 11 23 0 12 23 24 24 20 15 24 4 24 12 14 15 14 12 23 24 11 23 15 24 24 24 24 24 24 24 16 24 24 10 23 24 24 24 23 24 12 24 24 24 24 23 24 21 24 24 18 24 24 23 24 12 12 24 12 18 16 20 23 23 24 24 23 24 24 24 24 24 24 10 10 24 24 24 24 14 9 24 24 24 24 24 24 24 24 24 24 24 24 24 21 21 24 16 24 23 15 24 10 24 24 24 21 24 24 24 16 24 14 23 14 14 23 12 11 24 24 2 23 14 24 11 16 24 24 16 20 24 23 12 18 23 24 10 24 23 24 24 24 24 24 24 24 24 24 23 24 24 24 23 15 24 24 11 23 24 24 23 24 14 20 23 23 24 16 18 20 24 24 24 24 15 24 24 23 12 14 23 14 24 24
0 15 23 16 14 23 23 23 21 23 23 23 23 23 19 11 14 14 20 18 18 14 15 23 23 12 10 10 25 18 11 23 16 10 15 18 12 21 18 25 14 18 24 20 12 10 11 18 16 16 23 0 15 20 21 12 10 23 14 20 20 12 23 21 18 25 23 12 25 23 23 23 23 23 23 21 23 13 23 23 15 25 23 23 23 16 23 11 23 23 23 23 25 23 14 23 23 23 23 20 16 23 10 20 20 20 12 11 12 25 25 23 23 25 23 23 23 23 23 23 14 13 21 23 23 23 21 18 23 23 23 23 23 23 23 23 23 23 23 23 23 14 24 21 23 23 25 23 23 15 23 23 23 14 23 23 23 11 23 21 16 21 21 16 12 12 23 20 14 18 21 23 20 23 23 23 23 12 23 16 18 23 16 23 12 23 16 23 23 23 23 20 23 23 23 23 25 23 23 23 16 23 23 23 13 25 23 23 24 23 21 12 16 18 20 23 23 12 23 23 23 23 10 23 23 15 18 21 16 13 23 23
0 15 23 14 14 23 23 23 14 23 23 23 23 23 14 2 14 14 20 18 18 15 15 23 23 12 10 15 25 14 15 23 16 3 14 11 15 21 18 25 14 12 24 20 12 10 15 11 16 16 23 10 0 20 21 15 10 23 14 20 20 0 23 21 18 25 23 12 25 23 23 23 23 23 23 21 23 11 23 23 15 25 23 23 23 16 23 11 23 23 23 23 25 23 15 23 23 23 23 20 16 23 10 20 20 20 12 11 12 25 25 23 23 25 23 23 23 23 23 23 15 12 21 23 23 23 21 14 23 23 23 23 23 23 23 23 23 23 23 23 23 15 24 21 23 23 25 23 23 15 23 23 23 14 23 23 23 11 23 21 16 21 21 16 11 15 23 20 14 16 21 23 14 23 23 23 23 15 23 16 10 23 16 23 15 23 16 23 23 23 23 20 23 23 23 23 25 23 23 23 16 23 23 23 12 25 23 23 24 23 21 15 16 18 20 23 23 15 23 23 23 23 10 23 23 15 18 21 16 0 23 23
0 23 14 23 23 14 14 14 23 14 14 14 14 14 23 15 23 23 12 24 11 10 0 25 14 20 16 16 28 19 12 14 23 15 23 19 20 12 19 28 10 21 28 12 21 16 18 19 23 15 14 16 0 0 19 11 14 14 23 12 24 15 25 24 24 28 14 20 28 25 14 14 14 14 14 12 14 15 14 14 23 28 14 14 14 10 14 18 14 14 14 14 29 14 10 14 14 26 14 12 10 14 16 24 12 24 12 12 11 28 28 14 14 29 14 14 14 14 14 14 23 21 12 14 14 14 24 23 14 14 14 14 14 14 14 14 14 14 14 14 14 10 27 12 25 14 28 25 14 23 14 14 14 10 14 14 14 12 14 24 10 24 24 10 18 20 14 12 23 19 24 14 23 25 14 14 25 11 14 15 19 26 10 14 21 14 10 14 14 14 14 12 14 14 14 14 29 14 14 14 10 25 14 14 20 28 14 14 28 14 24 11 15 11 15 25 26 11 14 14 14 14 14 14 14 0 24 24 10 15 14 14
0 23 33 23 23 33 33 33 23 33 33 33 33 33 23 25 23 23 31 21 31 28 29 15 33 24 25 25 10 28 27 33 23 25 23 24 24 31 31 10 28 24 11 31 24 25 24 24 23 30 33 25 29 31 0 28 26 33 23 31 20 25 16 18 21 10 33 24 10 16 33 33 33 33 33 31 33 27 33 33 23 10 33 33 33 30 33 24 33 33 33 33 15 33 28 33 33 14 33 31 30 33 25 20 31 20 27 27 28 15 10 33 33 6 33 33 33 33 33 33 23 24 31 33 33 33 18 23 33 33 33 33 33 33 33 33 33 33 33 33 33 28 15 31 15 33 10 16 33 23 33 33 33 28 33 33 33 27 33 18 30 18 19 30 24 24 33 31 23 30 18 33 23 15 33 33 15 28 33 30 25 14 30 33 24 33 30 33 33 33 33 31 33 33 33 33 0 33 33 33 30 16 33 33 24 10 33 33 15 33 18 28 30 31 31 15 15 28 33 33 33 33 26 33 33 29 21 18 30 25 33 33
0 24 11 24 24 11 11 11 24 11 11 11 11 11 24 20 24 24 6 25 10 12 12 27 11 23 21 21 31 13 16 11 24 20 24 23 23 10 13 31 12 23 30 6 23 21 23 23 24 11 11 21 12 0 13 0 18 11 24 6 25 20 27 26 25 31 11 23 31 27 11 11 11 11 11 10 11 16 11 11 24 31 11 11 11 11 11 23 11 11 11 11 31 11 12 11 11 28 11 0 11 11 21 25 6 25 15 16 14 31 31 11 11 31 11 11 11 11 11 11 24 23 10 11 11 11 26 24 11 11 11 11 11 11 11 11 11 11 11 11 11 12 29 10 27 11 31 27 11 24 11 11 11 12 11 11 11 16 11 26 11 26 26 11 23 23 11 6 24 13 26 11 24 27 11 11 27 14 11 11 21 28 11 11 23 11 11 11 11 11 11 6 11 11 11 11 31 11 11 11 11 27 11 11 23 31 11 11 30 11 26 14 11 10 9 27 28 14 11 11 11 11 18 11 11 12 25 26 11 20 11 11
0 15 23 16 14 23 23 23 21 23 23 23 23 23 19 11 14 14 20 18 18 14 15 23 23 12 10 10 25 18 11 23 16 10 15 18 12 21 18 25 14 18 24 20 12 10 11 18 16 16 23 10 15 20 21 12 0 23 14 20 20 12 23 21 18 25 23 12 25 23 23 23 23 23 23 21 23 13 23 23 15 25 23 23 23 16 23 11 23 23 23 23 25 23 14 23 23 23 23 20 16 23 10 20 20 20 12 11 12 25 25 23 23 25 23 23 23 23 23 23 14 13 21 23 23 23 21 18 23 23 23 23 23 23 23 23 23 23 23 23 23 14 24 21 23 23 25 23 23 15 23 23 23 14 23 23 23 11 23 21 16 21 21 16 12 12 23 20 14 18 21 23 20 23 23 23 23 12 23 16 18 23 16 23 12 23 16 23 23 23 23 20 23 23 23 23 25 23 23 23 16 23 23 23 13 25 23 23 24 23 21 12 16 18 20 23 23 12 23 23 23 23 10 23 23 15 18 21 16 13 23 23
0 14 23 12 12 23 23 23 17 23 23 23 23 23 15 10 12 12 21 16 20 15 16 23 23 11 0 6 24 15 12 23 15 10 12 13 11 23 20 24 15 13 24 21 12 0 10 13 15 18 23 0 16 21 23 14 11 0 12 21 18 10 21 20 16 24 23 11 24 21 23 23 23 23 23 23 23 12 23 23 14 24 23 23 23 18 23 10 23 23 23 23 25 23 15 23 23 23 23 21 18 23 4 18 21 18 12 12 14 24 24 23 23 25 23 23 23 23 23 23 12 12 23 23 23 23 20 13 23 23 23 23 23 23 23 23 23 23 23 23 23 15 24 23 23 23 24 21 23 14 23 23 23 15 23 23 23 12 23 20 18 20 20 18 10 11 23 21 12 18 20 23 16 23 23 23 23 14 23 18 13 23 18 23 12 23 18 23 23 23 23 21 23 23 23 23 25 23 23 23 18 21 23 23 11 24 23 23 24 23 20 14 18 20 21 23 23 14 23 23 23 23 11 23 23 16 16 20 18 10 23 23
0 21 16 20 20 16 16 16 21 16 16 16 16 16 20 12 20 20 14 23 12 10 11 24 16 16 14 14 27 18 11 16 23 12 20 18 16 15 18 27 10 18 27 14 18 14 15 18 23 13 16 14 11 14 18 1 12 16 0 14 23 12 24 24 23 27 16 16 27 24 16 16 16 16 16 15 16 13 16 16 21 27 16 16 16 12 16 15 16 16 16 16 28 16 10 16 16 25 16 14 12 16 14 23 14 23 10 11 4 27 27 16 16 28 16 16 16 16 16 16 20 18 15 16 16 16 24 20 16 16 16 16 16 16 16 16 16 16 16 16 16 10 26 15 24 16 27 24 16 21 16 16 16 10 16 16 16 11 16 24 12 24 24 12 15 16 16 14 20 18 24 16 20 24 16 16 24 1 16 13 18 25 12 16 18 16 12 16 16 16 16 14 16 16 16 16 28 16 16 16 12 24 16 16 16 27 16 16 27 16 24 1 13 12 14 24 25 1 16 16 16 16 12 16 16 11 23 24 12 13 16 16
0 25 0 24 24 0 0 0 24 0 0 0 0 0 24 23 24 24 11 26 12 15 14 28 0 24 23 23 31 18 20 0 25 23 24 23 24 10 18 31 15 24 31 11 24 23 23 23 25 14 0 23 14 11 18 16 21 0 24 0 27 23 28 27 26 31 0 24 31 28 0 0 0 0 0 10 0 20 0 0 25 31 0 0 0 12 0 23 0 0 0 0 33 0 15 0 0 29 0 11 12 0 23 27 11 27 18 20 16 31 31 0 0 33 0 0 0 0 0 0 24 24 10 0 0 0 27 24 0 0 0 0 0 0 0 0 0 0 0 0 0 15 31 10 28 0 31 28 0 25 0 0 0 15 0 0 0 20 0 27 12 27 27 12 23 24 0 11 24 18 27 0 24 28 0 0 28 16 0 14 23 29 12 0 24 0 12 0 0 0 0 11 0 0 0 0 33 0 13 0 12 28 0 0 24 31 0 0 31 0 27 16 14 12 14 28 29 16 0 0 0 0 21 0 0 14 26 27 12 23 0 0
0 25 0 24 24 0 0 0 24 0 0 0 0 0 24 23 24 24 11 26 12 15 14 28 0 24 23 23 31 18 20 0 25 23 24 23 24 10 18 31 15 24 31 11 24 23 23 23 25 14 0 23 14 11 18 16 21 0 24 11 0 23 28 27 26 31 0 24 31 28 0 0 0 0 0 10 0 20 0 0 25 31 0 0 0 12 0 23 0 0 0 0 33 0 15 0 0 29 0 11 12 0 23 27 11 27 18 20 16 31 31 0 0 33 0 0 0 0 0 0 24 24 10 0 0 0 27 24 0 0 0 0 0 0 0 0 0 0 0 0 0 15 31 10 28 0 31 28 0 25 0 0 0 15 0 0 0 20 0 27 12 27 27 12 23 24 0 11 24 18 27 0 24 28 0 0 28 16 0 14 23 29 12 0 24 0 12 0 0 0 0 11 0 0 0 0 33 0 13 0 12 28 0 0 24 31 0 0 31 0 27 16 14 12 14 28 29 16 0 0 0 0 21 0 0 14 26 27 12 23 0 0
0 24 11 24 24 11 11 11 24 11 11 11 11 11 24 20 24 24 0 25 10 12 12 27 11 23 21 21 31 19 16 11 24 20 24 23 23 10 19 31 12 23 30 0 23 21 23 23 24 15 11 21 12 6 19 14 18 11 24 0 25 0 27 26 25 31 11 23 31 27 11 11 11 11 11 10 11 16 11 11 24 31 11 11 11 11 11 23 11 11 11 11 31 11 12 11 11 28 11 6 11 11 21 25 0 25 15 16 14 31 31 11 11 31 11 11 11 11 11 11 24 23 10 11 11 11 26 24 11 11 11 11 11 11 11 11 11 11 11 11 11 12 29 10 27 11 31 27 11 24 11 11 11 12 11 11 11 16 11 26 11 26 26 11 23 23 11 0 24 19 26 11 24 27 11 11 27 14 11 15 21 28 11 11 23 11 11 11 11 11 11 0 11 11 11 11 31 11 14 11 11 27 11 11 23 31 11 11 30 11 26 14 15 10 15 27 28 14 11 11 11 11 18 11 11 12 25 26 11 20 11 11
0 12 27 18 12 27 27 27 23 27 27 27 27 27 21 20 16 16 25 10 25 24 24 12 27 15 18 18 18 24 23 27 11 20 17 19 15 26 25 18 24 19 16 25 14 18 16 19 11 24 27 18 24 25 26 23 21 27 12 25 0 20 0 10 10 18 27 15 18 15 27 27 27 27 27 26 27 23 27 27 12 18 27 27 27 24 27 16 27 27 27 27 20 27 24 27 27 12 27 25 24 27 18 10 25 0 23 23 23 18 18 27 27 20 27 27 27 27 27 27 12 15 26 27 27 27 10 19 27 27 27 27 27 27 27 27 27 27 27 27 27 24 15 26 12 27 18 11 27 12 27 27 27 24 27 27 27 23 27 10 24 12 19 24 16 15 27 25 12 24 10 27 22 12 27 27 12 23 27 24 19 12 24 27 14 27 24 27 27 27 27 25 27 27 27 27 20 27 27 27 24 11 27 27 15 18 27 27 16 27 12 23 24 25 25 12 15 23 27 27 27 27 21 27 27 24 10 10 24 20 27 27
0 14 27 14 14 27 27 27 14 27 27 27 27 27 14 21 14 14 26 11 25 24 24 11 27 16 20 20 19 24 23 27 12 21 14 18 19 27 25 16 24 15 15 26 15 20 19 18 19 25 27 20 24 26 27 24 23 27 14 26 19 21 13 0 13 19 27 16 19 10 27 27 27 27 27 27 27 23 27 27 12 19 27 27 27 25 27 18 27 27 27 27 18 27 24 27 27 19 27 26 25 27 20 10 26 19 23 23 24 16 19 27 27 18 27 27 27 27 27 27 19 15 27 27 27 27 11 14 27 27 27 27 27 27 27 27 27 27 27 27 27 24 14 27 13 27 19 19 27 12 27 27 27 24 27 27 27 23 27 10 25 6 0 25 18 19 27 26 14 25 19 27 14 11 27 27 19 24 27 25 20 12 25 27 19 27 25 27 27 27 27 26 27 27 27 27 19 27 27 27 25 19 27 27 16 19 27 27 15 27 6 24 25 25 26 19 12 24 27 27 27 27 23 27 27 24 11 14 25 21 27 27
0 12 27 18 14 27 27 27 23 27 27 27 27 27 21 21 16 16 26 11 25 24 24 11 27 16 20 20 16 24 23 27 12 21 17 19 16 27 25 16 24 19 15 26 15 20 18 19 12 25 27 20 24 26 27 24 23 27 14 26 10 21 10 0 0 16 27 16 16 15 27 27 27 27 27 27 27 23 27 27 12 16 27 27 27 25 27 18 27 27 27 27 18 27 24 27 27 12 27 26 25 27 20 10 26 10 23 23 24 16 16 27 27 18 27 27 27 27 27 27 14 15 27 27 27 27 8 19 27 27 27 27 27 27 27 27 27 27 27 27 27 24 15 27 11 27 16 10 27 12 27 27 27 24 27 27 27 23 27 9 25 12 19 25 18 16 27 26 14 25 0 27 22 11 27 27 11 24 27 25 20 12 25 27 15 27 25 27 27 27 27 26 27 27 27 27 18 27 27 27 25 10 27 27 16 16 27 27 15 27 12 24 25 25 26 11 15 24 27 27 27 27 23 27 27 24 11 5 25 21 27 27
0 25 0 24 24 0 0 0 24 0 0 0 0 0 24 23 24 24 11 26 12 15 14 28 0 24 23 23 31 18 20 0 25 23 24 23 24 10 18 31 15 24 31 11 24 23 23 23 25 14 0 23 14 11 18 16 21 0 24 11 27 23 28 27 26 0 0 24 31 28 0 0 0 0 0 10 0 20 0 0 25 31 0 0 0 12 0 23 0 0 0 0 33 0 15 0 0 29 0 11 12 0 23 27 11 27 18 20 16 31 31 0 0 33 0 0 0 0 0 0 24 24 10 0 0 0 27 24 0 0 0 0 0 0 0 0 0 0 0 0 0 15 31 10 28 0 31 28 0 25 0 0 0 15 0 0 0 20 0 27 12 27 27 12 23 24 0 11 24 18 27 0 24 28 0 0 28 16 0 14 23 29 12 0 24 0 12 0 0 0 0 11 0 0 0 0 33 0 13 0 12 28 0 0 24 31 0 0 31 0 27 16 14 12 14 28 29 16 0 0 0 0 21 0 0 14 26 27 12 23 0 0
0 0 25 12 10 25 25 25 17 25 25 25 25 25 15 15 10 10 24 11 24 23 23 15 25 12 14 14 23 23 18 25 10 15 11 14 12 24 24 23 23 14 21 24 11 14 12 14 10 23 25 14 23 24 24 21 16 25 10 24 12 15 14 12 11 23 0 12 23 14 25 25 25 25 25 24 25 18 25 25 4 23 25 25 25 23 25 12 25 25 25 25 23 25 23 25 25 16 25 24 23 25 14 12 24 12 20 18 21 23 23 25 25 23 25 25 25 25 25 25 10 11 24 25 25 25 12 14 25 25 25 25 25 25 25 25 25 25 25 25 25 23 20 24 15 25 23 14 25 1 25 25 25 23 25 25 25 18 25 12 23 12 14 23 12 12 25 24 10 23 12 25 16 15 25 25 15 21 25 23 14 16 23 25 11 25 23 25 25 25 25 24 25 25 25 25 23 25 25 25 23 14 25 25 12 23 25 25 21 25 12 21 23 24 24 15 16 21 25 25 25 25 16 25 25 23 11 12 23 15 25 25
0 23 31 23 23 31 31 31 23 31 31 31 31 31 23 25 23 23 31 20 30 28 28 14 31 24 24 24 0 28 26 31 21 25 23 24 24 31 30 10 28 23 10 31 23 24 24 24 21 29 31 24 28 31 31 27 25 31 23 31 18 25 15 16 20 0 31 0 0 15 31 31 31 31 31 31 31 26 31 31 23 0 31 31 31 29 31 24 31 31 31 31 15 31 28 31 31 12 31 31 29 31 24 18 31 18 27 26 27 15 0 31 31 10 31 31 31 31 31 31 23 23 31 31 31 31 16 23 31 31 31 31 31 31 31 31 31 31 31 31 31 28 15 31 14 31 0 15 31 23 31 31 31 28 31 31 31 26 31 16 29 16 19 29 24 24 31 31 23 29 16 31 23 14 31 31 14 27 31 29 24 12 29 31 23 31 29 31 31 31 31 31 31 31 31 31 10 31 31 31 29 15 31 31 24 0 31 31 15 31 16 27 29 30 31 14 15 27 31 31 31 31 25 31 31 28 20 16 29 25 31 31
0 25 0 24 24 0 0 0 24 0 0 0 0 0 24 23 24 24 11 26 12 15 14 28 0 24 23 23 31 18 20 0 25 23 24 23 24 10 18 31 15 24 31 11 24 23 23 23 25 14 0 23 14 11 18 16 21 0 24 11 27 23 28 27 26 31 0 24 0 28 0 0 0 0 0 10 0 20 0 0 25 31 0 0 0 12 0 23 0 0 0 0 33 0 15 0 0 29 0 11 12 0 23 27 11 27 18 20 16 31 31 0 0 33 0 0 0 0 0 0 24 24 10 0 0 0 27 24 0 0 0 0 0 0 0 0 0 0 0 0 0 15 31 10 28 0 31 28 0 25 0 0 0 15 0 0 0 20 0 27 12 27 27 12 23 24 0 11 24 18 27 0 24 28 0 0 28 16 0 14 23 29 12 0 24 0 12 0 0 0 0 11 0 0 0 0 33 0 13 0 12 28 0 0 24 31 0 0 31 0 27 16 14 12 14 28 29 16 0 0 0 0 21 0 0 14 26 27 12 23 0 0
0 23 31 23 23 31 31 31 23 31 31 31 31 31 23 25 23 23 31 20 30 28 28 14 31 24 24 24 0 28 26 31 21 25 23 24 24 31 30 10 28 23 10 31 23 24 24 24 21 29 31 24 28 31 31 27 25 31 23 31 18 25 15 16 20 0 31 24 0 0 31 31 31 31 31 31 31 26 31 31 23 0 31 31 31 29 31 24 31 31 31 31 15 31 28 31 31 12 31 31 29 31 24 18 31 18 27 26 27 15 0 31 31 10 31 31 31 31 31 31 23 23 31 31 31 31 16 23 31 31 31 31 31 31 31 31 31 31 31 31 31 28 15 31 14 31 0 15 31 23 31 31 31 28 31 31 31 26 31 16 29 16 19 29 24 24 31 31 23 29 16 31 23 14 31 31 14 27 31 29 24 12 29 31 23 31 29 31 31 31 31 31 31 31 31 31 10 31 31 31 29 15 31 31 24 0 31 31 15 31 16 27 29 30 31 14 15 27 31 31 31 31 25 31 31 28 20 16 29 25 31 31
0 16 21 15 15 21 21 21 16 21 21 21 21 21 15 10 15 15 18 20 16 12 14 23 21 12 11 11 25 12 10 21 18 10 15 12 12 20 16 25 12 14 25 18 14 11 12 12 18 15 21 11 14 18 20 12 0 21 15 18 21 10 23 23 20 25 21 12 25 23 0 21 21 21 21 20 21 10 21 21 16 25 21 21 21 15 21 12 21 21 21 21 26 21 12 21 21 24 21 18 15 21 11 21 18 21 11 10 12 25 25 21 21 26 21 21 21 21 21 21 15 14 20 21 21 21 23 15 21 21 21 21 21 21 21 21 21 21 21 21 21 12 24 20 23 21 25 23 21 16 21 21 21 12 21 21 21 10 21 23 15 23 23 15 12 12 21 18 15 15 23 21 15 23 21 21 23 12 21 15 12 24 15 21 14 21 15 21 21 21 21 18 21 21 21 21 26 21 21 21 15 23 21 21 12 25 21 21 25 21 23 12 15 16 18 23 24 12 21 21 21 21 1 21 21 14 20 23 15 10 21 21
0 10 24 12 4 24 24 24 17 24 24 24 24 24 15 14 10 10 24 12 23 21 23 16 24 11 12 12 23 21 16 24 11 14 11 14 11 24 23 23 21 14 23 24 10 12 12 14 11 23 24 12 23 24 24 20 15 24 0 24 12 14 15 14 12 23 24 11 23 15 24 0 24 24 24 24 24 16 24 24 10 23 24 24 24 23 24 12 24 24 24 24 23 24 21 24 24 18 24 24 23 24 12 12 24 12 18 16 20 23 23 24 24 23 24 24 24 24 24 24 5 10 24 24 24 24 14 14 24 24 24 24 24 24 24 24 24 24 24 24 24 21 21 24 16 24 23 15 24 10 24 24 24 21 24 24 24 16 24 14 23 14 14 23 12 11 24 24 7 23 14 24 16 16 24 24 16 20 24 23 14 18 23 24 10 24 23 24 24 24 24 24 24 24 24 24 23 24 24 24 23 15 24 24 11 23 24 24 23 24 14 20 23 23 24 16 18 20 24 24 24 24 15 24 24 23 12 14 23 14 24 24
0 15 23 14 14 23 23 23 14 23 23 23 23 23 14 1 14 14 20 18 18 14 15 23 23 12 10 11 25 14 11 23 16 0 14 11 12 21 18 25 14 12 24 20 12 10 11 11 16 16 23 10 15 20 21 12 10 23 14 20 20 2 23 21 18 25 23 12 25 23 23 23 0 23 23 21 23 11 23 23 15 25 23 23 23 16 23 11 23 23 23 23 25 23 14 23 23 23 23 20 16 23 10 20 20 20 12 11 12 25 25 23 23 25 23 23 23 23 23 23 14 12 21 23 23 23 21 14 23 23 23 23 23 23 23 23 23 23 23 23 23 14 24 21 23 23 25 23 23 15 23 23 23 14 23 23 23 11 23 21 16 21 21 16 11 12 23 20 14 16 21 23 14 23 23 23 23 12 23 16 10 23 16 23 12 23 16 23 23 23 23 20 23 23 23 23 25 23 23 23 16 23 23 23 12 25 23 23 24 23 21 12 16 18 20 23 23 12 23 23 23 23 10 23 23 15 18 21 16 3 23 23
0 12 24 11 11 24 24 24 12 24 24 24 24 24 11 12 11 11 23 14 23 18 20 20 24 0 11 11 24 18 14 24 12 12 11 10 10 23 23 24 18 10 23 23 10 11 10 10 12 21 24 11 20 23 23 16 12 24 11 23 15 12 18 16 14 24 24 4 24 18 24 24 24 0 24 23 24 14 24 24 12 24 24 24 24 21 24 10 24 24 24 24 24 24 18 24 24 21 24 23 21 24 11 15 23 15 15 14 16 24 24 24 24 24 24 24 24 24 24 24 11 10 23 24 24 24 16 11 24 24 24 24 24 24 24 24 24 24 24 24 24 18 23 23 20 24 24 18 24 12 24 24 24 18 24 24 24 14 24 16 21 16 16 21 10 10 24 23 11 21 16 24 11 20 24 24 20 16 24 21 11 21 21 24 10 24 21 24 24 24 24 23 24 24 24 24 24 24 24 24 21 18 24 24 4 24 24 24 23 24 16 16 21 23 23 20 21 16 24 24 24 24 12 24 24 20 14 16 21 12 24 24
0 17 24 4 12 24 24 24 0 24 24 24 24 24 2 14 7 7 24 12 23 23 23 16 24 12 17 23 23 21 23 24 12 14 6 12 23 24 23 23 21 10 23 24 12 16 23 12 23 23 24 16 23 24 24 23 16 24 17 24 23 14 17 23 17 23 24 17 23 15 24 24 24 24 0 24 24 16 24 24 12 23 24 24 24 23 24 17 24 24 24 24 23 24 23 24 24 23 24 24 23 24 12 12 24 23 18 16 20 23 23 24 24 23 24 24 24 24 24 24 23 10 24 24 24 24 15 3 24 24 24 24 24 24 24 24 24 24 24 24 24 23 21 24 17 24 23 23 24 16 24 24 24 21 24 24 24 16 24 14 23 14 14 23 12 23 24 24 10 23 23 24 1 16 24 24 23 23 24 23 12 18 23 24 23 24 23 24 24 24 24 24 24 24 24 24 23 24 24 24 23 23 24 24 11 23 24 24 23 24 14 23 23 23 24 23 18 23 24 24 24 24 17 24 24 23 12 17 23 14 24 24
0 25 0 24 24 0 0 0 24 0 0 0 0 0 24 23 24 24 11 26 12 15 14 28 0 24 23 23 31 18 20 0 25 23 24 23 24 10 18 31 15 24 31 11 24 23 23 23 25 14 0 23 14 11 18 16 21 0 24 11 27 23 28 27 26 31 0 24 31 28 0 0 0 0 0 0 0 20 0 0 25 31 0 0 0 12 0 23 0 0 0 0 33 0 15 0 0 29 0 11 12 0 23 27 11 27 18 20 16 31 31 0 0 33 0 0 0 0 0 0 24 24 10 0 0 0 27 24 0 0 0 0 0 0 0 0 0 0 0 0 0 15 31 10 28 0 31 28 0 25 0 0 0 15 0 0 0 20 0 27 12 27 27 12 23 24 0 11 24 18 27 0 24 28 0 0 28 16 0 14 23 29 12 0 24 0 12 0 0 0 0 11 0 0 0 0 33 0 13 0 12 28 0 0 24 31 0 0 31 0 27 16 14 12 14 28 29 16 0 0 0 0 21 0 0 14 26 27 12 23 0 0
0 11 24 10 10 24 24 24 12 24 24 24 24 24 10 12 10 10 23 12 23 20 21 18 24 10 12 12 23 20 15 24 12 12 10 11 10 24 23 23 20 9 23 23 0 12 11 11 12 23 24 12 21 23 24 18 14 24 10 23 14 12 16 15 12 23 24 10 23 16 24 24 24 24 24 24 0 15 24 24 11 23 24 24 24 23 24 11 24 24 24 24 24 24 20 24 24 20 24 23 23 24 12 14 23 14 16 15 18 23 23 24 24 24 24 24 24 24 24 24 10 4 24 24 24 24 15 10 24 24 24 24 24 24 24 24 24 24 24 24 24 20 23 24 18 24 23 16 24 11 24 24 24 20 24 24 24 15 24 15 23 15 15 23 11 10 24 23 10 23 15 24 11 18 24 24 18 18 24 23 12 20 23 24 10 24 23 24 24 24 24 23 24 24 24 24 24 24 24 24 23 16 24 24 10 23 24 24 23 24 15 18 23 23 23 18 20 18 24 24 24 24 14 24 24 21 12 15 23 12 24 24
0 24 10 24 24 10 10 10 24 10 10 10 10 10 24 21 24 24 10 25 11 14 12 28 10 23 23 23 31 19 18 10 25 21 24 23 23 0 19 31 14 24 31 10 24 23 23 23 25 15 10 23 12 10 19 15 20 10 24 10 26 21 27 27 25 31 10 23 31 27 10 10 10 10 10 0 10 0 10 10 24 31 10 10 10 12 10 23 10 10 10 10 31 10 14 10 10 28 10 10 12 10 23 26 10 26 16 18 15 31 31 10 10 31 10 10 10 10 10 10 24 24 0 10 10 10 27 24 10 10 10 10 10 10 10 10 10 10 10 10 10 14 30 0 28 10 31 27 10 24 10 10 10 14 10 10 10 18 10 27 12 27 27 12 23 23 10 10 24 19 27 10 24 28 10 10 28 15 10 15 23 28 12 10 24 10 12 10 10 10 10 10 10 10 10 10 31 10 14 10 12 27 10 10 23 31 10 10 31 10 27 15 15 11 15 28 28 15 10 10 10 10 20 10 10 12 25 27 12 21 10 10
0 15 23 14 14 23 23 23 14 23 23 23 23 23 14 0 14 14 20 18 18 14 15 23 23 12 10 12 25 14 12 23 16 1 14 11 12 21 18 25 14 12 24 20 12 10 12 11 16 16 23 10 15 20 21 12 10 23 14 20 20 1 23 21 18 25 23 12 25 23 23 23 23 23 23 21 23 11 0 23 15 25 23 23 23 16 23 11 23 23 23 23 25 23 14 23 23 23 23 20 16 23 10 20 20 20 12 11 12 25 25 23 23 25 23 23 23 23 23 23 14 12 21 23 23 23 21 14 23 23 23 23 23 23 23 23 23 23 23 23 23 14 24 21 23 23 25 23 23 15 23 23 23 14 23 23 23 11 23 21 16 21 21 16 11 12 23 20 14 16 21 23 14 23 23 23 23 12 23 16 10 23 16 23 12 23 16 23 23 23 23 20 23 23 23 23 25 23 23 23 16 23 23 23 12 25 23 23 24 23 21 12 16 18 20 23 23 12 23 23 23 23 10 23 23 15 18 21 16 2 23 23
0 10 24 12 4 24 24 24 17 24 24 24 24 24 15 14 10 10 24 12 23 21 23 16 24 11 12 12 23 21 16 24 11 14 11 13 11 24 23 23 21 13 23 24 10 12 12 13 11 23 24 12 23 24 24 20 15 24 0 24 12 14 15 14 12 23 24 11 23 15 24 24 24 24 24 24 24 16 24 0 10 23 24 24 24 23 24 12 24 24 24 24 23 24 21 24 24 18 24 24 23 24 12 12 24 12 18 16 20 23 23 24 24 23 24 24 24 24 24 24 6 10 24 24 24 24 14 13 24 24 24 24 24 24 24 24 24 24 24 24 24 21 21 24 16 24 23 15 24 10 24 24 24 21 24 24 24 16 24 14 23 14 14 23 12 11 24 24 6 23 14 24 16 16 24 24 16 20 24 23 13 18 23 24 10 24 23 24 24 24 24 24 24 24 24 24 23 24 24 24 23 15 24 24 11 23 24 24 23 24 14 20 23 23 24 16 18 20 24 24 24 24 15 24 24 23 12 14 23 14 24 24
0 4 25 16 10 25 25 25 21 25 25 25 25 25 19 15 14 14 24 11 24 23 23 15 25 12 14 14 23 23 18 25 10 15 15 18 12 24 24 23 23 18 21 24 11 14 12 18 10 23 25 14 23 24 24 21 16 25 10 24 12 15 14 12 11 23 25 12 23 14 25 25 25 25 25 24 25 18 25 25 0 23 25 25 25 23 25 12 25 25 25 25 23 25 23 25 25 16 25 24 23 25 14 12 24 12 20 18 21 23 23 25 25 23 25 25 25 25 25 25 10 13 24 25 25 25 12 18 25 25 25 25 25 25 25 25 25 25 25 25 25 23 20 24 15 25 23 14 25 5 25 25 25 23 25 25 25 18 25 12 23 12 18 23 12 12 25 24 11 23 12 25 20 15 25 25 15 21 25 23 18 16 23 25 11 25 23 25 25 25 25 24 25 25 25 25 23 25 25 25 23 14 25 25 13 23 25 25 21 25 12 21 23 24 24 15 16 21 25 25 25 25 16 25 25 23 11 12 23 15 25 25
0 25 0 24 24 0 0 0 24 0 0 0 0 0 24 23 24 24 11 26 12 15 14 28 0 24 23 23 31 18 20 0 25 23 24 23 24 10 18 31 15 24 31 11 24 23 23 23 25 14 0 23 14 11 18 16 21 0 24 11 27 23 28 27 26 31 0 24 31 28 0 0 0 0 0 10 0 20 0 0 25 0 0 0 0 12 0 23 0 0 0 0 33 0 15 0 0 29 0 11 12 0 23 27 11 27 18 20 16 31 31 0 0 33 0 0 0 0 0 0 24 24 10 0 0 0 27 24 0 0 0 0 0 0 0 0 0 0 0 0 0 15 31 10 28 0 31 28 0 25 0 0 0 15 0 0 0 20 0 27 12 27 27 12 23 24 0 11 24 18 27 0 24 28 0 0 28 16 0 14 23 29 12 0 24 0 12 0 0 0 0 11 0 0 0 0 33 0 13 0 12 28 0 0 24 31 0 0 31 0 27 16 14 12 14 28 29 16 0 0 0 0 21 0 0 14 26 27 12 23 0 0
0 24 18 24 24 18 18 18 24 18 18 18 18 18 24 21 24 24 19 25 19 19 19 28 18 23 23 23 31 14 19 18 25 21 24 23 23 19 11 31 14 24 31 19 24 23 23 23 25 12 18 23 19 13 0 19 20 18 24 19 26 21 27 27 25 31 18 23 31 27 18 18 18 18 18 19 18 18 18 18 24 31 0 18 18 19 18 23 18 18 18 18 31 18 19 18 18 28 18 13 19 18 23 26 19 26 16 18 15 31 31 18 18 31 18 18 18 18 18 18 24 24 19 18 18 18 27 24 18 18 18 18 18 18 18 18 18 18 18 18 18 19 30 19 28 18 31 27 18 24 18 18 18 14 18 18 18 18 18 27 19 27 27 19 23 23 18 19 24 12 27 18 24 28 18 18 28 19 18 12 23 28 19 18 24 18 12 18 18 18 18 19 18 18 18 18 31 18 10 18 13 27 18 18 23 31 18 18 31 18 27 19 12 19 10 28 28 19 18 18 18 18 20 18 18 19 25 27 19 21 18 18
0 10 25 11 11 25 25 25 12 25 25 25 25 25 11 16 11 11 24 10 24 23 23 14 25 12 15 15 21 23 20 25 0 16 11 14 12 25 24 21 23 12 20 24 12 15 14 14 10 24 25 15 23 24 25 23 18 25 11 24 11 16 12 12 10 21 25 12 21 12 25 25 25 25 25 25 25 20 25 25 10 21 25 0 25 24 25 14 25 25 25 25 23 25 23 25 25 15 25 24 24 25 15 11 24 11 21 20 23 21 21 25 25 23 25 25 25 25 25 25 11 12 25 25 25 25 12 11 25 25 25 25 25 25 25 25 25 25 25 25 25 23 18 25 14 25 21 12 25 10 25 25 25 23 25 25 25 20 25 12 24 12 12 24 14 12 25 24 11 24 12 25 11 14 25 25 14 23 25 24 15 15 24 25 12 25 24 25 25 25 25 24 25 25 25 25 23 25 25 25 24 12 25 25 12 21 25 25 20 25 12 23 24 24 24 14 15 23 25 25 25 25 18 25 25 23 10 12 24 16 25 25
0 17 24 4 12 24 24 24 0 24 24 24 24 24 2 14 7 7 24 12 23 23 23 16 24 12 17 23 23 21 23 24 12 14 6 12 23 24 23 23 21 10 23 24 12 16 23 12 23 23 24 16 23 24 24 23 16 24 17 24 23 14 17 23 17 23 24 17 23 15 24 24 24 24 24 24 24 16 24 24 12 23 24 24 0 23 24 17 24 24 24 24 23 24 23 24 24 23 24 24 23 24 12 12 24 23 18 16 20 23 23 24 24 23 24 24 24 24 24 24 23 10 24 24 24 24 15 3 24 24 24 24 24 24 24 24 24 24 24 24 24 23 21 24 17 24 23 23 24 16 24 24 24 21 24 24 24 16 24 14 23 14 14 23 12 23 24 24 10 23 23 24 1 16 24 24 23 23 24 23 12 18 23 24 23 24 23 24 24 24 24 24 24 24 24 24 23 24 24 24 23 23 24 24 11 23 24 24 23 24 14 23 23 23 24 23 18 23 24 24 24 24 17 24 24 23 12 17 23 14 24 24
0 25 0 24 24 0 0 0 24 0 0 0 0 0 24 23 24 24 11 26 12 15 14 28 0 24 23 23 31 18 20 0 25 23 24 23 24 10 18 31 15 24 31 11 24 23 23 23 25 14 0 23 14 11 18 16 21 0 24 11 27 23 28 27 26 31 0 24 31 28 0 0 0 0 0 10 0 20 0 0 25 31 0 0 0 0 0 23 0 0 0 0 33 0 15 0 0 29 0 11 12 0 23 27 11 27 18 20 16 31 31 0 0 33 0 0 0 0 0 0 24 24 10 0 0 0 27 24 0 0 0 0 0 0 0 0 0 0 0 0 0 15 31 10 28 0 31 28 0 25 0 0 0 15 0 0 0 20 0 27 12 27 27 12 23 24 0 11 24 18 27 0 24 28 0 0 28 16 0 14 23 29 12 0 24 0 12 0 0 0 0 11 0 0 0 0 33 0 13 0 12 28 0 0 24 31 0 0 31 0 27 16 14 12 14 28 29 16 0 0 0 0 21 0 0 14 26 27 12 23 0 0
0 15 23 14 14 23 23 23 14 23 23 23 23 23 14 0 14 14 20 18 18 14 15 23 23 12 10 12 25 14 12 23 16 1 14 11 12 21 18 25 14 12 24 20 12 10 12 11 16 16 23 10 15 20 21 12 10 23 14 20 20 1 23 21 18 25 23 12 25 23 23 23 23 23 23 21 23 11 23 23 15 25 23 23 23 16 0 11 23 23 23 23 25 23 14 23 23 23 23 20 16 23 10 20 20 20 12 11 12 25 25 23 23 25 23 23 23 23 23 23 14 12 21 23 23 23 21 14 23 23 23 23 23 23 23 23 23 23 23 23 23 14 24 21 23 23 25 23 23 15 23 23 23 14 23 23 23 11 23 21 16 21 21 16 11 12 23 20 14 16 21 23 14 23 23 23 23 12 23 16 10 23 16 23 12 23 16 23 23 23 23 20 23 23 23 23 25 23 23 23 16 23 23 23 12 25 23 23 24 23 21 12 16 18 20 23 23 12 23 23 23 23 10 23 23 15 18 21 16 2 23 23
0 23 12 23 23 12 12 12 23 12 12 12 12 12 23 16 23 23 11 24 10 11 10 26 12 21 18 18 29 19 14 12 24 16 23 20 21 12 19 29 11 23 28 11 23 18 20 20 24 15 12 18 10 11 19 12 15 12 23 11 24 16 25 25 24 29 12 21 29 25 12 12 12 12 12 12 12 15 12 12 23 29 12 12 12 0 12 0 12 12 12 12 30 12 11 12 12 27 12 11 0 12 18 24 11 24 12 14 12 29 29 12 12 30 12 12 12 12 12 12 23 23 12 12 12 12 25 23 12 12 12 12 12 12 12 12 12 12 12 12 12 11 28 12 26 12 29 25 12 23 12 12 12 11 12 12 12 14 12 25 0 25 25 0 20 21 12 11 23 19 25 12 23 26 12 12 26 12 12 15 19 27 0 12 23 12 10 12 12 12 12 11 12 12 12 12 30 12 14 12 6 25 12 12 21 29 12 12 28 12 25 12 15 10 15 26 27 12 12 12 12 12 15 12 12 10 24 25 0 16 12 12
0 14 23 12 12 23 23 23 17 23 23 23 23 23 15 10 12 12 21 16 20 15 16 23 23 11 0 5 24 15 12 23 15 10 12 14 11 23 20 24 15 14 24 21 12 1 10 14 15 18 23 1 16 21 23 14 11 23 12 21 18 10 21 20 16 24 23 11 24 21 23 23 23 23 23 23 23 12 23 23 14 24 23 23 23 18 23 10 0 23 23 23 25 23 15 23 23 23 23 21 18 23 4 18 21 18 12 12 14 24 24 23 23 25 23 23 23 23 23 23 12 12 23 23 23 23 20 14 23 23 23 23 23 23 23 23 23 23 23 23 23 15 24 23 23 23 24 21 23 14 23 23 23 15 23 23 23 12 23 20 18 20 20 18 10 11 23 21 12 18 20 23 16 23 23 23 23 14 23 18 14 23 18 23 12 23 18 23 23 23 23 21 23 23 23 23 25 23 23 23 18 21 23 23 11 24 23 23 24 23 20 14 18 20 21 23 23 14 23 23 23 23 11 23 23 16 16 20 18 10 23 23
0 24 18 23 23 18 18 18 23 18 18 18 18 18 23 18 23 23 19 24 19 19 19 27 18 23 20 20 30 12 19 18 24 18 23 21 23 19 0 30 12 23 29 19 23 20 21 21 24 10 18 20 19 13 11 19 16 18 23 19 25 18 26 25 24 30 18 23 30 26 18 18 18 18 18 19 18 15 18 18 24 30 18 18 18 19 18 21 18 0 18 18 31 18 19 18 18 27 18 13 19 18 20 25 19 25 14 15 14 30 30 18 18 31 18 18 18 18 18 18 23 23 19 18 18 18 25 23 18 18 18 18 18 18 18 18 18 18 18 18 18 19 28 19 27 18 30 26 18 24 18 18 18 12 18 18 18 15 18 25 19 25 25 19 21 23 18 19 23 10 25 18 23 27 18 18 27 19 18 10 20 27 19 18 23 18 10 18 18 18 18 19 18 18 18 18 31 18 12 18 13 26 18 18 23 30 18 18 29 18 25 19 10 19 10 27 27 19 18 18 18 18 16 18 18 19 24 25 19 18 18 18
0 20 18 18 18 18 18 18 21 18 18 18 18 18 19 12 18 18 15 23 14 11 12 24 18 15 12 12 27 18 10 18 21 12 18 18 15 16 18 27 11 18 26 15 16 12 14 18 21 13 18 12 12 15 18 10 11 18 18 15 23 12 24 23 23 27 18 15 27 24 18 18 18 18 18 16 18 13 18 18 20 27 18 18 18 12 18 14 18 18 0 18 27 18 11 18 18 24 18 15 12 18 12 23 15 23 6 10 10 27 27 18 18 27 18 18 18 18 18 18 18 16 16 18 18 18 23 18 18 18 18 18 18 18 18 18 18 18 18 18 18 11 25 16 24 18 27 24 18 20 18 18 18 11 18 18 18 10 18 23 12 23 23 12 14 15 18 15 18 18 23 18 20 24 18 18 24 10 18 13 18 24 12 18 16 18 12 18 18 18 18 15 18 18 18 18 27 18 18 18 12 24 18 18 15 27 18 18 26 18 23 10 13 14 15 24 24 10 18 18 18 18 11 18 18 12 23 23 12 13 18 18
0 10 24 2 5 24 24 24 7 24 24 24 24 24 4 14 0 0 24 12 23 21 23 16 24 11 12 16 23 21 16 24 11 14 1 12 16 24 23 23 21 10 23 24 10 12 16 12 16 23 24 12 23 24 24 20 15 24 10 24 16 14 15 16 12 23 24 11 23 15 24 24 24 24 24 24 24 16 24 24 10 23 24 24 24 23 24 12 24 24 24 0 23 24 21 24 24 18 24 24 23 24 12 12 24 16 18 16 20 23 23 24 24 23 24 24 24 24 24 24 16 10 24 24 24 24 14 3 24 24 24 24 24 24 24 24 24 24 24 24 24 21 21 24 16 24 23 16 24 10 24 24 24 21 24 24 24 16 24 14 23 14 14 23 12 16 24 24 3 23 16 24 6 16 24 24 16 20 24 23 12 18 23 24 16 24 23 24 24 24 24 24 24 24 24 24 23 24 24 24 23 16 24 24 11 23 24 24 23 24 14 20 23 23 24 16 18 20 24 24 24 24 15 24 24 23 12 14 23 14 24 24
0 23 31 23 23 31 31 31 23 31 31 31 31 31 23 25 23 23 31 20 30 28 28 14 31 24 24 24 0 28 26 31 21 25 23 24 24 31 30 10 28 23 10 31 23 24 24 24 21 29 31 24 28 31 31 27 25 31 23 31 18 25 15 16 20 0 31 24 0 15 31 31 31 31 31 31 31 26 31 31 23 0 31 31 31 29 31 24 31 31 31 31 0 31 28 31 31 12 31 31 29 31 24 18 31 18 27 26 27 15 0 31 31 10 31 31 31 31 31 31 23 23 31 31 31 31 16 23 31 31 31 31 31 31 31 31 31 31 31 31 31 28 15 31 14 31 0 15 31 23 31 31 31 28 31 31 31 26 31 16 29 16 19 29 24 24 31 31 23 29 16 31 23 14 31 31 14 27 31 29 24 12 29 31 23 31 29 31 31 31 31 31 31 31 31 31 10 31 31 31 29 15 31 31 24 0 31 31 15 31 16 27 29 30 31 14 15 27 31 31 31 31 25 31 31 28 20 16 29 25 31 31
0 23 18 21 21 18 18 18 21 18 18 18 18 18 21 14 21 21 19 23 19 19 19 25 18 18 15 19 28 0 19 18 23 14 21 16 19 19 12 28 10 20 27 19 20 15 19 16 23 11 18 15 19 13 14 19 12 18 21 19 24 14 24 24 23 28 18 18 28 24 18 18 18 18 18 19 18 12 18 18 23 28 18 18 18 19 18 16 18 18 18 18 28 0 19 18 18 25 18 13 19 18 15 24 19 24 11 12 14 28 28 18 18 28 18 18 18 18 18 18 21 20 19 18 18 18 24 21 18 18 18 18 18 18 18 18 18 18 18 18 18 19 27 19 25 18 28 24 18 23 18 18 18 9 18 18 18 12 18 24 19 24 24 19 16 19 18 19 21 11 24 18 21 25 18 18 25 19 18 11 15 25 19 18 20 18 11 18 18 18 18 19 18 18 18 18 28 18 15 18 13 24 18 18 18 28 18 18 27 18 24 19 11 19 12 25 25 19 18 18 18 18 14 18 18 19 23 24 19 14 18 18
0 11 26 12 12 26 26 26 12 26 26 26 26 26 12 18 12 12 25 0 24 23 24 12 26 14 16 16 20 23 21 26 10 18 12 15 14 25 24 20 23 12 18 25 12 16 15 15 10 24 26 16 24 25 25 23 20 26 12 25 10 18 12 11 4 20 26 14 20 12 26 26 26 26 26 25 26 21 26 26 11 20 26 26 26 24 26 15 26 26 26 26 21 26 0 26 26 14 26 25 24 26 16 10 25 10 23 21 23 20 20 26 26 21 26 26 26 26 26 26 12 12 25 26 26 26 11 12 26 26 26 26 26 26 26 26 26 26 26 26 26 23 16 25 12 26 20 12 26 11 26 26 26 23 26 26 26 21 26 11 24 11 11 24 15 14 26 25 12 24 11 26 12 12 26 26 12 23 26 24 16 14 24 26 12 26 24 26 26 26 26 25 26 26 26 26 21 26 26 26 24 12 26 26 14 20 26 26 18 26 11 23 24 24 25 12 14 23 26 26 26 26 20 26 26 24 0 11 24 18 26 26
0 12 24 12 11 24 24 24 17 24 24 24 24 24 15 12 11 11 23 14 23 18 20 20 24 4 11 11 24 18 14 24 12 12 11 13 6 23 23 24 18 13 23 23 10 11 10 13 12 21 24 11 20 23 23 16 12 24 11 23 15 12 18 16 14 24 24 0 24 18 24 24 24 24 24 23 24 14 24 24 12 24 24 24 24 21 24 10 24 24 24 24 24 24 18 0 24 21 24 23 21 24 11 15 23 15 15 14 16 24 24 24 24 24 24 24 24 24 24 24 11 10 23 24 24 24 16 13 24 24 24 24 24 24 24 24 24 24 24 24 24 18 23 23 20 24 24 18 24 12 24 24 24 18 24 24 24 14 24 16 21 16 16 21 10 6 24 23 11 21 16 24 16 20 24 24 20 16 24 21 13 21 21 24 10 24 21 24 24 24 24 23 24 24 24 24 24 24 24 24 21 18 24 24 9 24 24 24 23 24 16 16 21 23 23 20 21 16 24 24 24 24 12 24 24 20 14 16 21 12 24 24
0 14 23 12 12 23 23 23 12 23 23 23 23 23 12 11 12 12 23 15 21 19 19 21 23 10 14 19 24 16 19 23 14 11 12 0 19 23 21 24 16 11 24 23 11 12 19 0 19 20 23 12 19 23 23 19 12 23 14 23 19 11 20 19 15 24 23 13 24 20 23 23 23 23 23 23 23 12 23 23 12 24 23 23 23 20 23 13 23 23 23 23 24 23 19 23 0 23 23 23 20 23 10 16 23 19 14 12 15 24 24 23 23 24 23 23 23 23 23 23 19 11 23 23 23 23 18 12 23 23 23 23 23 23 23 23 23 23 23 23 23 19 23 23 21 23 24 20 23 12 23 23 23 16 23 23 23 12 23 18 20 18 18 20 5 19 23 23 12 20 19 23 12 21 23 23 21 19 23 20 10 23 20 23 19 23 20 23 23 23 23 23 23 23 23 23 24 23 23 23 20 20 23 23 10 24 23 23 24 23 18 19 20 21 23 21 23 19 23 23 23 23 14 23 23 19 15 18 20 11 23 23
0 25 0 24 24 0 0 0 24 0 0 0 0 0 24 23 24 24 11 26 12 15 14 28 0 24 23 23 31 18 20 0 25 23 24 23 24 10 18 31 15 24 31 11 24 23 23 23 25 14 0 23 14 11 18 16 21 0 24 11 27 23 28 27 26 31 0 24 31 28 0 0 0 0 0 10 0 20 0 0 25 31 0 0 0 12 0 23 0 0 0 0 33 0 15 0 0 0 0 11 12 0 23 27 11 27 18 20 16 31 31 0 0 33 0 0 0 0 0 0 24 24 10 0 0 0 27 24 0 0 0 0 0 0 0 0 0 0 0 0 0 15 31 10 28 0 31 28 0 25 0 0 0 15 0 0 0 20 0 27 12 27 27 12 23 24 0 11 24 18 27 0 24 28 0 0 28 16 0 14 23 29 12 0 24 0 12 0 0 0 0 11 0 0 0 0 33 0 13 0 12 28 0 0 24 31 0 0 31 0 27 16 14 12 14 28 29 16 0 0 0 0 21 0 0 14 26 27 12 23 0 0
0 15 24 2 10 24 24 24 2 24 24 24 24 24 0 14 4 4 24 12 23 21 23 16 24 11 15 21 23 21 21 24 11 14 3 12 21 24 23 23 21 10 23 24 10 14 21 12 21 23 24 14 23 24 24 21 15 24 15 24 21 14 15 21 15 23 24 15 23 15 24 24 24 24 24 24 24 16 24 24 10 23 24 24 24 23 24 15 24 24 24 24 23 24 21 24 24 21 0 24 23 24 12 12 24 21 18 16 20 23 23 24 24 23 24 24 24 24 24 24 21 10 24 24 24 24 14 1 24 24 24 24 24 24 24 24 24 24 24 24 24 21 21 24 16 24 23 21 24 14 24 24 24 21 24 24 24 16 24 14 23 14 14 23 12 21 24 24 8 23 21 24 1 16 24 24 21 21 24 23 12 18 23 24 21 24 23 24 24 24 24 24 24 24 24 24 23 24 24 24 23 21 24 24 11 23 24 24 23 24 14 21 23 23 24 21 18 21 24 24 24 24 15 24 24 23 12 15 23 14 24 24
0 23 15 21 21 15 15 15 23 15 15 15 15 15 21 14 21 21 12 23 12 0 10 25 15 18 15 15 28 19 12 15 23 14 21 19 18 14 19 28 9 20 27 12 20 15 16 19 23 15 15 15 10 12 19 10 12 15 21 12 24 14 24 24 23 28 15 18 28 24 15 15 15 15 15 14 15 15 15 15 23 28 15 15 15 11 15 16 15 15 15 15 28 15 0 15 15 25 15 0 11 15 15 24 12 24 11 12 10 28 28 15 15 28 15 15 15 15 15 15 21 20 14 15 15 15 24 21 15 15 15 15 15 15 15 15 15 15 15 15 15 0 27 14 25 15 28 24 15 23 15 15 15 10 15 15 15 12 15 24 11 24 24 11 16 18 15 12 21 19 24 15 22 25 15 15 25 10 15 15 19 25 11 15 20 15 11 15 15 15 15 12 15 15 15 15 28 15 15 15 11 24 15 15 18 28 15 15 27 15 24 10 15 12 15 25 25 10 15 15 15 15 12 15 15 10 23 24 11 15 15 15
0 25 0 24 24 0 0 0 24 0 0 0 0 0 24 23 24 24 11 26 12 15 14 28 0 24 23 23 31 18 20 0 25 23 24 23 24 10 18 31 15 24 31 11 24 23 23 23 25 14 0 23 14 11 18 16 21 0 24 11 27 23 28 27 26 31 0 24 31 28 0 0 0 0 0 10 0 20 0 0 25 31 0 0 0 12 0 23 0 0 0 0 33 0 15 0 0 29 0 11 0 0 23 27 11 27 18 20 16 31 31 0 0 33 0 0 0 0 0 0 24 24 10 0 0 0 27 24 0 0 0 0 0 0 0 0 0 0 0 0 0 15 31 10 28 0 31 28 0 25 0 0 0 15 0 0 0 20 0 27 12 27 27 12 23 24 0 11 24 18 27 0 24 28 0 0 28 16 0 14 23 29 12 0 24 0 12 0 0 0 0 11 0 0 0 0 33 0 13 0 12 28 0 0 24 31 0 0 31 0 27 16 14 12 14 28 29 16 0 0 0 0 21 0 0 14 26 27 12 23 0 0
0 14 23 12 12 23 23 23 16 23 23 23 23 23 14 10 12 12 21 16 20 15 16 23 23 11 1 6 24 15 12 23 15 10 12 12 11 23 20 24 15 12 24 21 12 0 10 12 15 18 23 0 16 21 23 14 11 23 12 21 18 10 21 20 16 24 23 11 24 21 23 23 23 23 23 23 23 12 23 23 14 24 23 23 23 18 23 10 23 23 23 23 25 23 15 23 23 23 23 21 18 0 3 18 21 18 12 12 14 24 24 23 23 25 23 23 23 23 23 23 12 12 23 23 23 23 20 12 23 23 23 23 23 23 23 23 23 23 23 23 23 15 24 23 23 23 24 21 23 14 23 23 23 15 23 23 23 12 23 20 18 20 20 18 10 11 23 21 12 18 20 23 15 23 23 23 23 14 23 18 12 23 18 23 12 23 18 23 23 23 23 21 23 23 23 23 25 23 23 23 18 21 23 23 11 24 23 23 24 23 20 14 18 20 21 23 23 14 23 23 23 23 11 23 23 16 16 20 18 10 23 23
0 16 29 18 18 29 29 29 23 29 29 29 29 29 21 23 18 18 28 14 27 25 26 10 29 21 23 23 12 25 24 29 15 23 18 23 21 28 27 12 25 20 12 28 20 23 23 23 15 27 29 23 26 28 28 25 24 29 18 28 12 23 11 12 14 12 29 21 12 15 29 29 29 29 29 28 29 24 29 29 16 12 29 29 29 27 29 23 29 29 29 29 15 29 25 29 29 0 29 28 27 29 0 12 28 12 24 24 25 15 12 29 29 14 29 29 29 29 29 29 18 20 28 29 29 29 12 19 29 29 29 29 29 29 29 29 29 29 29 29 29 25 15 28 10 29 12 11 29 16 29 29 29 25 29 29 29 24 29 12 27 12 19 27 23 21 29 28 18 27 12 29 22 10 29 29 10 25 29 27 23 10 27 29 20 29 27 29 29 29 29 28 29 29 29 29 14 29 29 29 27 11 29 29 21 12 29 29 15 29 12 25 27 27 28 10 15 25 29 29 29 29 24 29 29 26 14 12 27 23 29 29
0 23 12 23 23 12 12 12 23 12 12 12 12 12 23 16 23 23 11 24 10 11 10 26 12 21 18 18 29 19 14 12 24 16 23 20 21 12 19 29 11 23 28 11 23 18 20 20 24 15 12 18 10 11 19 12 15 12 23 11 24 16 25 25 24 29 12 21 29 25 12 12 12 12 12 12 12 15 12 12 23 29 12 12 12 0 12 20 12 12 12 12 30 12 11 12 12 27 12 11 0 12 18 0 11 24 12 14 12 29 29 12 12 30 12 12 12 12 12 12 23 23 12 12 12 12 25 23 12 12 12 12 12 12 12 12 12 12 12 12 12 11 28 12 26 12 29 25 12 23 12 12 12 11 12 12 12 14 12 25 0 25 25 0 20 21 12 11 23 19 25 12 23 26 12 12 26 12 12 15 19 27 0 12 23 12 10 12 12 12 12 11 12 12 12 12 30 12 14 12 6 25 12 12 21 29 12 12 28 12 25 12 15 10 15 26 27 12 12 12 12 12 15 12 12 10 24 25 0 16 12 12
0 25 0 24 24 0 0 0 24 0 0 0 0 0 24 23 24 24 11 26 12 15 14 28 0 24 23 23 31 18 20 0 25 23 24 23 24 10 18 31 15 24 31 11 24 23 23 23 25 14 0 23 14 11 18 16 21 0 24 11 27 23 28 27 26 31 0 24 31 28 0 0 0 0 0 10 0 20 0 0 25 31 0 0 0 12 0 23 0 0 0 0 33 0 15 0 0 29 0 11 12 0 23 27 0 27 18 20 16 31 31 0 0 33 0 0 0 0 0 0 24 24 10 0 0 0 27 24 0 0 0 0 0 0 0 0 0 0 0 0 0 15 31 10 28 0 31 28 0 25 0 0 0 15 0 0 0 20 0 27 12 27 27 12 23 24 0 11 24 18 27 0 24 28 0 0 28 16 0 14 23 29 12 0 24 0 12 0 0 0 0 11 0 0 0 0 33 0 13 0 12 28 0 0 24 31 0 0 31 0 27 16 14 12 14 28 29 16 0 0 0 0 21 0 0 14 26 27 12 23 0 0
0 25 0 24 24 0 0 0 24 0 0 0 0 0 24 23 24 24 11 26 12 15 14 28 0 24 23 23 31 18 20 0 25 23 24 23 24 10 18 31 15 24 31 11 24 23 23 23 25 14 0 23 14 11 18 16 21 0 24 11 27 23 28 27 26 31 0 24 31 28 0 0 0 0 0 10 0 20 0 0 25 31 0 0 0 12 0 23 0 0 0 0 33 0 15 0 0 29 0 11 12 0 23 27 11 0 18 20 16 31 31 0 0 33 0 0 0 0 0 0 24 24 10 0 0 0 27 24 0 0 0 0 0 0 0 0 0 0 0 0 0 15 31 10 28 0 31 28 0 25 0 0 0 15 0 0 0 20 0 27 12 27 27 12 23 24 0 11 24 18 27 0 24 28 0 0 28 16 0 14 23 29 12 0 24 0 12 0 0 0 0 11 0 0 0 0 33 0 13 0 12 28 0 0 24 31 0 0 31 0 27 16 14 12 14 28 29 16 0 0 0 0 21 0 0 14 26 27 12 23 0 0
0 24 11 24 24 11 11 11 24 11 11 11 11 11 24 20 24 24 0 25 10 12 12 27 11 23 21 21 31 19 16 11 24 20 24 23 23 10 19 31 12 23 30 0 23 21 23 23 24 15 11 21 12 6 19 14 18 11 24 0 25 20 27 26 25 31 11 23 31 27 11 11 11 11 11 10 11 16 11 11 24 31 11 11 11 11 11 23 11 11 11 11 31 11 12 11 11 28 11 6 11 11 21 25 0 25 0 16 14 31 31 11 11 31 11 11 11 11 11 11 24 23 10 11 11 11 26 24 11 11 11 11 11 11 11 11 11 11 11 11 11 12 29 10 27 11 31 27 11 24 11 11 11 12 11 11 11 16 11 26 11 26 26 11 23 23 11 0 24 19 26 11 24 27 11 11 27 14 11 15 21 28 11 11 23 11 11 11 11 11 11 0 11 11 11 11 31 11 14 11 11 27 11 11 23 31 11 11 30 11 26 14 15 10 15 27 28 14 11 11 11 11 18 11 11 12 25 26 11 20 11 11
0 12 27 18 12 27 27 27 23 27 27 27 27 27 21 20 16 16 25 10 25 24 24 12 27 15 18 18 18 24 23 27 11 20 17 19 15 26 25 18 24 19 16 25 14 18 16 19 11 24 27 18 24 25 26 23 21 27 12 25 0 20 11 10 10 18 27 15 18 15 27 27 27 27 27 26 27 23 27 27 12 18 27 27 27 24 27 16 27 27 27 27 20 27 24 27 27 12 27 25 24 27 18 10 25 0 23 0 23 18 18 27 27 20 27 27 27 27 27 27 12 15 26 27 27 27 10 19 27 27 27 27 27 27 27 27 27 27 27 27 27 24 15 26 12 27 18 11 27 12 27 27 27 24 27 27 27 23 27 10 24 12 19 24 16 15 27 25 12 24 10 27 22 12 27 27 12 23 27 24 19 12 24 27 14 27 24 27 27 27 27 25 27 27 27 27 20 27 27 27 24 11 27 27 15 18 27 27 16 27 12 23 24 25 25 12 15 23 27 27 27 27 21 27 27 24 10 10 24 20 27 27
0 21 16 20 20 16 16 16 20 16 16 16 16 16 20 12 20 20 14 23 12 10 11 24 16 16 14 14 27 16 11 16 23 12 20 16 16 15 16 27 10 18 27 14 18 14 15 16 23 12 16 14 11 14 16 3 12 16 20 14 23 12 24 24 23 27 16 16 27 24 16 16 16 16 16 15 16 12 16 16 21 27 16 16 16 12 16 15 16 16 16 16 28 16 10 16 16 25 16 14 12 16 14 23 14 23 10 11 0 27 27 16 16 28 16 16 16 16 16 16 20 18 15 16 16 16 24 20 16 16 16 16 16 16 16 16 16 16 16 16 16 10 26 15 24 16 27 24 16 21 16 16 16 10 16 16 16 11 16 24 12 24 24 12 15 16 16 14 20 16 24 16 20 24 16 16 24 3 16 12 16 25 12 16 18 16 12 16 16 16 16 14 16 16 16 16 28 16 16 16 12 24 16 16 16 27 16 16 27 16 24 3 12 12 14 24 25 3 16 16 16 16 12 16 16 11 23 24 12 12 16 16
0 23 33 23 23 33 33 33 23 33 33 33 33 33 23 25 23 23 31 21 31 28 29 15 33 24 25 25 10 28 27 33 23 25 23 24 24 31 31 10 28 24 11 31 24 25 24 24 23 30 33 25 29 31 31 28 26 33 23 31 20 25 16 18 21 10 33 24 10 16 33 33 33 33 33 31 33 27 33 33 23 10 33 33 33 30 33 24 33 33 33 33 15 33 28 33 33 14 33 31 30 33 25 20 31 20 27 27 28 0 10 33 33 6 33 33 33 33 33 33 23 24 31 33 33 33 18 23 33 33 33 33 33 33 33 33 33 33 33 33 33 28 15 31 15 33 10 16 33 23 33 33 33 28 33 33 33 27 33 18 30 18 19 30 24 24 33 31 23 30 18 33 23 15 33 33 15 28 33 30 25 14 30 33 24 33 30 33 33 33 33 31 33 33 33 33 0 33 33 33 30 16 33 33 24 10 33 33 15 33 18 28 30 31 31 15 15 28 33 33 33 33 26 33 33 29 21 18 30 25 33 33
0 25 0 24 24 0 0 0 24 0 0 0 0 0 24 23 24 24 11 26 12 15 14 28 0 24 23 23 31 18 20 0 25 23 24 23 24 10 18 31 15 24 31 11 24 23 23 23 25 14 0 23 14 11 18 16 21 0 24 11 27 23 28 27 26 31 0 24 31 28 0 0 0 0 0 10 0 20 0 0 25 31 0 0 0 12 0 23 0 0 0 0 33 0 15 0 0 29 0 11 12 0 23 27 11 27 18 20 16 31 0 0 0 33 0 0 0 0 0 0 24 24 10 0 0 0 27 24 0 0 0 0 0 0 0 0 0 0 0 0 0 15 31 10 28 0 31 28 0 25 0 0 0 15 0 0 0 20 0 27 12 27 27 12 23 24 0 11 24 18 27 0 24 28 0 0 28 16 0 14 23 29 12 0 24 0 12 0 0 0 0 11 0 0 0 0 33 0 13 0 12 28 0 0 24 31 0 0 31 0 27 16 14 12 14 28 29 16 0 0 0 0 21 0 0 14 26 27 12 23 0 0
0 23 15 21 21 15 15 15 21 15 15 15 15 15 21 14 21 21 12 23 12 6 10 25 15 18 15 15 28 12 12 15 23 14 21 16 18 14 12 28 2 20 27 12 20 15 16 16 23 11 15 15 10 12 14 10 12 15 21 12 24 14 24 24 23 28 15 18 28 24 15 15 15 15 15 14 15 12 15 15 23 28 15 15 15 11 15 16 15 15 15 15 28 15 6 15 15 25 15 12 11 15 15 24 12 24 11 12 10 28 28 0 15 28 15 15 15 15 15 15 21 20 14 15 15 15 24 21 15 15 15 15 15 15 15 15 15 15 15 15 15 6 27 14 25 15 28 24 15 23 15 15 15 3 15 15 15 12 15 24 11 24 24 11 16 18 15 12 21 12 24 15 21 25 15 15 25 10 15 11 15 25 11 15 20 15 11 15 15 15 15 12 15 15 15 15 28 15 15 15 11 24 15 15 18 28 15 15 27 15 24 10 11 12 12 25 25 10 15 15 15 15 12 15 15 10 23 24 11 14 15 15
0 12 24 0 7 24 24 24 4 24 24 24 24 24 2 14 2 2 24 12 23 21 23 16 24 11 12 18 23 21 18 24 11 14 1 12 18 24 23 23 21 10 23 24 10 12 18 12 18 23 24 12 23 24 24 20 15 24 12 24 18 14 15 18 12 23 24 12 23 15 24 24 24 24 24 24 24 16 24 24 10 23 24 24 24 23 24 12 24 24 24 24 23 24 21 24 24 18 24 24 23 24 12 12 24 18 18 16 20 23 23 24 0 23 24 24 24 24 24 24 18 10 24 24 24 24 14 1 24 24 24 24 24 24 24 24 24 24 24 24 24 21 21 24 16 24 23 18 24 11 24 24 24 21 24 24 24 16 24 14 23 14 14 23 12 18 24 24 5 23 18 24 3 16 24 24 18 20 24 23 12 18 23 24 18 24 23 24 24 24 24 24 24 24 24 24 23 24 24 24 23 18 24 24 11 23 24 24 23 24 14 20 23 23 24 18 18 20 24 24 24 24 15 24 24 23 12 14 23 14 24 24
0 23 31 23 23 31 31 31 23 31 31 31 31 31 23 25 23 23 31 20 30 28 28 14 31 24 24 24 0 28 26 31 21 25 23 24 24 31 30 10 28 23 10 31 23 24 24 24 21 29 31 24 28 31 31 27 25 31 23 31 18 25 15 16 20 0 31 24 0 15 31 31 31 31 31 31 31 26 31 31 23 0 31 31 31 29 31 24 31 31 31 31 15 31 28 31 31 12 31 31 29 31 24 18 31 18 27 26 27 15 0 31 31 0 31 31 31 31 31 31 23 23 31 31 31 31 16 23 31 31 31 31 31 31 31 31 31 31 31 31 31 28 15 31 14 31 0 15 31 23 31 31 31 28 31 31 31 26 31 16 29 16 19 29 24 24 31 31 23 29 16 31 23 14 31 31 14 27 31 29 24 12 29 31 23 31 29 31 31 31 31 31 31 31 31 31 10 31 31 31 29 15 31 31 24 0 31 31 15 31 16 27 29 30 31 14 15 27 31 31 31 31 25 31 31 28 20 16 29 25 31 31
0 21 16 20 20 16 16 16 20 16 16 16 16 16 20 12 20 20 14 23 12 10 11 24 16 16 14 14 27 10 11 16 23 12 20 15 16 15 12 27 10 18 27 14 18 14 15 15 23 12 16 14 11 14 15 9 12 16 20 14 23 12 24 24 23 27 16 16 27 24 16 16 16 16 16 15 16 11 16 16 21 27 16 16 16 12 16 15 16 16 16 16 28 16 10 16 16 25 16 14 12 16 14 23 14 23 10 11 3 27 27 16 16 28 0 16 16 16 16 16 20 18 15 16 16 16 24 20 16 16 16 16 16 16 16 16 16 16 16 16 16 10 26 15 24 16 27 24 16 21 16 16 16 10 16 16 16 11 16 24 12 24 24 12 15 16 16 14 20 12 24 16 20 24 16 16 24 9 16 12 14 25 12 16 18 16 12 16 16 16 16 14 16 16 16 16 28 16 16 16 12 24 16 16 16 27 16 16 27 16 24 9 12 12 14 24 25 9 16 16 16 16 12 16 16 11 23 24 12 12 16 16
0 24 11 24 24 11 11 11 24 11 11 11 11 11 24 20 24 24 6 25 10 12 12 27 11 23 21 21 31 13 16 11 24 20 24 23 23 10 13 31 12 23 30 6 23 21 23 23 24 11 11 21 12 0 13 14 18 11 24 6 25 20 27 26 25 31 11 23 31 27 11 11 11 11 11 10 11 16 11 11 24 31 11 11 11 11 11 23 11 11 11 11 31 11 12 11 11 28 11 0 11 11 21 25 6 25 15 16 14 31 31 11 11 31 11 0 11 11 11 11 24 23 10 11 11 11 26 24 11 11 11 11 11 11 11 11 11 11 11 11 11 12 29 10 27 11 31 27 11 24 11 11 11 12 11 11 11 16 11 26 11 26 26 11 23 23 11 6 24 13 26 11 24 27 11 11 27 14 11 11 21 28 11 11 23 11 11 11 11 11 11 6 11 11 11 11 31 11 11 11 11 27 11 11 23 31 11 11 30 11 26 14 11 10 9 27 28 14 11 11 11 11 18 11 11 12 25 26 11 20 11 11
0 18 20 16 16 20 20 20 16 20 20 20 20 20 16 11 16 16 16 21 15 15 15 24 20 14 12 15 26 12 15 20 20 11 16 12 15 18 15 26 12 15 25 16 15 12 15 12 20 14 20 12 15 16 18 15 10 20 16 16 23 11 23 23 21 26 20 14 26 23 20 20 20 20 20 18 20 0 20 20 18 26 20 20 20 15 20 12 20 20 20 20 27 20 15 20 20 24 20 16 15 20 12 23 16 23 10 6 11 26 26 20 20 27 20 20 0 20 20 20 16 15 18 20 20 20 23 16 20 20 20 20 20 20 20 20 20 20 20 20 20 15 25 18 24 20 26 23 20 18 20 20 20 12 20 20 20 4 20 23 15 23 23 15 12 15 20 16 16 14 23 20 16 24 20 20 24 15 20 14 12 24 15 20 15 20 14 20 20 20 20 16 20 20 20 20 27 20 20 20 14 23 20 20 14 26 20 20 25 20 23 15 14 15 16 24 24 15 20 20 20 20 10 20 20 15 21 23 15 11 20 20
0 11 26 12 12 26 26 26 17 26 26 26 26 26 15 18 12 12 25 4 24 23 24 12 26 14 16 16 20 23 21 26 10 18 12 15 14 25 24 20 23 13 18 25 12 16 15 15 10 24 26 16 24 25 25 23 20 26 12 25 10 18 12 11 0 20 26 14 20 12 26 26 26 26 26 25 26 21 26 26 11 20 26 26 26 24 26 15 26 26 26 26 21 26 23 26 26 14 26 25 24 26 16 10 25 10 23 21 23 20 20 26 26 21 26 26 26 0 26 26 12 12 25 26 26 26 11 13 26 26 26 26 26 26 26 26 26 26 26 26 26 23 16 25 12 26 20 12 26 11 26 26 26 23 26 26 26 21 26 11 24 11 13 24 15 14 26 25 12 24 11 26 16 12 26 26 12 23 26 24 16 14 24 26 12 26 24 26 26 26 26 25 26 26 26 26 21 26 26 26 24 12 26 26 14 20 26 26 18 26 11 23 24 24 25 12 14 23 26 26 26 26 20 26 26 24 4 11 24 18 26 26
0 12 24 0 7 24 24 24 4 24 24 24 24 24 2 14 2 2 24 12 23 21 23 16 24 11 12 18 23 21 18 24 11 14 1 12 18 24 23 23 21 10 23 24 10 12 18 12 18 23 24 12 23 24 24 20 15 24 12 24 18 14 15 18 12 23 24 12 23 15 24 24 24 24 24 24 24 16 24 24 10 23 24 24 24 23 24 12 24 24 24 24 23 24 21 24 24 18 24 24 23 24 12 12 24 18 18 16 20 23 23 24 24 23 24 24 24 24 0 24 18 10 24 24 24 24 14 1 24 24 24 24 24 24 24 24 24 24 24 24 24 21 21 24 16 24 23 18 24 11 24 24 24 21 24 24 24 16 24 14 23 14 14 23 12 18 24 24 5 23 18 24 3 16 24 24 18 20 24 23 12 18 23 24 18 24 23 24 24 24 24 24 24 24 24 24 23 24 24 24 23 18 24 24 11 23 24 24 23 24 14 20 23 23 24 18 18 20 24 24 24 24 15 24 24 23 12 14 23 14 24 24
0 14 23 12 12 23 23 23 12 23 23 23 23 23 12 10 12 12 21 16 20 15 16 23 23 11 4 10 24 15 12 23 15 10 12 10 11 23 20 24 15 12 24 21 12 3 10 10 15 18 23 3 16 21 23 14 11 23 12 21 18 10 21 20 16 24 23 11 24 21 23 23 23 23 23 23 23 12 23 23 14 24 23 23 23 18 23 10 23 23 23 23 25 23 15 23 23 23 23 21 18 23 0 18 21 18 12 12 14 24 24 23 23 25 23 23 23 23 23 0 12 12 23 23 23 23 20 12 23 23 23 23 23 23 23 23 23 23 23 23 23 15 24 23 23 23 24 21 23 14 23 23 23 15 23 23 23 12 23 20 18 20 20 18 10 11 23 21 12 18 20 23 12 23 23 23 23 14 23 18 9 23 18 23 12 23 18 23 23 23 23 21 23 23 23 23 25 23 23 23 18 21 23 23 11 24 23 23 24 23 20 14 18 20 21 23 23 14 23 23 23 23 11 23 23 16 16 20 18 10 23 23
0 25 0 24 24 0 0 0 24 0 0 0 0 0 24 23 24 24 11 26 12 15 14 28 0 24 23 23 31 18 20 0 25 23 24 23 24 10 18 31 15 24 31 11 24 23 23 23 25 14 0 23 14 11 18 16 21 0 24 11 27 23 28 27 26 31 0 24 31 28 0 0 0 0 0 10 0 20 0 0 25 31 0 0 0 12 0 23 0 0 0 0 33 0 15 0 0 29 0 11 12 0 23 27 11 27 18 20 16 31 31 0 0 33 0 0 0 0 0 0 0 24 10 0 0 0 27 24 0 0 0 0 0 0 0 0 0 0 0 0 0 15 31 10 28 0 31 28 0 25 0 0 0 15 0 0 0 20 0 27 12 27 27 12 23 24 0 11 24 18 27 0 24 28 0 0 28 16 0 14 23 29 12 0 24 0 12 0 0 0 0 11 0 0 0 0 33 0 13 0 12 28 0 0 24 31 0 0 31 0 27 16 14 12 14 28 29 16 0 0 0 0 21 0 0 14 26 27 12 23 0 0
0 10 24 18 10 24 24 24 23 24 24 24 24 24 21 14 16 16 24 12 23 21 23 16 24 11 12 12 23 21 16 24 11 14 17 19 11 24 23 23 21 19 23 24 10 12 12 19 11 23 24 12 23 24 24 20 15 24 5 24 12 14 15 14 12 23 24 11 23 15 24 24 24 24 24 24 24 16 24 24 10 23 24 24 24 23 24 12 24 24 24 24 23 24 21 24 24 18 24 24 23 24 12 12 24 12 18 16 20 23 23 24 24 23 24 24 24 24 24 24 0 0 24 24 24 24 14 19 24 24 24 24 24 24 24 24 24 24 24 24 24 21 21 24 16 24 23 15 24 10 24 24 24 21 24 24 24 16 24 14 23 14 19 23 14 11 24 24 12 23 14 24 22 16 24 24 16 20 24 23 19 18 23 24 10 24 23 24 24 24 24 24 24 24 24 24 23 24 24 24 23 15 24 24 15 23 24 24 23 24 14 20 23 23 24 16 18 20 24 24 24 24 15 24 24 23 12 14 23 15 24 24
0 25 0 24 24 0 0 0 24 0 0 0 0 0 24 23 24 24 11 26 12 15 14 28 0 24 23 23 31 18 20 0 25 23 24 23 24 10 18 31 15 24 31 11 24 23 23 23 25 14 0 23 14 11 18 16 21 0 24 11 27 23 28 27 26 31 0 24 31 28 0 0 0 0 0 10 0 20 0 0 25 31 0 0 0 12 0 23 0 0 0 0 33 0 15 0 0 29 0 11 12 0 23 27 11 27 18 20 16 31 31 0 0 33 0 0 0 0 0 0 24 24 0 0 0 0 27 24 0 0 0 0 0 0 0 0 0 0 0 0 0 15 31 10 28 0 31 28 0 25 0 0 0 15 0 0 0 20 0 27 12 27 27 12 23 24 0 11 24 18 27 0 24 28 0 0 28 16 0 14 23 29 12 0 24 0 12 0 0 0 0 11 0 0 0 0 33 0 13 0 12 28 0 0 24 31 0 0 31 0 27 16 14 12 14 28 29 16 0 0 0 0 21 0 0 14 26 27 12 23 0 0
0 11 24 1 6 24 24 24 6 24 24 24 24 24 3 14 1 1 24 12 23 21 23 16 24 11 12 17 23 21 17 24 11 14 0 12 17 24 23 23 21 10 23 24 10 12 17 12 17 23 24 12 23 24 24 20 15 24 11 24 17 14 15 17 12 23 24 11 23 15 24 24 24 24 24 24 24 16 24 24 10 23 24 24 24 23 24 12 24 24 24 24 23 24 21 24 24 18 24 24 23 24 12 12 24 17 18 16 20 23 23 24 24 23 24 24 24 24 24 24 17 10 24 0 24 24 14 2 24 24 24 24 24 24 24 24 24 24 24 24 24 21 21 24 16 24 23 17 24 10 24 24 24 21 24 24 24 16 24 14 23 14 14 23 12 17 24 24 4 23 17 24 4 16 24 24 17 20 24 23 12 18 23 24 17 24 23 24 24 24 24 24 24 24 24 24 23 24 24 24 23 17 24 24 11 23 24 24 23 24 14 20 23 23 24 17 18 20 24 24 24 24 15 24 24 23 12 14 23 14 24 24
0 12 27 12 12 27 27 27 12 27 27 27 27 27 12 20 12 12 25 10 25 24 24 12 27 15 18 18 18 24 23 27 11 20 12 16 15 26 25 18 24 14 16 25 14 18 16 16 11 24 27 18 24 25 26 23 21 27 12 25 10 20 11 10 10 18 27 15 18 11 27 27 27 27 27 26 27 23 27 27 12 18 27 27 27 24 27 16 27 27 27 27 20 27 24 27 27 12 27 25 24 27 18 0 25 10 23 23 23 18 18 27 27 20 27 27 27 27 27 27 12 14 26 27 0 27 10 12 27 27 27 27 27 27 27 27 27 27 27 27 27 24 15 26 12 27 18 11 27 12 27 27 27 24 27 27 27 23 27 10 24 10 10 24 16 15 27 25 12 24 10 27 12 12 27 27 12 23 27 24 18 12 24 27 14 27 24 27 27 27 27 25 27 27 27 27 20 27 27 27 24 11 27 27 15 18 27 27 16 27 10 23 24 25 25 12 12 23 27 27 27 27 21 27 27 24 10 10 24 20 27 27
0 10 24 2 5 24 24 24 7 24 24 24 24 24 4 14 0 0 24 12 23 21 23 16 24 11 12 16 23 21 16 24 11 14 1 12 16 24 23 23 21 10 23 24 10 12 16 12 16 23 24 12 23 24 24 20 15 24 10 24 16 14 15 16 12 23 24 11 23 15 24 24 24 24 24 24 24 16 24 24 10 23 24 24 24 23 24 12 24 24 24 24 23 24 21 24 24 18 24 24 23 24 12 12 24 16 18 16 20 23 23 24 24 23 24 24 24 24 24 24 16 10 24 24 24 0 14 3 24 24 24 24 24 24 24 24 24 24 24 24 24 21 21 24 16 24 23 16 24 10 24 24 24 21 24 24 24 16 24 14 23 14 14 23 12 16 24 24 3 23 16 24 6 16 24 24 16 20 24 23 12 18 23 24 16 24 23 24 24 24 24 24 24 24 24 24 23 24 24 24 23 16 24 24 11 23 24 24 23 24 14 20 23 23 24 16 18 20 24 24 24 24 15 24 24 23 12 14 23 14 24 24
0 12 27 16 14 27 27 27 21 27 27 27 27 27 19 21 14 14 26 11 25 24 24 11 27 16 20 20 16 24 23 27 12 21 15 18 16 27 25 16 24 18 15 26 15 20 18 18 12 25 27 20 24 26 27 24 23 27 14 26 10 21 10 1 11 16 27 16 16 13 27 27 27 27 27 27 27 23 27 27 12 16 27 27 27 25 27 18 27 27 27 27 18 27 24 27 27 12 27 26 25 27 20 10 26 10 23 23 24 16 16 27 27 18 27 27 27 27 27 27 14 15 27 27 27 27 0 18 27 27 27 27 27 27 27 27 27 27 27 27 27 24 14 27 11 27 16 10 27 12 27 27 27 24 27 27 27 23 27 7 25 11 18 25 18 16 27 26 14 25 1 27 20 11 27 27 11 24 27 25 20 12 25 27 15 27 25 27 27 27 27 26 27 27 27 27 18 27 27 27 25 10 27 27 16 16 27 27 15 27 11 24 25 25 26 11 13 24 27 27 27 27 23 27 27 24 11 4 25 21 27 27
0 15 23 15 14 23 23 23 20 23 23 23 23 23 18 9 14 14 20 18 18 14 15 23 23 12 10 10 25 16 11 23 16 8 14 16 12 21 18 25 14 16 24 20 12 10 11 16 16 16 23 10 15 20 21 12 10 23 14 20 20 11 23 21 18 25 23 12 25 23 23 23 23 23 23 21 23 12 23 23 15 25 23 23 23 16 23 11 23 23 23 23 25 23 14 23 23 23 23 20 16 23 10 20 20 20 12 11 12 25 25 23 23 25 23 23 23 23 23 23 14 12 21 23 23 23 21 0 23 23 23 23 23 23 23 23 23 23 23 23 23 14 24 21 23 23 25 23 23 15 23 23 23 14 23 23 23 11 23 21 16 21 21 16 11 12 23 20 14 16 21 23 19 23 23 23 23 12 23 16 16 23 16 23 12 23 16 23 23 23 23 20 23 23 23 23 25 23 23 23 16 23 23 23 12 25 23 23 24 23 21 12 16 18 20 23 23 12 23 23 23 23 10 23 23 15 18 21 16 12 23 23
0 23 14 23 23 14 14 14 23 14 14 14 14 14 23 16 23 23 15 24 15 15 15 26 14 21 18 18 29 11 15 14 24 16 23 20 21 15 10 29 11 23 28 15 23 18 20 20 24 0 14 18 15 11 12 15 15 14 23 15 24 16 25 25 24 29 14 21 29 25 14 14 14 14 14 15 14 14 14 14 23 29 14 14 14 15 14 20 14 14 14 14 30 14 15 14 14 27 14 11 15 14 18 24 15 24 12 14 12 29 29 14 14 30 14 14 14 14 14 14 23 23 15 14 14 14 25 23 0 14 14 14 14 14 14 14 14 14 14 14 14 15 28 15 26 14 29 25 14 23 14 14 14 11 14 14 14 14 14 25 15 25 25 15 20 21 14 15 23 4 25 14 23 26 14 14 26 15 14 0 18 27 15 14 23 14 4 14 14 14 14 15 14 14 14 14 30 14 12 14 9 25 14 14 21 29 14 14 28 14 25 15 0 15 11 26 27 15 14 14 14 14 15 14 14 15 24 25 15 16 14 14
0 11 26 12 12 26 26 26 16 26 26 26 26 26 14 18 12 12 25 3 24 23 24 12 26 14 16 16 20 23 21 26 10 18 12 15 14 25 24 20 23 12 18 25 12 16 15 15 10 24 26 16 24 25 25 23 20 26 12 25 10 18 12 11 0 20 26 14 20 12 26 26 26 26 26 25 26 21 26 26 11 20 26 26 26 24 26 15 26 26 26 26 21 26 23 26 26 14 26 25 24 26 16 10 25 10 23 21 23 20 20 26 26 21 26 26 26 26 26 26 12 12 25 26 26 26 11 12 26 0 26 26 26 26 26 26 26 26 26 26 26 23 16 25 12 26 20 12 26 11 26 26 26 23 26 26 26 21 26 11 24 11 12 24 15 14 26 25 12 24 11 26 15 12 26 26 12 23 26 24 16 14 24 26 12 26 24 26 26 26 26 25 26 26 26 26 21 26 26 26 24 12 26 26 14 20 26 26 18 26 11 23 24 24 25 12 14 23 26 26 26 26 20 26 26 24 3 11 24 18 26 26
0 14 28 15 15 28 28 28 17 28 28 28 28 28 15 23 15 15 27 12 26 24 25 10 28 18 21 21 15 24 23 28 12 23 15 20 18 27 26 15 24 16 14 27 16 21 20 20 12 25 28 21 25 27 27 24 23 28 15 27 11 23 0 10 12 15 28 18 15 9 28 28 28 28 28 27 28 23 28 28 14 15 28 28 28 25 28 20 28 28 28 28 16 28 24 28 28 11 28 27 25 28 21 11 27 11 24 23 24 15 15 28 28 16 28 28 28 28 28 28 15 16 27 28 28 28 10 15 28 28 0 28 28 28 28 28 28 28 28 28 28 24 12 27 10 28 15 6 28 14 28 28 28 24 28 28 28 23 28 10 25 10 13 25 20 18 28 27 15 25 10 28 16 10 28 28 10 24 28 25 21 11 25 28 16 28 25 28 28 28 28 27 28 28 28 28 16 28 28 28 25 6 28 28 18 15 28 28 14 28 10 24 25 26 27 10 11 24 28 28 28 28 23 28 28 25 12 10 25 23 28 28
0 14 28 15 15 28 28 28 15 28 28 28 28 28 15 23 15 15 27 12 26 24 25 10 28 18 21 21 15 24 23 28 12 23 15 20 18 27 26 15 24 16 14 27 16 21 20 20 15 25 28 21 25 27 27 24 23 28 15 27 15 23 9 15 12 15 28 18 15 0 28 28 28 28 28 27 28 23 28 28 14 15 28 28 28 25 28 20 28 28 28 28 16 28 24 28 28 15 28 27 25 28 21 11 27 15 24 23 24 15 15 28 28 16 28 28 28 28 28 28 15 16 27 28 28 28 10 15 28 28 28 0 28 28 28 28 28 28 28 28 28 24 12 27 10 28 15 15 28 14 28 28 28 24 28 28 28 23 28 10 25 10 10 25 20 18 28 27 15 25 15 28 15 10 28 28 15 24 28 25 21 11 25 28 16 28 25 28 28 28 28 27 28 28 28 28 16 28 28 28 25 15 28 28 18 15 28 28 14 28 10 24 25 26 27 15 11 24 28 28 28 28 23 28 28 25 12 10 25 23 28 28
0 15 28 16 16 28 28 28 16 28 28 28 28 28 16 23 16 16 27 12 27 25 25 0 28 20 23 23 14 25 24 28 14 23 16 21 20 28 27 14 25 18 12 27 18 23 21 21 14 26 28 23 25 27 28 24 23 28 16 27 12 23 10 11 12 14 28 20 14 10 28 28 28 28 28 28 28 24 28 28 15 14 28 28 28 26 28 21 28 28 28 28 15 28 25 28 28 10 28 27 26 28 23 12 27 12 24 24 24 14 14 28 28 15 28 28 28 28 28 28 16 18 28 28 28 28 11 16 28 28 28 28 0 28 28 28 28 28 28 28 28 25 12 28 4 28 14 10 28 15 28 28 28 25 28 28 28 24 28 11 26 11 11 26 21 20 28 27 16 26 11 28 16 0 28 28 10 24 28 26 23 10 26 28 18 28 26 28 28 28 28 27 28 28 28 28 15 28 28 28 26 10 28 28 20 14 28 28 12 28 11 24 26 27 27 10 10 24 28 28 28 28 23 28 28 25 12 11 26 23 28 28
0 20 18 18 18 18 18 18 18 18 18 18 18 18 18 12 18 18 15 23 14 11 12 24 18 15 12 12 27 11 10 18 21 12 18 14 15 16 14 27 11 16 26 15 16 12 14 14 21 12 18 12 12 15 16 10 11 18 18 15 23 12 24 23 23 27 18 15 27 24 18 18 18 18 18 16 18 10 18 18 20 27 18 18 18 12 18 14 18 18 18 18 27 18 11 18 18 24 18 15 12 18 12 23 15 23 0 10 10 27 27 18 18 27 18 18 18 18 18 18 18 16 16 18 18 18 23 18 18 18 18 18 18 0 18 18 18 18 18 18 18 11 25 16 24 18 27 24 18 20 18 18 18 11 18 18 18 10 18 23 12 23 23 12 14 15 18 15 18 12 23 18 18 24 18 18 24 10 18 12 12 24 12 18 16 18 12 18 18 18 18 15 18 18 18 18 27 18 18 18 12 24 18 18 15 27 18 18 26 18 23 10 12 14 15 24 24 10 18 18 18 18 11 18 18 12 23 23 12 12 18 18
0 23 15 21 21 15 15 15 21 15 15 15 15 15 21 14 21 21 12 23 12 9 10 25 15 18 15 15 28 10 12 15 23 14 21 16 18 14 12 28 0 20 27 12 20 15 16 16 23 11 15 15 10 12 14 10 12 15 21 12 24 14 24 24 23 28 15 18 28 24 15 15 15 15 15 14 15 12 15 15 23 28 15 15 15 11 15 16 15 15 15 15 28 15 9 15 15 25 15 12 11 15 15 24 12 24 11 12 10 28 28 15 15 28 15 15 15 15 15 15 21 20 14 15 15 15 24 21 15 15 15 15 15 15 0 15 15 15 15 15 15 9 27 14 25 15 28 24 15 23 15 15 15 1 15 15 15 12 15 24 11 24 24 11 16 18 15 12 21 11 24 15 21 25 15 15 25 10 15 11 15 25 11 15 20 15 11 15 15 15 15 12 15 15 15 15 28 15 15 15 11 24 15 15 18 28 15 15 27 15 24 10 11 12 12 25 25 10 15 15 15 15 12 15 15 10 23 24 11 14 15 15
0 18 20 16 16 20 20 20 16 20 20 20 20 20 16 11 16 16 16 21 15 12 12 24 20 14 12 12 26 12 8 20 20 11 16 12 14 18 15 26 12 15 25 16 15 12 12 12 20 14 20 12 12 16 18 11 10 20 16 16 23 11 23 23 21 26 20 14 26 23 20 20 20 20 20 18 20 6 20 20 18 26 20 20 20 14 20 12 20 20 20 20 27 20 12 20 20 24 20 16 14 20 12 23 16 23 10 0 11 26 26 20 20 27 20 20 20 20 20 20 16 15 18 20 20 20 23 16 20 20 20 20 20 20 20 0 20 20 20 20 20 12 25 18 24 20 26 23 20 18 20 20 20 12 20 20 20 2 20 23 14 23 23 14 12 14 20 16 16 14 23 20 16 24 20 20 24 11 20 14 12 24 14 20 15 20 14 20 20 20 20 16 20 20 20 20 27 20 20 20 14 23 20 20 14 26 20 20 25 20 23 11 14 15 16 24 24 11 20 20 20 20 10 20 20 12 21 23 14 11 20 20
0 14 23 12 12 23 23 23 12 23 23 23 23 23 12 11 12 12 23 15 21 19 19 21 23 10 14 19 24 16 19 23 14 11 12 0 19 23 21 24 16 11 24 23 11 12 19 0 19 20 23 12 19 23 23 19 12 23 14 23 19 11 20 19 15 24 23 13 24 20 23 23 23 23 23 23 23 12 23 23 12 24 23 23 23 20 23 13 23 23 23 23 24 23 19 23 23 23 23 23 20 23 10 16 23 19 14 12 15 24 24 23 23 24 23 23 23 23 23 23 19 11 23 23 23 23 18 12 23 23 23 23 23 23 23 23 0 23 23 23 23 19 23 23 21 23 24 20 23 12 23 23 23 16 23 23 23 12 23 18 20 18 18 20 5 19 23 23 12 20 19 23 12 21 23 23 21 19 23 20 10 23 20 23 19 23 20 23 23 23 23 23 23 23 23 23 24 23 23 23 20 20 23 23 10 24 23 23 24 23 18 19 20 21 23 21 23 19 23 23 23 23 14 23 23 19 15 18 20 11 23 23
0 11 26 12 12 26 26 26 16 26 26 26 26 26 14 18 12 12 25 3 24 23 24 12 26 14 16 16 20 23 21 26 10 18 12 15 14 25 24 20 23 12 18 25 12 16 15 15 10 24 26 16 24 25 25 23 20 26 12 25 10 18 12 11 0 20 26 14 20 12 26 26 26 26 26 25 26 21 26 26 11 20 26 26 26 24 26 15 26 26 26 26 21 26 23 26 26 14 26 25 24 26 16 10 25 10 23 21 23 20 20 26 26 21 26 26 26 26 26 26 12 12 25 26 26 26 11 12 26 26 26 26 26 26 26 26 26 0 26 26 26 23 16 25 12 26 20 12 26 11 26 26 26 23 26 26 26 21 26 11 24 11 12 24 15 14 26 25 12 24 11 26 15 12 26 26 12 23 26 24 16 14 24 26 12 26 24 26 26 26 26 25 26 26 26 26 21 26 26 26 24 12 26 26 14 20 26 26 18 26 11 23 24 24 25 12 14 23 26 26 26 26 20 26 26 24 3 11 24 18 26 26
0 11 24 10 10 24 24 24 10 24 24 24 24 24 10 12 10 10 23 12 23 20 21 18 24 10 12 15 23 20 15 24 12 12 10 11 15 24 23 23 20 4 23 23 4 12 15 11 15 23 24 12 21 23 24 18 14 24 10 23 15 12 16 15 12 23 24 10 23 16 24 24 24 24 24 24 24 15 24 24 11 23 24 24 24 23 24 11 24 24 24 24 24 24 20 24 24 20 24 23 23 24 12 14 23 15 16 15 18 23 23 24 24 24 24 24 24 24 24 24 15 0 24 24 24 24 15 10 24 24 24 24 24 24 24 24 24 24 0 24 24 20 23 24 18 24 23 16 24 11 24 24 24 20 24 24 24 15 24 15 23 15 15 23 11 15 24 23 10 23 15 24 10 18 24 24 18 18 24 23 12 20 23 24 15 24 23 24 24 24 24 23 24 24 24 24 24 24 24 24 23 16 24 24 10 23 24 24 23 24 15 18 23 23 23 18 20 18 24 24 24 24 14 24 24 21 12 15 23 12 24 24
0 21 31 23 23 31 31 31 23 31 31 31 31 31 23 24 23 23 30 18 29 27 28 12 31 23 24 24 10 27 25 31 20 24 23 24 23 31 29 10 27 23 0 30 23 24 24 24 20 28 31 24 28 30 31 27 25 31 23 30 16 24 14 15 18 10 31 23 10 14 31 31 31 31 31 31 31 25 31 31 21 10 31 31 31 28 31 24 31 31 31 31 11 31 27 31 31 12 31 30 28 31 24 16 30 16 26 25 27 10 10 31 31 11 31 31 31 31 31 31 23 23 31 31 31 31 15 23 31 31 31 31 31 31 31 31 31 31 31 0 31 27 10 31 12 31 10 14 31 21 31 31 31 27 31 31 31 25 31 15 28 15 15 28 24 23 31 30 23 28 15 31 23 12 31 31 12 27 31 28 24 12 28 31 23 31 28 31 31 31 31 30 31 31 31 31 11 31 31 31 28 14 31 31 23 10 31 31 9 31 15 27 28 29 30 12 12 27 31 31 31 31 25 31 31 28 18 15 28 24 31 31
0 15 23 14 14 23 23 23 15 23 23 23 23 23 14 4 14 14 20 18 18 14 15 23 23 12 10 10 25 14 11 23 16 3 14 11 12 21 18 25 14 12 24 20 12 10 11 11 16 16 23 10 15 20 21 12 10 23 14 20 20 6 23 21 18 25 23 12 25 23 23 23 23 23 23 21 23 11 23 23 15 25 23 23 23 16 23 11 23 23 23 23 25 23 14 23 23 23 23 20 16 23 10 20 20 20 12 11 12 25 25 23 23 25 23 23 23 23 23 23 14 12 21 23 23 23 21 14 23 23 23 23 23 23 23 23 23 23 23 23 0 14 24 21 23 23 25 23 23 15 23 23 23 14 23 23 23 11 23 21 16 21 21 16 11 12 23 20 14 16 21 23 14 23 23 23 23 12 23 16 11 23 16 23 12 23 16 23 23 23 23 20 23 23 23 23 25 23 23 23 16 23 23 23 12 25 23 23 24 23 21 12 16 18 20 23 23 12 23 23 23 23 10 23 23 15 18 21 16 7 23 23
0 25 0 24 24 0 0 0 24 0 0 0 0 0 24 23 24 24 11 26 12 15 14 28 0 24 23 23 31 18 20 0 25 23 24 23 24 10 18 31 15 24 31 11 24 23 23 23 25 14 0 23 14 11 18 16 21 0 24 11 27 23 28 27 26 31 0 24 31 28 0 0 0 0 0 10 0 20 0 0 25 31 0 0 0 12 0 23 0 0 0 0 33 0 15 0 0 29 0 11 12 0 23 27 11 27 18 20 16 31 31 0 0 33 0 0 0 0 0 0 24 24 10 0 0 0 27 24 0 0 0 0 0 0 0 0 0 0 0 0 0 0 31 10 28 0 31 28 0 25 0 0 0 15 0 0 0 20 0 27 12 27 27 12 23 24 0 11 24 18 27 0 24 28 0 0 28 16 0 14 23 29 12 0 24 0 12 0 0 0 0 11 0 0 0 0 33 0 13 0 12 28 0 0 24 31 0 0 31 0 27 16 14 12 14 28 29 16 0 0 0 0 21 0 0 14 26 27 12 23 0 0
0 23 15 21 21 15 15 15 23 15 15 15 15 15 21 14 21 21 12 23 12 0 10 25 15 18 15 15 28 19 12 15 23 14 21 19 18 14 19 28 9 20 27 12 20 15 16 19 23 15 15 15 10 12 19 10 12 15 21 12 24 14 24 24 23 28 15 18 28 24 15 15 15 15 15 14 15 15 15 15 23 28 15 15 15 11 15 16 15 15 15 15 28 15 0 15 15 25 15 12 11 15 15 24 12 24 11 12 10 28 28 15 15 28 15 15 15 15 15 15 21 20 14 15 15 15 24 21 15 15 15 15 15 15 15 15 15 15 15 15 15 0 0 14 25 15 28 24 15 23 15 15 15 10 15 15 15 12 15 24 11 24 24 11 16 18 15 12 21 19 24 15 22 25 15 15 25 10 15 15 19 25 11 15 20 15 11 15 15 15 15 12 15 15 15 15 28 15 15 15 11 24 15 15 18 28 15 15 27 15 24 10 15 12 15 25 25 10 15 15 15 15 12 15 15 10 23 24 11 15 15 15
0 25 0 24 24 0 0 0 24 0 0 0 0 0 24 23 24 24 11 26 12 15 14 28 0 24 23 23 31 18 20 0 25 23 24 23 24 10 18 31 15 24 31 11 24 23 23 23 25 14 0 23 14 11 18 16 21 0 24 11 27 23 28 27 26 31 0 24 31 28 0 0 0 0 0 10 0 20 0 0 25 31 0 0 0 12 0 23 0 0 0 0 33 0 15 0 0 29 0 11 12 0 23 27 11 27 18 20 16 31 31 0 0 33 0 0 0 0 0 0 24 24 10 0 0 0 27 24 0 0 0 0 0 0 0 0 0 0 0 0 0 15 31 0 28 0 31 28 0 25 0 0 0 15 0 0 0 20 0 27 12 27 27 12 23 24 0 11 24 18 27 0 24 28 0 0 28 16 0 14 23 29 12 0 24 0 12 0 0 0 0 11 0 0 0 0 33 0 13 0 12 28 0 0 24 31 0 0 31 0 27 16 14 12 14 28 29 16 0 0 0 0 21 0 0 14 26 27 12 23 0 0
0 24 10 24 24 10 10 10 24 10 10 10 10 10 24 21 24 24 10 25 11 14 12 28 10 23 23 23 31 19 18 10 25 21 24 23 23 0 19 31 14 24 31 10 24 23 23 23 25 15 10 23 12 10 19 15 20 10 24 10 26 21 27 27 25 31 10 23 31 27 10 10 10 10 10 0 10 18 10 10 24 31 10 10 10 12 10 23 10 10 10 10 31 10 14 10 10 28 10 10 12 10 23 26 10 26 16 18 15 31 31 10 10 31 10 10 10 10 10 10 24 24 0 10 10 10 27 24 10 10 10 10 10 10 10 10 10 10 10 10 10 14 30 0 0 10 31 27 10 24 10 10 10 14 10 10 10 18 10 27 12 27 27 12 23 23 10 10 24 19 27 10 24 28 10 10 28 15 10 15 23 28 12 10 24 10 12 10 10 10 10 10 10 10 10 10 31 10 14 10 12 27 10 10 23 31 10 10 31 10 27 15 15 11 15 28 28 15 10 10 10 10 20 10 10 12 25 27 12 21 10 10
0 15 23 14 14 23 23 23 14 23 23 23 23 23 14 3 14 14 20 18 18 14 15 23 23 12 10 10 25 14 11 23 16 2 14 11 12 21 18 25 14 12 24 20 12 10 11 11 16 16 23 10 15 20 21 12 10 23 14 20 20 5 23 21 18 25 23 12 25 23 23 23 23 23 23 21 23 11 23 23 15 25 23 23 23 16 23 11 23 23 23 23 25 23 14 23 23 23 23 20 16 23 10 20 20 20 12 11 12 25 25 23 23 25 23 23 23 23 23 23 14 12 21 23 23 23 21 14 23 23 23 23 23 23 23 23 23 23 23 23 23 14 24 21 23 0 25 23 23 15 23 23 23 14 23 23 23 11 23 21 16 21 21 16 11 12 23 20 14 16 21 23 14 23 23 23 23 12 23 16 10 23 16 23 12 23 16 23 23 23 23 20 23 23 23 23 25 23 23 23 16 23 23 23 12 25 23 23 24 23 21 12 16 18 20 23 23 12 23 23 23 23 10 23 23 15 18 21 16 5 23 23
0 23 31 23 23 31 31 31 23 31 31 31 31 31 23 25 23 23 31 20 30 28 28 14 31 24 24 24 10 28 26 31 21 25 23 24 24 31 30 0 28 23 10 31 23 24 24 24 21 29 31 24 28 31 31 27 25 31 23 31 18 25 15 16 20 10 31 24 10 15 31 31 31 31 31 31 31 26 31 31 23 10 31 31 31 29 31 24 31 31 31 31 10 31 28 31 31 12 31 31 29 31 24 18 31 18 27 26 27 4 10 31 31 10 31 31 31 31 31 31 23 23 31 31 31 31 16 23 31 31 31 31 31 31 31 31 31 31 31 31 31 28 11 31 14 31 0 15 31 23 31 31 31 28 31 31 31 26 31 16 29 16 16 29 24 24 31 31 23 29 16 31 23 14 31 31 14 27 31 29 24 12 29 31 23 31 29 31 31 31 31 31 31 31 31 31 10 31 31 31 29 15 31 31 24 10 31 31 10 31 16 27 29 30 31 14 12 27 31 31 31 31 25 31 31 28 20 16 29 25 31 31
0 25 0 24 24 0 0 0 24 0 0 0 0 0 24 23 24 24 11 26 12 15 14 28 0 24 23 23 31 18 20 0 25 23 24 23 24 10 18 31 15 24 31 11 24 23 23 23 25 14 0 23 14 11 18 16 21 0 24 11 27 23 28 27 26 31 0 24 31 28 0 0 0 0 0 10 0 20 0 0 25 31 0 0 0 12 0 23 0 0 0 0 33 0 15 0 0 29 0 11 12 0 23 27 11 27 18 20 16 31 31 0 0 33 0 0 0 0 0 0 24 24 10 0 0 0 27 24 0 0 0 0 0 0 0 0 0 0 0 0 0 15 31 10 28 0 31 0 0 25 0 0 0 15 0 0 0 20 0 27 12 27 27 12 23 24 0 11 24 18 27 0 24 28 0 0 28 16 0 14 23 29 12 0 24 0 12 0 0 0 0 11 0 0 0 0 33 0 13 0 12 28 0 0 24 31 0 0 31 0 27 16 14 12 14 28 29 16 0 0 0 0 21 0 0 14 26 27 12 23 0 0
0 14 28 15 15 28 28 28 16 28 28 28 28 28 15 23 15 15 27 12 26 24 25 10 28 18 21 21 15 24 23 28 12 23 15 20 18 27 26 15 24 16 14 27 16 21 20 20 12 25 28 21 25 27 27 24 23 28 15 27 11 23 0 10 12 15 28 18 15 8 28 28 28 28 28 27 28 23 28 28 14 15 28 28 28 25 28 20 28 28 28 28 16 28 24 28 28 11 28 27 25 28 21 11 27 11 24 23 24 15 15 28 28 16 28 28 28 28 28 28 15 16 27 28 28 28 10 15 28 28 28 28 28 28 28 28 28 28 28 28 28 24 12 27 10 28 15 6 0 14 28 28 28 24 28 28 28 23 28 10 25 10 12 25 20 18 28 27 15 25 10 28 15 10 28 28 10 24 28 25 21 11 25 28 16 28 25 28 28 28 28 27 28 28 28 28 16 28 28 28 25 6 28 28 18 15 28 28 14 28 10 24 25 26 27 10 11 24 28 28 28 28 23 28 28 25 12 10 25 23 28 28
0 2 25 15 10 25 25 25 20 25 25 25 25 25 18 15 13 13 24 11 24 23 23 15 25 12 14 14 23 23 18 25 10 15 14 16 12 24 24 23 23 16 21 24 11 14 12 16 10 23 25 14 23 24 24 21 16 25 10 24 12 15 14 12 11 23 25 12 23 14 25 25 25 25 25 24 25 18 25 25 7 23 25 25 25 23 25 12 25 25 25 25 23 25 23 25 25 16 25 24 23 25 14 12 24 12 20 18 21 23 23 25 25 23 25 25 25 25 25 25 10 12 24 25 25 25 12 16 25 25 25 25 25 25 25 25 25 25 25 25 25 23 20 24 15 25 23 14 25 0 25 25 25 23 25 25 25 18 25 12 23 12 16 23 12 12 25 24 10 23 12 25 19 15 25 25 15 21 25 23 16 16 23 25 11 25 23 25 25 25 25 24 25 25 25 25 23 25 25 25 23 14 25 25 12 23 25 25 21 25 12 21 23 24 24 15 16 21 25 25 25 25 16 25 25 23 11 12 23 15 25 25
0 15 23 14 14 23 23 23 14 23 23 23 23 23 14 1 14 14 20 18 18 14 15 23 23 12 10 11 25 14 11 23 16 0 14 11 12 21 18 25 14 12 24 20 12 10 11 11 16 16 23 10 15 20 21 12 10 23 14 20 20 2 23 21 18 25 23 12 25 23 23 23 23 23 23 21 23 11 23 23 15 25 23 23 23 16 23 11 23 23 23 23 25 23 14 23 23 23 23 20 16 23 10 20 20 20 12 11 12 25 25 23 23 25 23 23 23 23 23 23 14 12 21 23 23 23 21 14 23 23 23 23 23 23 23 23 23 23 23 23 23 14 24 21 23 23 25 23 23 15 0 23 23 14 23 23 23 11 23 21 16 21 21 16 11 12 23 20 14 16 21 23 14 23 23 23 23 12 23 16 10 23 16 23 12 23 16 23 23 23 23 20 23 23 23 23 25 23 23 23 16 23 23 23 12 25 23 23 24 23 21 12 16 18 20 23 23 12 23 23 23 23 10 23 23 15 18 21 16 3 23 23
0 14 28 15 15 28 28 28 16 28 28 28 28 28 15 23 15 15 27 12 26 24 25 10 28 18 21 21 15 24 23 28 12 23 15 20 18 27 26 15 24 16 14 27 16 21 20 20 12 25 28 21 25 27 27 24 23 28 15 27 11 23 0 10 12 15 28 18 15 8 28 28 28 28 28 27 28 23 28 28 14 15 28 28 28 25 28 20 28 28 28 28 16 28 24 28 28 11 28 27 25 28 21 11 27 11 24 23 24 15 15 28 28 16 28 28 28 28 28 28 15 16 27 28 28 28 10 15 28 28 28 28 28 28 28 28 28 28 28 28 28 24 12 27 10 28 15 6 28 14 28 0 28 24 28 28 28 23 28 10 25 10 12 25 20 18 28 27 15 25 10 28 15 10 28 28 10 24 28 25 21 11 25 28 16 28 25 28 28 28 28 27 28 28 28 28 16 28 28 28 25 6 28 28 18 15 28 28 14 28 10 24 25 26 27 10 11 24 28 28 28 28 23 28 28 25 12 10 25 23 28 28
0 10 24 5 2 24 24 24 10 24 24 24 24 24 8 14 3 3 24 12 23 21 23 16 24 11 12 12 23 21 16 24 11 14 4 12 12 24 23 23 21 10 23 24 10 12 12 12 12 23 24 12 23 24 24 20 15 24 7 24 12 14 15 14 12 23 24 11 23 15 24 24 24 24 24 24 24 16 24 24 10 23 24 24 24 23 24 12 24 24 24 24 23 24 21 24 24 18 24 24 23 24 12 12 24 12 18 16 20 23 23 24 24 23 24 24 24 24 24 24 12 10 24 24 24 24 14 6 24 24 24 24 24 24 24 24 24 24 24 24 24 21 21 24 16 24 23 15 24 10 24 24 0 21 24 24 24 16 24 14 23 14 14 23 12 12 24 24 0 23 14 24 9 16 24 24 16 20 24 23 12 18 23 24 12 24 23 24 24 24 24 24 24 24 24 24 23 24 24 24 23 15 24 24 11 23 24 24 23 24 14 20 23 23 24 16 18 20 24 24 24 24 15 24 24 23 12 14 23 14 24 24
0 23 15 21 21 15 15 15 21 15 15 15 15 15 21 14 21 21 12 23 12 1 10 25 15 18 15 15 28 18 12 15 23 14 21 18 18 14 18 28 7 20 27 12 20 15 16 18 23 13 15 15 10 12 18 10 12 15 21 12 24 14 24 24 23 28 15 18 28 24 15 15 15 15 15 14 15 13 15 15 23 28 15 15 15 11 15 16 15 15 15 15 28 15 1 15 15 25 15 12 11 15 15 24 12 24 11 12 10 28 28 15 15 28 15 15 15 15 15 15 21 20 14 15 15 15 24 21 15 15 15 15 15 15 15 15 15 15 15 15 15 1 27 14 25 15 28 24 15 23 15 15 15 0 15 15 15 12 15 24 11 24 24 11 16 18 15 12 21 18 24 15 21 25 15 15 25 10 15 13 18 25 11 15 20 15 11 15 15 15 15 12 15 15 15 15 28 15 15 15 11 24 15 15 18 28 15 15 27 15 24 10 13 12 13 25 25 10 15 15 15 15 12 15 15 10 23 24 11 14 15 15
0 10 24 11 3 24 24 24 16 24 24 24 24 24 14 14 9 9 24 12 23 21 23 16 24 11 12 12 23 21 16 24 11 14 10 12 11 24 23 23 21 12 23 24 10 12 12 12 11 23 24 12 23 24 24 20 15 24 1 24 12 14 15 14 12 23 24 11 23 15 24 24 24 24 24 24 24 16 24 24 10 23 24 24 24 23 24 12 24 24 24 24 23 24 21 24 24 18 24 24 23 24 12 12 24 12 18 16 20 23 23 24 24 23 24 24 24 24 24 24 6 10 24 24 24 24 14 12 24 24 24 24 24 24 24 24 24 24 24 24 24 21 21 24 16 24 23 15 24 10 24 24 24 21 0 24 24 16 24 14 23 14 14 23 12 11 24 24 6 23 14 24 15 16 24 24 16 20 24 23 12 18 23 24 10 24 23 24 24 24 24 24 24 24 24 24 23 24 24 24 23 15 24 24 11 23 24 24 23 24 14 20 23 23 24 16 18 20 24 24 24 24 15 24 24 23 12 14 23 14 24 24
0 4 25 16 10 25 25 25 21 25 25 25 25 25 19 15 14 14 24 11 24 23 23 15 25 12 14 14 23 23 18 25 10 15 15 18 12 24 24 23 23 18 21 24 11 14 12 18 10 23 25 14 23 24 24 21 16 25 10 24 12 15 14 12 11 23 25 12 23 14 25 25 25 25 25 24 25 18 25 25 9 23 25 25 25 23 25 12 25 25 25 25 23 25 23 25 25 16 25 24 23 25 14 12 24 12 20 18 21 23 23 25 25 23 25 25 25 25 25 25 10 13 24 25 25 25 12 18 25 25 25 25 25 25 25 25 25 25 25 25 25 23 20 24 15 25 23 14 25 5 25 25 25 23 25 0 25 18 25 12 23 12 18 23 12 12 25 24 11 23 12 25 20 15 25 25 15 21 25 23 18 16 23 25 11 25 23 25 25 25 25 24 25 25 25 25 23 25 25 25 23 14 25 25 13 23 25 25 21 25 12 21 23 24 24 15 16 21 25 25 25 25 16 25 25 23 11 12 23 15 25 25
0 15 28 16 16 28 28 28 17 28 28 28 28 28 16 23 16 16 27 12 27 25 25 4 28 20 23 23 14 25 24 28 14 23 16 21 20 28 27 14 25 18 12 27 18 23 21 21 14 26 28 23 25 27 28 24 23 28 16 27 12 23 10 11 12 14 28 20 14 10 28 28 28 28 28 28 28 24 28 28 15 14 28 28 28 26 28 21 28 28 28 28 15 28 25 28 28 10 28 27 26 28 23 12 27 12 24 24 24 14 14 28 28 15 28 28 28 28 28 28 16 18 28 28 28 28 11 16 28 28 28 28 28 28 28 28 28 28 28 28 28 25 12 28 0 28 14 10 28 15 28 28 28 25 28 28 0 24 28 11 26 11 13 26 21 20 28 27 16 26 11 28 16 4 28 28 6 24 28 26 23 10 26 28 18 28 26 28 28 28 28 27 28 28 28 28 15 28 28 28 26 10 28 28 20 14 28 28 12 28 11 24 26 27 27 6 10 24 28 28 28 28 23 28 28 25 12 11 26 23 28 28
0 14 28 18 15 28 28 28 23 28 28 28 28 28 21 23 16 16 27 12 26 24 25 10 28 18 21 21 15 24 23 28 12 23 17 20 18 27 26 15 24 19 14 27 16 21 20 20 12 25 28 21 25 27 27 24 23 28 15 27 11 23 6 10 12 15 28 18 15 15 28 28 28 28 28 27 28 23 28 28 14 15 28 28 28 25 28 20 28 28 28 28 16 28 24 28 28 11 28 27 25 28 21 11 27 11 24 23 24 15 15 28 28 16 28 28 28 28 28 28 15 16 27 28 28 28 10 19 28 28 28 28 28 28 28 28 28 28 28 28 28 24 15 27 10 28 15 0 28 14 28 28 28 24 28 28 28 0 28 10 25 12 19 25 20 18 28 27 15 25 10 28 22 10 28 28 10 24 28 25 21 11 25 28 16 28 25 28 28 28 28 27 28 28 28 28 16 28 28 28 25 0 28 28 18 15 28 28 15 28 12 24 25 26 27 10 15 24 28 28 28 28 23 28 28 25 12 10 25 23 28 28
0 20 18 18 18 18 18 18 18 18 18 18 18 18 18 12 18 18 15 23 14 11 12 24 18 15 12 12 27 11 10 18 21 12 18 14 15 16 14 27 11 16 26 15 16 12 14 14 21 12 18 12 12 15 16 10 11 18 18 15 23 12 24 23 23 27 18 15 27 24 18 18 18 18 18 16 18 10 18 18 20 27 18 18 18 12 18 14 18 18 18 18 27 18 11 18 18 24 18 15 12 18 12 23 15 23 0 10 10 27 27 18 18 27 18 18 18 18 18 18 18 16 16 18 18 18 23 18 18 18 18 18 18 18 18 18 18 18 18 18 18 11 25 16 24 18 27 24 18 20 18 18 18 11 18 18 18 10 0 23 12 23 23 12 14 15 18 15 18 12 23 18 18 24 18 18 24 10 18 12 12 24 12 18 16 18 12 18 18 18 18 15 18 18 18 18 27 18 18 18 12 24 18 18 15 27 18 18 26 18 23 10 12 14 15 24 24 10 18 18 18 18 11 18 18 12 23 23 12 12 18 18
0 12 27 16 14 27 27 27 21 27 27 27 27 27 19 21 14 14 26 11 25 24 24 11 27 16 20 20 16 24 23 27 12 21 15 18 16 27 25 16 24 18 15 26 15 20 18 18 12 25 27 20 24 26 27 24 23 27 14 26 10 21 10 1 11 16 27 16 16 13 27 27 27 27 27 27 27 23 27 27 12 16 27 27 27 25 27 18 27 27 27 27 18 27 24 27 27 12 27 26 25 27 20 10 26 10 23 23 24 16 16 27 27 18 27 27 27 27 27 27 14 15 27 27 27 27 6 18 27 27 27 27 27 27 27 27 27 27 27 27 27 24 14 27 11 27 16 10 27 12 27 27 27 24 27 27 27 23 27 0 25 11 18 25 18 16 27 26 14 25 1 27 20 11 27 27 11 24 27 25 20 12 25 27 15 27 25 27 27 27 27 26 27 27 27 27 18 27 27 27 25 10 27 27 16 16 27 27 15 27 11 24 25 25 26 11 13 24 27 27 27 27 23 27 27 24 11 4 25 21 27 27
0 25 0 24 24 0 0 0 24 0 0 0 0 0 24 23 24 24 11 26 12 15 14 28 0 24 23 23 31 18 20 0 25 23 24 23 24 10 18 31 15 24 31 11 24 23 23 23 25 14 0 23 14 11 18 16 21 0 24 11 27 23 28 27 26 31 0 24 31 28 0 0 0 0 0 10 0 20 0 0 25 31 0 0 0 12 0 23 0 0 0 0 33 0 15 0 0 29 0 11 12 0 23 27 11 27 18 20 16 31 31 0 0 33 0 0 0 0 0 0 24 24 10 0 0 0 27 24 0 0 0 0 0 0 0 0 0 0 0 0 0 15 31 10 28 0 31 28 0 25 0 0 0 15 0 0 0 20 0 27 0 27 27 12 23 24 0 11 24 18 27 0 24 28 0 0 28 16 0 14 23 29 12 0 24 0 12 0 0 0 0 11 0 0 0 0 33 0 13 0 12 28 0 0 24 31 0 0 31 0 27 16 14 12 14 28 29 16 0 0 0 0 21 0 0 14 26 27 12 23 0 0
0 12 27 15 14 27 27 27 20 27 27 27 27 27 18 21 14 14 26 11 25 24 24 11 27 16 20 20 16 24 23 27 12 21 14 18 16 27 25 16 24 16 15 26 15 20 18 18 12 25 27 20 24 26 27 24 23 27 14 26 10 21 10 3 11 16 27 16 16 12 27 27 27 27 27 27 27 23 27 27 12 16 27 27 27 25 27 18 27 27 27 27 18 27 24 27 27 12 27 26 25 27 20 10 26 10 23 23 24 16 16 27 27 18 27 27 27 27 27 27 14 15 27 27 27 27 5 16 27 27 27 27 27 27 27 27 27 27 27 27 27 24 14 27 11 27 16 10 27 12 27 27 27 24 27 27 27 23 27 6 25 0 16 25 18 16 27 26 14 25 3 27 19 11 27 27 11 24 27 25 20 12 25 27 15 27 25 27 27 27 27 26 27 27 27 27 18 27 27 27 25 10 27 27 16 16 27 27 15 27 9 24 25 25 26 11 12 24 27 27 27 27 23 27 27 24 11 2 25 21 27 27
0 23 12 23 23 12 12 12 23 12 12 12 12 12 23 16 23 23 11 24 10 11 10 26 12 21 18 18 29 19 14 12 24 16 23 20 21 12 19 29 11 23 28 11 23 18 20 20 24 15 12 18 10 11 19 12 15 12 23 11 24 16 25 25 24 29 12 21 29 25 12 12 12 12 12 12 12 15 12 12 23 29 12 12 12 0 12 20 12 12 12 12 30 12 11 12 12 27 12 11 0 12 18 24 11 24 12 14 12 29 29 12 12 30 12 12 12 12 12 12 23 23 12 12 12 12 25 23 12 12 12 12 12 12 12 12 12 12 12 12 12 11 28 12 26 12 29 25 12 23 12 12 12 11 12 12 12 14 12 25 0 25 0 0 20 21 12 11 23 19 25 12 23 26 12 12 26 12 12 15 19 27 0 12 23 12 10 12 12 12 12 11 12 12 12 12 30 12 14 12 6 25 12 12 21 29 12 12 28 12 25 12 15 10 15 26 27 12 12 12 12 12 15 12 12 10 24 25 0 16 12 12
0 18 20 16 16 20 20 20 16 20 20 20 20 20 16 11 16 16 16 21 15 12 12 24 20 14 12 12 26 12 10 20 20 11 16 12 14 18 15 26 12 15 25 16 15 12 12 12 20 14 20 12 12 16 18 11 10 20 16 16 23 11 23 23 21 26 20 14 26 23 20 20 20 20 20 18 20 4 20 20 18 26 20 20 20 14 20 12 20 20 20 20 27 20 12 20 20 24 20 16 14 20 12 23 16 23 10 2 11 26 26 20 20 27 20 20 20 20 20 20 16 15 18 20 20 20 23 16 20 20 20 20 20 20 20 20 20 20 20 20 20 12 25 18 24 20 26 23 20 18 20 20 20 12 20 20 20 0 20 23 14 23 23 0 12 14 20 16 16 14 23 20 16 24 20 20 24 11 20 14 12 24 14 20 15 20 14 20 20 20 20 16 20 20 20 20 27 20 20 20 14 23 20 20 14 26 20 20 25 20 23 11 14 15 16 24 24 11 20 20 20 20 10 20 20 12 21 23 14 11 20 20
0 23 12 23 23 12 12 12 23 12 12 12 12 12 23 16 23 23 11 24 10 11 10 26 12 21 18 18 29 19 14 12 24 16 23 20 21 12 19 29 11 23 28 11 23 18 20 20 24 15 12 18 10 11 19 12 15 12 23 11 24 16 25 25 24 29 12 21 29 25 12 12 12 12 12 12 12 15 12 12 23 29 12 12 12 0 12 20 12 12 12 12 30 12 11 12 12 27 12 11 0 12 18 24 11 24 12 14 12 29 29 12 12 30 12 12 12 12 12 12 23 23 12 12 12 12 25 23 12 12 12 12 12 12 12 12 12 12 12 12 12 11 28 12 26 12 29 25 12 23 12 12 12 11 12 12 12 14 12 25 0 25 25 0 0 21 12 11 23 19 25 12 23 26 12 12 26 12 12 15 19 27 0 12 23 12 10 12 12 12 12 11 12 12 12 12 30 12 14 12 6 25 12 12 21 29 12 12 28 12 25 12 15 10 15 26 27 12 12 12 12 12 15 12 12 10 24 25 0 16 12 12
0 12 23 12 12 23 23 23 17 23 23 23 23 23 15 11 12 12 23 15 21 16 18 21 23 10 10 10 24 16 12 23 14 11 12 13 10 23 21 24 16 13 24 23 11 10 6 13 14 20 23 10 18 23 23 15 12 23 12 23 16 11 20 18 15 24 23 10 24 20 23 23 23 23 23 23 23 12 23 23 12 24 23 23 23 20 23 0 23 23 23 23 24 23 16 23 23 23 23 23 20 23 10 16 23 16 14 12 15 24 24 23 23 24 23 23 23 23 23 23 12 11 23 23 23 23 18 13 23 23 23 23 23 23 23 23 23 23 23 23 23 16 23 23 21 23 24 20 23 12 23 23 23 16 23 23 23 12 23 18 20 18 18 20 8 0 23 23 12 20 18 23 16 21 23 23 21 15 23 20 13 23 20 23 11 23 20 23 23 23 23 23 23 23 23 23 24 23 23 23 20 20 23 23 10 24 23 23 24 23 18 15 20 21 23 21 23 15 23 23 23 23 12 23 23 18 15 18 20 11 23 23
0 21 16 20 20 16 16 16 20 16 16 16 16 16 20 12 20 20 14 23 12 10 11 24 16 16 14 14 27 14 11 16 23 12 20 15 16 15 14 27 10 18 27 14 18 14 15 15 23 12 16 14 11 14 15 5 12 16 20 14 23 12 24 24 23 27 16 16 27 24 16 16 16 16 16 15 16 11 16 16 21 27 16 16 16 12 16 15 16 16 16 16 28 16 10 16 16 25 16 14 12 16 14 23 14 23 10 11 0 27 27 16 16 28 16 16 16 16 16 16 20 18 15 16 16 16 24 20 16 16 16 16 16 16 16 16 16 16 16 16 16 10 26 15 24 16 27 24 16 21 16 16 16 10 16 16 16 11 16 24 12 24 24 12 15 16 0 14 20 14 24 16 20 24 16 16 24 5 16 12 14 25 12 16 18 16 12 16 16 16 16 14 16 16 16 16 28 16 16 16 12 24 16 16 16 27 16 16 27 16 24 5 12 12 14 24 25 5 16 16 16 16 12 16 16 11 23 24 12 12 16 16
0 25 0 24 24 0 0 0 24 0 0 0 0 0 24 23 24 24 11 26 12 15 14 28 0 24 23 23 31 18 20 0 25 23 24 23 24 10 18 31 15 24 31 11 24 23 23 23 25 14 0 23 14 11 18 16 21 0 24 11 27 23 28 27 26 31 0 24 31 28 0 0 0 0 0 10 0 20 0 0 25 31 0 0 0 12 0 23 0 0 0 0 33 0 15 0 0 29 0 11 12 0 23 27 11 27 18 20 16 31 31 0 0 33 0 0 0 0 0 0 24 24 10 0 0 0 27 24 0 0 0 0 0 0 0 0 0 0 0 0 0 15 31 10 28 0 31 28 0 25 0 0 0 15 0 0 0 20 0 27 12 27 27 12 23 24 0 0 24 18 27 0 24 28 0 0 28 16 0 14 23 29 12 0 24 0 12 0 0 0 0 11 0 0 0 0 33 0 13 0 12 28 0 0 24 31 0 0 31 0 27 16 14 12 14 28 29 16 0 0 0 0 21 0 0 14 26 27 12 23 0 0
0 21 16 20 20 16 16 16 21 16 16 16 16 16 20 12 20 20 14 23 12 10 11 24 16 16 14 14 27 18 11 16 23 12 20 18 16 15 18 27 10 18 27 14 18 14 15 18 23 13 16 14 11 14 18 1 12 16 20 14 23 12 24 24 23 27 16 16 27 24 16 16 16 16 16 15 16 13 16 16 21 27 16 16 16 12 16 15 16 16 16 16 28 16 10 16 16 25 16 14 12 16 14 23 14 23 10 11 4 27 27 16 16 28 16 16 16 16 16 16 20 18 15 16 16 16 24 20 16 16 16 16 16 16 16 16 16 16 16 16 16 10 26 15 24 16 27 24 16 21 16 16 16 10 16 16 16 11 16 24 12 24 24 12 15 16 16 14 0 18 24 16 20 24 16 16 24 1 16 13 18 25 12 16 18 16 12 16 16 16 16 14 16 16 16 16 28 16 16 16 12 24 16 16 16 27 16 16 27 16 24 1 13 12 14 24 25 1 16 16 16 16 12 16 16 11 23 24 12 13 16 16
0 24 11 24 24 11 11 11 24 11 11 11 11 11 24 20 24 24 0 25 10 12 12 27 11 23 21 21 31 19 16 11 24 20 24 23 23 10 19 31 12 23 30 0 23 21 23 23 24 15 11 21 12 6 19 14 18 11 24 0 25 20 27 26 25 31 11 23 31 27 11 11 11 11 11 10 11 16 11 11 24 31 11 11 11 11 11 23 11 11 11 11 31 11 12 11 11 28 11 6 11 11 21 25 0 25 15 16 14 31 31 11 11 31 11 11 11 11 11 11 24 23 10 11 11 11 26 24 11 11 11 11 11 11 11 11 11 11 11 11 11 12 29 10 27 11 31 27 11 24 11 11 11 12 11 11 11 16 11 26 11 26 26 11 23 23 11 0 24 0 26 11 24 27 11 11 27 14 11 15 21 28 11 11 23 11 11 11 11 11 11 0 11 11 11 11 31 11 14 11 11 27 11 11 23 31 11 11 30 11 26 14 15 10 15 27 28 14 11 11 11 11 18 11 11 12 25 26 11 20 11 11
0 25 0 24 24 0 0 0 24 0 0 0 0 0 24 23 24 24 11 26 12 15 14 28 0 24 23 23 31 18 20 0 25 23 24 23 24 10 18 31 15 24 31 11 24 23 23 23 25 14 0 23 14 11 18 16 21 0 24 11 27 23 28 27 26 31 0 24 31 28 0 0 0 0 0 10 0 20 0 0 25 31 0 0 0 12 0 23 0 0 0 0 33 0 15 0 0 29 0 11 12 0 23 27 11 27 18 20 16 31 31 0 0 33 0 0 0 0 0 0 24 24 10 0 0 0 27 24 0 0 0 0 0 0 0 0 0 0 0 0 0 15 31 10 28 0 31 28 0 25 0 0 0 15 0 0 0 20 0 27 12 27 27 12 23 24 0 11 24 18 0 0 24 28 0 0 28 16 0 14 23 29 12 0 24 0 12 0 0 0 0 11 0 0 0 0 33 0 13 0 12 28 0 0 24 31 0 0 31 0 27 16 14 12 14 28 29 16 0 0 0 0 21 0 0 14 26 27 12 23 0 0
0 14 23 12 12 23 23 23 16 23 23 23 23 23 14 10 12 12 21 16 20 15 16 23 23 11 1 6 24 15 12 23 15 10 12 12 11 23 20 24 15 12 24 21 12 0 10 12 15 18 23 0 16 21 23 14 11 23 12 21 18 10 21 20 16 24 23 11 24 21 23 23 23 23 23 23 23 12 23 23 14 24 23 23 23 18 23 10 23 23 23 23 25 23 15 23 23 23 23 21 18 23 3 18 21 18 12 12 14 24 24 23 23 25 23 23 23 23 23 23 12 12 23 23 23 23 20 12 23 23 23 23 23 23 23 23 23 23 23 23 23 15 24 23 23 23 24 21 23 14 23 23 23 15 23 23 23 12 23 20 18 20 20 18 10 11 23 21 12 18 20 0 15 23 23 23 23 14 23 18 12 23 18 23 12 23 18 23 23 23 23 21 23 23 23 23 25 23 23 23 18 21 23 23 11 24 23 23 24 23 20 14 18 20 21 23 23 14 23 23 23 23 11 23 23 16 16 20 18 10 23 23
0 20 18 18 18 18 18 18 23 18 18 18 18 18 21 12 18 18 15 23 14 11 12 24 18 15 12 12 27 19 10 18 21 12 18 19 15 16 19 27 11 19 26 15 16 12 14 19 21 15 18 12 12 15 19 10 11 18 18 15 23 14 24 23 23 27 18 15 27 24 18 18 18 18 18 16 18 15 18 18 20 27 18 18 18 12 18 14 18 18 18 18 27 18 11 18 18 24 18 15 12 18 12 23 15 23 8 10 10 27 27 18 18 27 18 18 18 18 18 18 18 16 16 18 18 18 23 19 18 18 18 18 18 18 18 18 18 18 18 18 18 11 25 16 24 18 27 24 18 20 18 18 18 11 18 18 18 10 18 23 12 23 23 12 14 15 18 15 18 19 23 18 0 24 18 18 24 10 18 15 19 24 12 18 16 18 12 18 18 18 18 15 18 18 18 18 27 18 18 18 12 24 18 18 15 27 18 18 26 18 23 10 15 14 15 24 24 10 18 18 18 18 11 18 18 12 23 23 12 15 18 18
0 12 27 18 14 27 27 27 23 27 27 27 27 27 21 21 16 16 26 11 25 24 24 11 27 16 20 20 16 24 23 27 12 21 17 19 16 27 25 16 24 19 15 26 15 20 18 19 12 25 27 20 24 26 27 24 23 27 14 26 10 21 10 0 11 16 27 16 16 15 27 27 27 27 27 27 27 23 27 27 12 16 27 27 27 25 27 18 27 27 27 27 18 27 24 27 27 12 27 26 25 27 20 10 26 10 23 23 24 16 16 27 27 18 27 27 27 27 27 27 14 15 27 27 27 27 8 19 27 27 27 27 27 27 27 27 27 27 27 27 27 24 15 27 11 27 16 10 27 12 27 27 27 24 27 27 27 23 27 9 25 12 19 25 18 16 27 26 14 25 0 27 22 0 27 27 11 24 27 25 20 12 25 27 15 27 25 27 27 27 27 26 27 27 27 27 18 27 27 27 25 10 27 27 16 16 27 27 15 27 12 24 25 25 26 11 15 24 27 27 27 27 23 27 27 24 11 5 25 21 27 27
0 21 16 20 20 16 16 16 23 16 16 16 16 16 21 12 20 20 14 23 12 10 11 24 16 16 14 14 27 19 11 16 23 12 20 19 16 15 19 27 10 19 27 14 18 14 15 19 23 15 16 14 11 14 19 0 12 16 20 14 23 14 24 24 23 27 16 16 27 24 16 16 16 16 16 15 16 15 16 16 21 27 16 16 16 12 16 15 16 16 16 16 28 16 10 16 16 25 16 14 12 16 14 23 14 23 10 11 5 27 27 16 16 28 16 16 16 16 16 16 20 18 15 16 16 16 24 20 16 16 16 16 16 16 16 16 16 16 16 16 16 10 26 15 24 16 27 24 16 21 16 16 16 10 16 16 16 11 16 24 12 24 24 12 15 16 16 14 20 19 24 16 22 24 0 16 24 0 16 15 19 25 12 16 18 16 12 16 16 16 16 14 16 16 16 16 28 16 16 16 12 24 16 16 16 27 16 16 27 16 24 0 15 12 15 24 25 0 16 16 16 16 12 16 16 11 23 24 12 15 16 16
0 4 25 10 10 25 25 25 12 25 25 25 25 25 10 15 10 10 24 11 24 23 23 15 25 12 14 14 23 23 18 25 10 15 10 12 12 24 24 23 23 11 21 24 11 14 12 12 10 23 25 14 23 24 24 21 16 25 10 24 12 15 14 12 11 23 25 12 23 14 25 25 25 25 25 24 25 18 25 25 0 23 25 25 25 23 25 12 25 25 25 25 23 25 23 25 25 16 25 24 23 25 14 12 24 12 20 18 21 23 23 25 25 23 25 25 25 25 25 25 10 11 24 25 25 25 12 10 25 25 25 25 25 25 25 25 25 25 25 25 25 23 20 24 15 25 23 14 25 3 25 25 25 23 25 25 25 18 25 12 23 12 12 23 12 12 25 24 10 23 12 25 11 15 25 0 15 21 25 23 14 16 23 25 11 25 23 25 25 25 25 24 25 25 25 25 23 25 25 25 23 14 25 25 12 23 25 25 21 25 12 21 23 24 24 15 16 21 25 25 25 25 16 25 25 23 11 12 23 15 25 25
0 25 0 24 24 0 0 0 24 0 0 0 0 0 24 23 24 24 11 26 12 15 14 28 0 24 23 23 31 18 20 0 25 23 24 23 24 10 18 31 15 24 31 11 24 23 23 23 25 14 0 23 14 11 18 16 21 0 24 11 27 23 28 27 26 31 0 24 31 28 0 0 0 0 0 10 0 20 0 0 25 31 0 0 0 12 0 23 0 0 0 0 33 0 15 0 0 29 0 11 12 0 23 27 11 27 18 20 16 31 31 0 0 33 0 0 0 0 0 0 24 24 10 0 0 0 27 24 0 0 0 0 0 0 0 0 0 0 0 0 0 15 31 10 28 0 31 28 0 25 0 0 0 15 0 0 0 20 0 27 12 27 27 12 23 24 0 11 24 18 27 0 24 28 0 0 0 16 0 14 23 29 12 0 24 0 12 0 0 0 0 11 0 0 0 0 33 0 13 0 12 28 0 0 24 31 0 0 31 0 27 16 14 12 14 28 29 16 0 0 0 0 21 0 0 14 26 27 12 23 0 0
0 25 0 24 24 0 0 0 24 0 0 0 0 0 24 23 24 24 11 26 12 15 14 28 0 24 23 23 31 18 20 0 25 23 24 23 24 10 18 31 15 24 31 11 24 23 23 23 25 14 0 23 14 11 18 16 21 0 24 11 27 23 28 27 26 31 0 24 31 28 0 0 0 0 0 10 0 20 0 0 25 31 0 0 0 12 0 23 0 0 0 0 33 0 15 0 0 29 0 11 12 0 23 27 11 27 18 20 16 31 31 0 0 33 0 0 0 0 0 0 24 24 10 0 0 0 27 24 0 0 0 0 0 0 0 0 0 0 0 0 0 15 31 10 28 0 31 28 0 25 0 0 0 15 0 0 0 20 0 27 12 27 27 12 23 24 0 11 24 18 27 0 24 28 0 0 28 0 0 14 23 29 12 0 24 0 12 0 0 0 0 11 0 0 0 0 33 0 13 0 12 28 0 0 24 31 0 0 31 0 27 16 14 12 14 28 29 16 0 0 0 0 21 0 0 14 26 27 12 23 0 0
0 18 20 16 16 20 20 20 16 20 20 20 20 20 16 11 16 16 16 21 15 12 12 24 20 14 12 12 26 12 6 20 20 11 16 12 14 18 15 26 12 15 25 16 15 12 12 12 20 14 20 12 12 16 18 11 10 20 16 16 23 11 23 23 21 26 20 14 26 23 20 20 20 20 20 18 20 8 20 20 18 26 20 20 20 14 20 12 20 20 20 20 27 20 12 20 20 24 20 16 14 20 12 23 16 23 10 1 11 26 26 20 20 27 20 20 20 20 20 20 16 15 18 20 20 20 23 16 20 20 20 20 20 20 20 20 20 20 20 20 20 12 25 18 24 20 26 23 20 18 20 20 20 12 20 20 20 3 20 23 14 23 23 14 12 14 20 16 16 14 23 20 16 24 20 20 24 11 0 14 12 24 14 20 15 20 14 20 20 20 20 16 20 20 20 20 27 20 20 20 14 23 20 20 14 26 20 20 25 20 23 11 14 15 16 24 24 11 20 20 20 20 10 20 20 12 21 23 14 11 20 20
0 21 16 20 20 16 16 16 23 16 16 16 16 16 21 12 20 20 14 23 12 10 11 24 16 16 14 14 27 19 11 16 23 12 20 19 16 15 19 27 10 19 27 14 18 14 15 19 23 15 16 14 11 14 19 0 12 16 20 14 23 14 24 24 23 27 16 16 27 24 16 16 16 16 16 15 16 15 16 16 21 27 16 16 16 12 16 15 16 16 16 16 28 16 10 16 16 25 16 14 12 16 14 23 14 23 10 11 5 27 27 16 16 28 16 16 16 16 16 16 20 18 15 16 16 16 24 20 16 16 16 16 16 16 16 16 16 16 16 16 16 10 26 15 24 16 27 24 16 21 16 16 16 10 16 16 16 11 16 24 12 24 24 12 15 16 16 14 20 19 24 16 22 24 16 16 24 0 16 0 19 25 12 16 18 16 12 16 16 16 16 14 16 16 16 16 28 16 16 16 12 24 16 16 16 27 16 16 27 16 24 0 15 12 15 24 25 0 16 16 16 16 12 16 16 11 23 24 12 15 16 16
0 23 33 23 23 33 33 33 23 33 33 33 33 33 23 25 23 23 31 21 31 28 29 15 33 24 25 25 10 28 27 33 23 25 23 24 24 31 31 10 28 24 11 31 24 25 24 24 23 30 33 25 29 31 31 28 26 33 23 31 20 25 16 18 21 10 33 24 10 16 33 33 33 33 33 31 33 27 33 33 23 10 33 33 33 30 33 24 33 33 33 33 15 33 28 33 33 14 33 31 30 33 25 20 31 20 27 27 28 15 10 33 33 6 33 33 33 33 33 33 23 24 31 33 33 33 18 23 33 33 33 33 33 33 33 33 33 33 33 33 33 28 15 31 15 33 10 16 33 23 33 33 33 28 33 33 33 27 33 18 30 18 19 30 24 24 33 31 23 30 18 33 23 15 33 33 15 28 33 30 0 14 30 33 24 33 30 33 33 33 33 31 33 33 33 33 0 33 33 33 30 16 33 33 24 10 33 33 15 33 18 28 30 31 31 15 15 28 33 33 33 33 26 33 33 29 21 18 30 25 33 33
0 15 28 18 16 28 28 28 23 28 28 28 28 28 21 23 16 16 27 12 27 25 25 10 28 20 23 23 14 25 24 28 14 23 17 21 20 28 27 14 25 19 12 27 18 23 21 21 14 26 28 23 25 27 28 24 23 28 16 27 12 23 10 11 12 14 28 20 14 15 28 28 28 28 28 28 28 24 28 28 15 14 28 28 28 26 28 21 28 28 28 28 15 28 25 28 28 10 28 27 26 28 23 12 27 12 24 24 24 15 14 28 28 15 28 28 28 28 28 28 16 18 28 28 28 28 11 19 28 28 28 28 28 28 28 28 28 28 28 28 28 25 15 28 6 28 14 10 28 15 28 28 28 25 28 28 28 24 28 11 26 12 19 26 21 20 28 27 16 26 11 28 22 10 28 28 0 24 28 26 23 0 26 28 18 28 26 28 28 28 28 27 28 28 28 28 15 28 28 28 26 10 28 28 20 14 28 28 15 28 12 24 26 27 27 0 15 24 28 28 28 28 23 28 28 25 12 11 26 23 28 28
0 15 28 16 16 28 28 28 16 28 28 28 28 28 16 23 16 16 27 12 27 25 25 0 28 20 23 23 14 25 24 28 14 23 16 21 20 28 27 14 25 18 12 27 18 23 21 21 14 26 28 23 25 27 28 24 23 28 16 27 12 23 10 11 12 14 28 20 14 10 28 28 28 28 28 28 28 24 28 28 15 14 28 28 28 26 28 21 28 28 28 28 15 28 25 28 28 10 28 27 26 28 23 12 27 12 24 24 24 14 14 28 28 15 28 28 28 28 28 28 16 18 28 28 28 28 11 16 28 28 28 28 28 28 28 28 28 28 28 28 28 25 12 28 4 28 14 10 28 15 28 28 28 25 28 28 28 24 28 11 26 11 11 26 21 20 28 27 16 26 11 28 16 0 28 28 10 24 28 26 23 10 0 28 18 28 26 28 28 28 28 27 28 28 28 28 15 28 28 28 26 10 28 28 20 14 28 28 12 28 11 24 26 27 27 10 10 24 28 28 28 28 23 28 28 25 12 11 26 23 28 28
0 15 24 2 10 24 24 24 2 24 24 24 24 24 0 14 4 4 24 12 23 21 23 16 24 11 15 21 23 21 21 24 11 14 3 12 21 24 23 23 21 10 23 24 10 14 21 12 21 23 24 14 23 24 24 21 15 24 15 24 21 14 15 21 15 23 24 15 23 15 24 24 24 24 24 24 24 16 24 24 10 23 24 24 24 23 24 15 24 24 24 24 23 24 21 24 24 21 24 24 23 24 12 12 24 21 18 16 20 23 23 24 24 23 24 24 24 24 24 24 21 10 24 24 24 24 14 1 24 24 24 24 24 24 24 24 24 24 24 24 24 21 21 24 16 24 23 21 24 14 24 24 24 21 24 24 24 16 24 14 23 14 14 23 12 21 24 24 8 23 21 24 1 16 24 24 21 21 24 23 12 18 23 0 21 24 23 24 24 24 24 24 24 24 24 24 23 24 24 24 23 21 24 24 11 23 24 24 23 24 14 21 23 23 24 21 18 21 24 24 24 24 15 24 24 23 12 15 23 14 24 24
0 25 0 24 24 0 0 0 24 0 0 0 0 0 24 23 24 24 11 26 12 15 14 28 0 24 23 23 31 18 20 0 25 23 24 23 24 10 18 31 15 24 31 11 24 23 23 23 25 14 0 23 14 11 18 16 21 0 24 11 27 23 28 27 26 31 0 24 31 28 0 0 0 0 0 10 0 20 0 0 25 31 0 0 0 12 0 23 0 0 0 0 33 0 15 0 0 29 0 11 12 0 23 27 11 27 18 20 16 31 31 0 0 33 0 0 0 0 0 0 24 24 10 0 0 0 27 24 0 0 0 0 0 0 0 0 0 0 0 0 0 15 31 10 28 0 31 28 0 25 0 0 0 15 0 0 0 20 0 27 12 27 27 12 23 24 0 11 24 18 27 0 24 28 0 0 28 16 0 14 23 29 12 0 0 0 12 0 0 0 0 11 0 0 0 0 33 0 13 0 12 28 0 0 24 31 0 0 31 0 27 16 14 12 14 28 29 16 0 0 0 0 21 0 0 14 26 27 12 23 0 0
0 11 26 12 12 26 26 26 16 26 26 26 26 26 14 18 12 12 25 3 24 23 24 12 26 14 16 16 20 23 21 26 10 18 12 15 14 25 24 20 23 12 18 25 12 16 15 15 10 24 26 16 24 25 25 23 20 26 12 25 10 18 12 11 0 20 26 14 20 12 26 26 26 26 26 25 26 21 26 26 11 20 26 26 26 24 26 15 26 26 26 26 21 26 23 26 26 14 26 25 24 26 16 10 25 10 23 21 23 20 20 26 26 21 26 26 26 26 26 26 12 12 25 26 26 26 11 12 26 26 26 26 26 26 26 26 26 26 26 26 26 23 16 25 12 26 20 12 26 11 26 26 26 23 26 26 26 21 26 11 24 11 12 24 15 14 26 25 12 24 11 26 15 12 26 26 12 23 26 24 16 14 24 26 12 0 24 26 26 26 26 25 26 26 26 26 21 26 26 26 24 12 26 26 14 20 26 26 18 26 11 23 24 24 25 12 14 23 26 26 26 26 20 26 26 24 3 11 24 18 26 26
0 11 24 18 10 24 24 24 23 24 24 24 24 24 21 12 16 16 23 12 23 20 21 18 24 10 12 12 23 20 15 24 12 12 17 19 10 24 23 23 20 19 23 23 10 12 11 19 12 23 24 12 21 23 24 18 14 24 10 23 14 14 16 15 12 23 24 10 23 16 24 24 24 24 24 24 24 15 24 24 11 23 24 24 24 23 24 11 24 24 24 24 24 24 20 24 24 20 24 23 23 24 12 14 23 14 16 15 18 23 23 24 24 24 24 24 24 24 24 24 10 15 24 24 24 24 15 19 24 24 24 24 24 24 24 24 24 24 24 24 24 20 23 24 18 24 23 16 24 11 24 24 24 20 24 24 24 15 24 15 23 15 19 23 14 10 24 23 12 23 15 24 22 18 24 24 18 18 24 23 19 20 23 24 0 24 0 24 24 24 24 23 24 24 24 24 24 24 24 24 23 16 24 24 15 23 24 24 23 24 15 18 23 23 23 18 20 18 24 24 24 24 14 24 24 21 12 15 23 15 24 24
0 20 31 21 21 31 31 31 21 31 31 31 31 31 21 24 21 21 29 16 28 27 27 12 31 23 24 24 15 27 25 31 18 24 21 23 23 30 28 11 27 23 10 29 23 24 23 23 18 28 31 24 27 29 30 26 24 31 21 29 15 24 12 15 16 15 31 23 15 12 31 31 31 31 31 30 31 25 31 31 20 15 31 31 31 28 31 23 31 31 31 31 12 31 27 31 31 15 31 29 28 31 24 15 29 15 25 25 26 11 15 31 31 12 31 31 31 31 31 31 21 23 30 31 31 31 14 21 31 31 31 31 31 31 31 31 31 31 31 31 31 27 0 30 12 31 15 15 31 20 31 31 31 27 31 31 31 25 31 14 28 14 14 28 23 23 31 29 21 28 15 31 21 12 31 31 15 26 31 28 24 11 28 31 23 31 28 0 31 31 31 29 31 31 31 31 15 31 31 31 28 15 31 31 23 15 31 31 10 31 14 26 28 28 29 15 11 26 31 31 31 31 24 31 31 27 16 14 28 24 31 31
0 1 25 11 10 25 25 25 16 25 25 25 25 25 14 15 10 10 24 11 24 23 23 15 25 12 14 14 23 23 18 25 10 15 10 12 12 24 24 23 23 12 21 24 11 14 12 12 10 23 25 14 23 24 24 21 16 25 10 24 12 15 14 12 11 23 25 12 23 14 25 25 25 25 25 24 25 18 25 25 3 23 25 25 25 23 25 12 25 25 25 25 23 25 23 25 25 16 25 24 23 25 14 12 24 12 20 18 21 23 23 25 25 23 25 25 25 25 25 25 10 11 24 25 25 25 12 12 25 25 25 25 25 25 25 25 25 25 25 25 25 23 20 24 15 25 23 14 25 0 25 25 25 23 25 25 25 18 25 12 23 12 12 23 12 12 25 24 10 23 12 25 15 15 25 25 15 21 25 23 14 16 23 25 11 25 23 25 0 25 25 24 25 25 25 25 23 25 25 25 23 14 25 25 12 23 25 25 21 25 12 21 23 24 24 15 16 21 25 25 25 25 16 25 25 23 11 12 23 15 25 25
0 23 31 23 23 31 31 31 23 31 31 31 31 31 23 25 23 23 31 20 30 28 28 14 31 24 24 24 15 28 26 31 21 25 23 24 24 31 30 4 28 23 10 31 23 24 24 24 21 29 31 24 28 31 31 27 25 31 23 31 18 25 15 16 20 15 31 24 15 15 31 31 31 31 31 31 31 26 31 31 23 15 31 31 31 29 31 24 31 31 31 31 10 31 28 31 31 15 31 31 29 31 24 18 31 18 27 26 27 0 15 31 31 10 31 31 31 31 31 31 23 23 31 31 31 31 16 23 31 31 31 31 31 31 31 31 31 31 31 31 31 28 11 31 14 31 15 15 31 23 31 31 31 28 31 31 31 26 31 16 29 16 16 29 24 24 31 31 23 29 16 31 23 14 31 31 15 27 31 29 24 12 29 31 23 31 29 31 31 0 31 31 31 31 31 31 15 31 31 31 29 15 31 31 24 15 31 31 10 31 16 27 29 30 31 15 12 27 31 31 31 31 25 31 31 28 20 16 29 25 31 31
0 14 24 1 9 24 24 24 3 24 24 24 24 24 1 14 3 3 24 12 23 21 23 16 24 11 14 19 23 21 19 24 11 14 2 12 19 24 23 23 21 10 23 24 10 12 19 12 19 23 24 12 23 24 24 20 15 24 14 24 19 14 15 19 13 23 24 13 23 15 24 24 24 24 24 24 24 16 24 24 10 23 24 24 24 23 24 13 24 24 24 24 23 24 21 24 24 19 24 24 23 24 12 12 24 19 18 16 20 23 23 24 24 23 24 24 24 24 24 24 19 10 24 24 24 24 14 0 24 24 24 24 24 24 24 24 24 24 24 24 24 21 21 24 16 24 23 19 24 12 24 24 24 21 24 24 24 16 24 14 23 14 14 23 12 19 24 24 6 23 19 24 2 16 24 24 19 20 24 23 12 18 23 24 19 24 23 24 24 24 0 24 24 24 24 24 23 24 24 24 23 19 24 24 11 23 24 24 23 24 14 20 23 23 24 19 18 20 24 24 24 24 15 24 24 23 12 14 23 14 24 24
0 25 0 24 24 0 0 0 24 0 0 0 0 0 24 23 24 24 11 26 12 15 14 28 0 24 23 23 31 18 20 0 25 23 24 23 24 10 18 31 15 24 31 11 24 23 23 23 25 14 0 23 14 11 18 16 21 0 24 11 27 23 28 27 26 31 0 24 31 28 0 0 0 0 0 10 0 20 0 0 25 31 0 0 0 12 0 23 0 0 0 0 33 0 15 0 0 29 0 11 12 0 23 27 11 27 18 20 16 31 31 0 0 33 0 0 0 0 0 0 24 24 10 0 0 0 27 24 0 0 0 0 0 0 0 0 0 0 0 0 0 15 31 10 28 0 31 28 0 25 0 0 0 15 0 0 0 20 0 27 12 27 27 12 23 24 0 11 24 18 27 0 24 28 0 0 28 16 0 14 23 29 12 0 24 0 12 0 0 0 0 0 0 0 0 0 33 0 13 0 12 28 0 0 24 31 0 0 31 0 27 16 14 12 14 28 29 16 0 0 0 0 21 0 0 14 26 27 12 23 0 0
0 23 18 23 23 18 18 18 23 18 18 18 18 18 23 16 23 23 19 24 19 19 19 26 18 21 18 19 29 11 19 18 24 16 23 20 21 19 10 29 11 23 28 19 23 18 20 20 24 4 18 18 19 13 12 19 15 18 23 19 24 16 25 25 24 29 18 21 29 25 18 18 18 18 18 19 18 14 18 18 23 29 18 18 18 19 18 20 18 18 18 18 30 18 19 18 18 27 18 13 19 18 18 24 19 24 12 14 14 29 29 18 18 30 18 18 18 18 18 18 23 23 19 18 18 18 25 23 18 18 18 18 18 18 18 18 18 18 18 18 18 19 28 19 26 18 29 25 18 23 18 18 18 11 18 18 18 14 18 25 19 25 25 19 20 21 18 19 23 0 25 18 23 26 18 18 26 19 18 4 18 27 19 18 23 18 9 18 18 18 18 19 0 18 18 18 30 18 12 18 13 25 18 18 21 29 18 18 28 18 25 19 4 19 11 26 27 19 18 18 18 18 15 18 18 19 24 25 19 16 18 18
0 23 15 21 21 15 15 15 21 15 15 15 15 15 21 14 21 21 12 23 12 10 10 25 15 18 15 15 28 9 12 15 23 14 21 16 18 14 12 28 1 20 27 12 20 15 16 16 23 11 15 15 10 12 14 10 12 15 21 12 24 14 24 24 23 28 15 18 28 24 15 15 15 15 15 14 15 12 15 15 23 28 15 15 15 11 15 16 15 15 15 15 28 15 10 15 15 25 15 12 11 15 15 24 12 24 11 12 10 28 28 15 15 28 15 15 15 15 15 15 21 20 14 15 15 15 24 21 15 15 15 15 15 15 15 15 15 15 15 15 15 10 27 14 25 15 28 24 15 23 15 15 15 0 15 15 15 12 15 24 11 24 24 11 16 18 15 12 21 11 24 15 21 25 15 15 25 10 15 11 15 25 11 15 20 15 11 15 15 15 15 12 15 0 15 15 28 15 15 15 11 24 15 15 18 28 15 15 27 15 24 10 11 12 12 25 25 10 15 15 15 15 12 15 15 10 23 24 11 14 15 15
0 11 26 12 12 26 26 26 15 26 26 26 26 26 12 18 12 12 25 2 24 23 24 12 26 14 16 16 20 23 21 26 10 18 12 15 14 25 24 20 23 12 18 25 12 16 15 15 10 24 26 16 24 25 25 23 20 26 12 25 10 18 12 11 2 20 26 14 20 12 26 26 26 26 26 25 26 21 26 26 11 20 26 26 26 24 26 15 26 26 26 26 21 26 23 26 26 14 26 25 24 26 16 10 25 10 23 21 23 20 20 26 26 21 26 26 26 26 26 26 12 12 25 26 26 26 11 12 26 26 26 26 26 26 26 26 26 26 26 26 26 23 16 25 12 26 20 12 26 11 26 26 26 23 26 26 26 21 26 11 24 11 11 24 15 14 26 25 12 24 11 26 14 12 26 26 12 23 26 24 16 14 24 26 12 26 24 26 26 26 26 25 26 26 0 26 21 26 26 26 24 12 26 26 14 20 26 26 18 26 11 23 24 24 25 12 14 23 26 26 26 26 20 26 26 24 2 11 24 18 26 26
0 16 29 18 18 29 29 29 18 29 29 29 29 29 18 23 18 18 28 14 27 25 26 10 29 21 23 23 12 25 24 29 15 23 18 23 21 28 27 12 25 20 12 28 20 23 23 23 15 27 29 23 26 28 28 25 24 29 18 28 12 23 11 12 14 12 29 21 12 11 29 29 29 29 29 28 29 24 29 29 16 12 29 29 29 27 29 23 29 29 29 29 14 29 25 29 29 10 29 28 27 29 23 12 28 12 24 24 25 12 12 29 29 14 29 29 29 29 29 29 18 20 28 29 29 29 12 18 29 29 29 29 29 29 29 29 29 29 29 29 29 25 11 28 10 29 12 11 29 16 29 29 29 25 29 29 29 24 29 12 27 12 12 27 23 21 29 28 18 27 12 29 18 10 29 29 10 25 29 27 23 0 27 29 20 29 27 29 29 29 29 28 29 29 29 0 14 29 29 29 27 11 29 29 21 12 29 29 12 29 12 25 27 27 28 10 4 25 29 29 29 29 24 29 29 26 14 12 27 23 29 29
0 23 33 23 23 33 33 33 23 33 33 33 33 33 23 25 23 23 31 21 31 28 29 15 33 24 25 25 19 28 27 33 23 25 23 24 24 31 31 10 28 24 13 31 24 25 24 24 23 30 33 25 29 31 31 28 26 33 23 31 20 25 16 19 21 19 33 24 19 16 33 33 33 33 33 31 33 27 33 33 23 19 33 33 33 30 33 24 33 33 33 33 4 33 28 33 33 19 33 31 30 33 25 20 31 20 27 27 28 10 19 33 33 13 33 33 33 33 33 33 23 24 31 33 33 33 18 23 33 33 33 33 33 33 33 33 33 33 33 33 33 28 12 31 15 33 19 19 33 23 33 33 33 28 33 33 33 27 33 18 30 18 18 30 24 24 33 31 23 30 19 33 23 15 33 33 19 28 33 30 25 14 30 33 24 33 30 33 33 33 33 31 33 33 33 33 0 33 33 33 30 19 33 33 24 19 33 33 11 33 18 28 30 31 31 19 14 28 33 33 33 33 26 33 33 29 21 18 30 25 33 33
0 23 15 21 21 15 15 15 23 15 15 15 15 15 21 14 21 21 12 23 12 0 10 25 15 18 15 15 28 19 12 15 23 14 21 19 18 14 19 28 9 20 27 12 20 15 16 19 23 15 15 15 10 12 19 10 12 15 21 12 24 14 24 24 23 28 15 18 28 24 15 15 15 15 15 14 15 15 15 15 23 28 15 15 15 11 15 16 15 15 15 15 28 15 0 15 15 25 15 12 11 15 15 24 12 24 11 12 10 28 28 15 15 28 15 15 15 15 15 15 21 20 14 15 15 15 24 21 15 15 15 15 15 15 15 15 15 15 15 15 15 0 27 14 25 15 28 24 15 23 15 15 15 10 15 15 15 12 15 24 11 24 24 11 16 18 15 12 21 19 24 15 22 25 15 15 25 10 15 15 19 25 11 15 20 15 11 15 15 15 15 12 15 15 15 15 28 0 15 15 11 24 15 15 18 28 15 15 27 15 24 10 15 12 15 25 25 10 15 15 15 15 12 15 15 10 23 24 11 15 15 15
0 24 11 24 24 11 11 11 24 11 11 11 11 11 24 20 24 24 0 25 10 12 12 27 11 23 21 21 31 19 16 11 24 20 24 23 23 10 19 31 12 23 30 0 23 21 23 23 24 15 11 21 12 6 19 14 18 11 24 0 25 20 27 26 25 31 11 23 31 27 11 11 11 11 11 10 11 16 11 11 24 31 11 11 11 11 11 23 11 11 11 11 31 11 12 11 11 28 11 6 11 11 21 25 0 25 15 16 14 31 31 11 11 31 11 11 11 11 11 11 24 23 10 11 11 11 26 24 11 11 11 11 11 11 11 11 11 11 11 11 11 12 29 10 27 11 31 27 11 24 11 11 11 12 11 11 11 16 11 26 11 26 26 11 23 23 11 0 24 19 26 11 24 27 11 11 27 14 11 15 21 28 11 11 23 11 11 11 11 11 11 0 11 11 11 11 31 11 0 11 11 27 11 11 23 31 11 11 30 11 26 14 15 10 15 27 28 14 11 11 11 11 18 11 11 12 25 26 11 20 11 11
0 15 23 14 14 23 23 23 14 23 23 23 23 23 14 1 14 14 20 18 18 14 15 23 23 12 10 14 25 14 14 23 16 2 14 11 14 21 18 25 14 12 24 20 12 10 14 11 16 16 23 10 15 20 21 14 10 23 14 20 20 0 23 21 18 25 23 12 25 23 23 23 23 23 23 21 23 11 23 23 15 25 23 23 23 16 23 11 23 23 23 23 25 23 14 23 23 23 23 20 16 23 10 20 20 20 12 11 12 25 25 23 23 25 23 23 23 23 23 23 14 12 21 23 23 23 21 14 23 23 23 23 23 23 23 23 23 23 23 23 23 14 24 21 23 23 25 23 23 15 23 23 23 14 23 23 23 11 23 21 16 21 21 16 11 14 23 20 14 16 21 23 14 23 23 23 23 14 23 16 10 23 16 23 14 23 16 23 23 23 23 20 23 23 23 23 25 23 23 0 16 23 23 23 12 25 23 23 24 23 21 14 16 18 20 23 23 14 23 23 23 23 10 23 23 15 18 21 16 0 23 23
0 23 33 23 23 33 33 33 23 33 33 33 33 33 23 25 23 23 31 21 31 28 29 15 33 24 25 25 10 28 27 33 23 25 23 24 24 31 31 10 28 24 11 31 24 25 24 24 23 30 33 25 29 31 31 28 26 33 23 31 20 25 16 18 21 10 33 24 10 16 33 33 33 33 33 31 33 27 33 33 23 10 33 33 33 30 33 24 33 33 33 33 15 33 28 33 33 14 33 31 30 33 25 20 31 20 27 27 28 15 10 33 33 6 33 33 33 33 33 33 23 24 31 33 33 33 18 23 33 33 33 33 33 33 33 33 33 33 33 33 33 28 15 31 15 33 10 16 33 23 33 33 33 28 33 33 33 27 33 18 30 18 19 30 24 24 33 31 23 30 18 33 23 15 33 33 15 28 33 30 25 14 30 33 24 33 30 33 33 33 33 31 33 33 33 33 0 33 33 33 0 16 33 33 24 10 33 33 15 33 18 28 30 31 31 15 15 28 33 33 33 33 26 33 33 29 21 18 30 25 33 33
0 25 0 24 24 0 0 0 24 0 0 0 0 0 24 23 24 24 11 26 12 15 14 28 0 24 23 23 31 18 20 0 25 23 24 23 24 10 18 31 15 24 31 11 24 23 23 23 25 14 0 23 14 11 18 16 21 0 24 11 27 23 28 27 26 31 0 24 31 28 0 0 0 0 0 10 0 20 0 0 25 31 0 0 0 12 0 23 0 0 0 0 33 0 15 0 0 29 0 11 12 0 23 27 11 27 18 20 16 31 31 0 0 33 0 0 0 0 0 0 24 24 10 0 0 0 27 24 0 0 0 0 0 0 0 0 0 0 0 0 0 15 31 10 28 0 31 28 0 25 0 0 0 15 0 0 0 20 0 27 12 27 27 12 23 24 0 11 24 18 27 0 24 28 0 0 28 16 0 14 23 29 12 0 24 0 12 0 0 0 0 11 0 0 0 0 33 0 13 0 12 0 0 0 24 31 0 0 31 0 27 16 14 12 14 28 29 16 0 0 0 0 21 0 0 14 26 27 12 23 0 0
0 16 24 3 11 24 24 24 1 24 24 24 24 24 1 14 6 6 24 12 23 22 23 16 24 11 16 22 23 21 22 24 11 14 4 12 22 24 23 23 21 10 23 24 11 15 22 12 22 23 24 15 23 24 24 22 15 24 16 24 22 14 16 22 16 23 24 16 23 15 24 24 24 24 24 24 24 16 24 24 11 23 24 24 24 23 24 16 24 24 24 24 23 24 22 24 24 22 24 24 23 24 12 12 24 22 18 16 20 23 23 24 24 23 24 24 24 24 24 24 22 10 24 24 24 24 14 2 24 24 24 24 24 24 24 24 24 24 24 24 24 22 21 24 16 24 23 22 24 15 24 24 24 21 24 24 24 16 24 14 23 14 14 23 12 22 24 24 9 23 22 24 0 16 24 24 22 22 24 23 12 18 23 24 22 24 23 24 24 24 24 24 24 24 24 24 23 24 24 24 23 22 0 24 11 23 24 24 23 24 14 22 23 23 24 22 18 22 24 24 24 24 16 24 24 23 12 16 23 14 24 24
0 21 16 20 20 16 16 16 23 16 16 16 16 16 21 12 20 20 14 23 12 10 11 24 16 16 14 14 27 19 11 16 23 12 20 19 16 15 19 27 10 19 27 14 18 14 15 19 23 15 16 14 11 14 19 0 12 16 20 14 23 14 24 24 23 27 16 16 27 24 16 16 16 16 16 15 16 15 16 16 21 27 16 16 16 12 16 15 16 16 16 16 28 16 10 16 16 25 16 14 12 16 14 23 14 23 10 11 5 27 27 16 16 28 16 16 16 16 16 16 20 18 15 16 16 16 24 20 16 16 16 16 16 16 16 16 16 16 16 16 16 10 26 15 24 16 27 24 16 21 16 16 16 10 16 16 16 11 16 24 12 24 24 12 15 16 16 14 20 19 24 16 22 24 16 16 24 0 16 15 19 25 12 16 18 16 12 16 16 16 16 14 16 16 16 16 28 16 16 16 12 24 16 0 16 27 16 16 27 16 24 0 15 12 15 24 25 0 16 16 16 16 12 16 16 11 23 24 12 15 16 16
0 14 28 18 15 28 28 28 23 28 28 28 28 28 21 23 16 16 27 12 26 24 25 10 28 18 21 21 15 24 23 28 12 23 17 20 18 27 26 15 24 19 14 27 16 21 20 20 12 25 28 21 25 27 27 24 23 28 15 27 11 23 6 10 12 15 28 18 15 15 28 28 28 28 28 27 28 23 28 28 14 15 28 28 28 25 28 20 28 28 28 28 16 28 24 28 28 11 28 27 25 28 21 11 27 11 24 23 24 15 15 28 28 16 28 28 28 28 28 28 15 16 27 28 28 28 10 19 28 28 28 28 28 28 28 28 28 28 28 28 28 24 15 27 10 28 15 0 28 14 28 28 28 24 28 28 28 23 28 10 25 12 19 25 20 18 28 27 15 25 10 28 22 10 28 28 10 24 28 25 21 11 25 28 16 28 25 28 28 28 28 27 28 28 28 28 16 28 28 28 25 0 28 28 0 15 28 28 15 28 12 24 25 26 27 10 15 24 28 28 28 28 23 28 28 25 12 10 25 23 28 28
0 25 0 24 24 0 0 0 24 0 0 0 0 0 24 23 24 24 11 26 12 15 14 28 0 24 23 23 31 18 20 0 25 23 24 23 24 10 18 31 15 24 31 11 24 23 23 23 25 14 0 23 14 11 18 16 21 0 24 11 27 23 28 27 26 31 0 24 31 28 0 0 0 0 0 10 0 20 0 0 25 31 0 0 0 12 0 23 0 0 0 0 33 0 15 0 0 29 0 11 12 0 23 27 11 27 18 20 16 31 31 0 0 33 0 0 0 0 0 0 24 24 10 0 0 0 27 24 0 0 0 0 0 0 0 0 0 0 0 0 0 15 31 10 28 0 31 28 0 25 0 0 0 15 0 0 0 20 0 27 12 27 27 12 23 24 0 11 24 18 27 0 24 28 0 0 28 16 0 14 23 29 12 0 24 0 12 0 0 0 0 11 0 0 0 0 33 0 13 0 12 28 0 0 24 0 0 0 31 0 27 16 14 12 14 28 29 16 0 0 0 0 21 0 0 14 26 27 12 23 0 0
0 20 31 21 21 31 31 31 21 31 31 31 31 31 21 24 21 21 29 16 28 27 27 12 31 23 24 24 11 27 25 31 18 24 21 23 23 30 28 11 27 23 10 29 23 24 23 23 18 28 31 24 27 29 30 26 24 31 21 29 15 24 12 14 16 11 31 23 11 13 31 31 31 31 31 30 31 25 31 31 20 11 31 31 31 28 31 23 31 31 31 31 13 31 27 31 31 11 31 29 28 31 24 15 29 15 25 25 26 13 11 31 31 12 31 31 31 31 31 31 21 23 30 31 31 31 14 21 31 31 31 31 31 31 31 31 31 31 31 31 31 27 13 30 12 31 11 12 31 20 31 31 31 27 31 31 31 25 31 14 28 14 18 28 23 23 31 29 21 28 14 31 21 12 31 31 12 26 31 28 24 11 28 31 23 31 28 31 31 31 31 29 31 31 31 31 12 31 31 31 28 12 31 31 23 11 0 31 13 31 14 26 28 28 29 12 13 26 31 31 31 31 24 31 31 27 16 14 28 24 31 31
0 14 23 12 12 23 23 23 12 23 23 23 23 23 12 10 12 12 21 16 20 19 19 23 23 11 14 19 24 15 19 23 15 10 12 10 19 23 20 24 15 12 24 21 12 12 19 10 19 18 23 12 19 21 23 19 12 23 14 21 19 10 21 20 16 24 23 13 24 21 23 23 23 23 23 23 23 12 23 23 14 24 23 23 23 19 23 13 23 23 23 23 25 23 19 23 23 23 23 21 19 23 9 18 21 19 12 12 14 24 24 23 23 25 23 23 23 23 23 23 19 12 23 23 23 23 20 12 23 23 23 23 23 23 23 23 23 23 23 23 23 19 24 23 23 23 24 21 23 14 23 23 23 15 23 23 23 12 23 20 19 20 20 19 10 19 23 21 12 18 20 23 12 23 23 23 23 19 23 18 0 23 19 23 19 23 18 23 23 23 23 21 23 23 23 23 25 23 23 23 18 21 23 23 11 24 23 0 24 23 20 19 18 20 21 23 23 19 23 23 23 23 14 23 23 19 16 20 19 10 23 23
0 23 31 23 23 31 31 31 23 31 31 31 31 31 23 25 23 23 31 20 30 28 28 14 31 24 24 24 0 28 26 31 21 25 23 24 24 31 30 10 28 23 10 31 23 24 24 24 21 29 31 24 28 31 31 27 25 31 23 31 18 25 15 16 20 0 31 24 0 15 31 31 31 31 31 31 31 26 31 31 23 0 31 31 31 29 31 24 31 31 31 31 15 31 28 31 31 12 31 31 29 31 24 18 31 18 27 26 27 15 0 31 31 10 31 31 31 31 31 31 23 23 31 31 31 31 16 23 31 31 31 31 31 31 31 31 31 31 31 31 31 28 15 31 14 31 0 15 31 23 31 31 31 28 31 31 31 26 31 16 29 16 19 29 24 24 31 31 23 29 16 31 23 14 31 31 14 27 31 29 24 12 29 31 23 31 29 31 31 31 31 31 31 31 31 31 10 31 31 31 29 15 31 31 24 0 31 31 0 31 16 27 29 30 31 14 15 27 31 31 31 31 25 31 31 28 20 16 29 25 31 31
0 6 25 10 10 25 25 25 11 25 25 25 25 25 10 15 10 10 24 11 24 23 23 15 25 12 14 14 23 23 18 25 10 15 10 12 12 24 24 23 23 11 21 24 11 14 12 12 11 23 25 14 23 24 24 21 16 25 10 24 12 15 14 12 11 23 25 12 23 14 25 25 25 25 25 24 25 18 25 25 1 23 25 25 25 23 25 12 25 25 25 25 23 25 23 25 25 16 25 24 23 25 14 12 24 12 20 18 21 23 23 25 25 23 25 25 25 25 25 25 11 11 24 25 25 25 12 10 25 25 25 25 25 25 25 25 25 25 25 25 25 23 20 24 15 25 23 14 25 4 25 25 25 23 25 25 25 18 25 12 23 12 12 23 12 12 25 24 10 23 12 25 10 15 25 25 15 21 25 23 14 16 23 25 11 25 23 25 25 25 25 24 25 25 25 25 23 25 25 25 23 14 25 25 12 23 25 25 21 0 12 21 23 24 24 15 16 21 25 25 25 25 16 25 25 23 11 12 23 15 25 25
0 12 27 15 14 27 27 27 20 27 27 27 27 27 18 21 14 14 26 11 25 24 24 11 27 16 20 20 16 24 23 27 12 21 14 18 16 27 25 16 24 16 15 26 15 20 18 18 12 25 27 20 24 26 27 24 23 27 14 26 10 21 10 3 11 16 27 16 16 12 27 27 27 27 27 27 27 23 27 27 12 16 27 27 27 25 27 18 27 27 27 27 18 27 24 27 27 12 27 26 25 27 20 10 26 10 23 23 24 16 16 27 27 18 27 27 27 27 27 27 14 15 27 27 27 27 5 16 27 27 27 27 27 27 27 27 27 27 27 27 27 24 14 27 11 27 16 10 27 12 27 27 27 24 27 27 27 23 27 6 25 9 16 25 18 16 27 26 14 25 3 27 19 11 27 27 11 24 27 25 20 12 25 27 15 27 25 27 27 27 27 26 27 27 27 27 18 27 27 27 25 10 27 27 16 16 27 27 15 27 0 24 25 25 26 11 12 24 27 27 27 27 23 27 27 24 11 2 25 21 27 27
0 25 0 24 24 0 0 0 24 0 0 0 0 0 24 23 24 24 11 26 12 15 14 28 0 24 23 23 31 18 20 0 25 23 24 23 24 10 18 31 15 24 31 11 24 23 23 23 25 14 0 23 14 11 18 16 21 0 24 11 27 23 28 27 26 31 0 24 31 28 0 0 0 0 0 10 0 20 0 0 25 31 0 0 0 12 0 23 0 0 0 0 33 0 15 0 0 29 0 11 12 0 23 27 11 27 18 20 16 31 31 0 0 33 0 0 0 0 0 0 24 24 10 0 0 0 27 24 0 0 0 0 0 0 0 0 0 0 0 0 0 15 31 10 28 0 31 28 0 25 0 0 0 15 0 0 0 20 0 27 12 27 27 12 23 24 0 11 24 18 27 0 24 28 0 0 28 16 0 14 23 29 12 0 24 0 12 0 0 0 0 11 0 0 0 0 33 0 13 0 12 28 0 0 24 31 0 0 31 0 27 0 14 12 14 28 29 16 0 0 0 0 21 0 0 14 26 27 12 23 0 0
0 21 16 20 20 16 16 16 23 16 16 16 16 16 21 12 20 20 14 23 12 10 11 24 16 16 14 14 27 19 11 16 23 12 20 19 16 15 19 27 10 19 27 14 18 14 15 19 23 15 16 14 11 14 19 0 12 16 20 14 23 14 24 24 23 27 16 16 27 24 16 16 16 16 16 15 16 15 16 16 21 27 16 16 16 12 16 15 16 16 16 16 28 16 10 16 16 25 16 14 12 16 14 23 14 23 10 11 5 27 27 16 16 28 16 16 16 16 16 16 20 18 15 16 16 16 24 20 16 16 16 16 16 16 16 16 16 16 16 16 16 10 26 15 24 16 27 24 16 21 16 16 16 10 16 16 16 11 16 24 12 24 24 12 15 16 16 14 20 19 24 16 22 24 16 16 24 0 16 15 19 25 12 16 18 16 12 16 16 16 16 14 16 16 16 16 28 16 16 16 12 24 16 16 16 27 16 16 27 16 24 0 0 12 15 24 25 0 16 16 16 16 12 16 16 11 23 24 12 15 16 16
0 25 0 24 24 0 0 0 24 0 0 0 0 0 24 23 24 24 11 26 12 15 14 28 0 24 23 23 31 18 20 0 25 23 24 23 24 10 18 31 15 24 31 11 24 23 23 23 25 14 0 23 14 11 18 16 21 0 24 11 27 23 28 27 26 31 0 24 31 28 0 0 0 0 0 10 0 20 0 0 25 31 0 0 0 12 0 23 0 0 0 0 33 0 15 0 0 29 0 11 12 0 23 27 11 27 18 20 16 31 31 0 0 33 0 0 0 0 0 0 24 24 10 0 0 0 27 24 0 0 0 0 0 0 0 0 0 0 0 0 0 15 31 10 28 0 31 28 0 25 0 0 0 15 0 0 0 20 0 27 12 27 27 12 23 24 0 11 24 18 27 0 24 28 0 0 28 16 0 14 23 29 12 0 24 0 12 0 0 0 0 11 0 0 0 0 33 0 13 0 12 28 0 0 24 31 0 0 31 0 27 16 14 0 14 28 29 16 0 0 0 0 21 0 0 14 26 27 12 23 0 0
0 24 12 23 23 12 12 12 23 12 12 12 12 12 23 18 23 23 10 24 0 12 11 27 12 23 20 20 30 19 15 12 24 18 23 21 23 11 19 30 12 23 29 10 23 20 21 21 24 15 12 20 11 10 19 12 16 12 23 10 25 18 26 25 24 30 12 23 30 26 12 12 12 12 12 11 12 15 12 12 24 30 12 12 12 10 12 21 12 12 12 12 31 12 12 12 12 27 12 10 10 12 20 25 10 25 14 15 12 30 30 12 12 31 12 12 12 12 12 12 23 23 11 12 12 12 25 23 12 12 12 12 12 12 12 12 12 12 12 12 12 12 28 11 27 12 30 26 12 24 12 12 12 12 12 12 12 15 12 25 10 25 25 10 21 23 12 10 23 19 25 12 23 27 12 12 27 12 12 15 20 27 10 12 23 12 10 12 12 12 12 10 12 12 12 12 31 12 14 12 10 26 12 12 23 30 12 12 29 12 25 12 15 0 0 27 27 12 12 12 12 12 16 12 12 11 24 25 10 18 12 12
0 25 0 24 24 0 0 0 24 0 0 0 0 0 24 23 24 24 11 26 12 15 14 28 0 24 23 23 31 18 20 0 25 23 24 23 24 10 18 31 15 24 31 11 24 23 23 23 25 14 0 23 14 11 18 16 21 0 24 11 27 23 28 27 26 31 0 24 31 28 0 0 0 0 0 10 0 20 0 0 25 31 0 0 0 12 0 23 0 0 0 0 33 0 15 0 0 29 0 11 12 0 23 27 11 27 18 20 16 31 31 0 0 33 0 0 0 0 0 0 24 24 10 0 0 0 27 24 0 0 0 0 0 0 0 0 0 0 0 0 0 15 31 10 28 0 31 28 0 25 0 0 0 15 0 0 0 20 0 27 12 27 27 12 23 24 0 11 24 18 27 0 24 28 0 0 28 16 0 14 23 29 12 0 24 0 12 0 0 0 0 11 0 0 0 0 33 0 13 0 12 28 0 0 24 31 0 0 31 0 27 16 14 12 14 0 29 16 0 0 0 0 21 0 0 14 26 27 12 23 0 0
0 15 28 18 16 28 28 28 23 28 28 28 28 28 21 23 16 16 27 12 27 25 25 10 28 20 23 23 14 25 24 28 14 23 17 21 20 28 27 14 25 19 12 27 18 23 21 21 14 26 28 23 25 27 28 24 23 28 16 27 12 23 10 11 12 14 28 20 14 15 28 28 28 28 28 28 28 24 28 28 15 14 28 28 28 26 28 21 28 28 28 28 15 28 25 28 28 10 28 27 26 28 23 12 27 12 24 24 24 15 14 28 28 15 28 28 28 28 28 28 16 18 28 28 28 28 11 19 28 28 28 28 28 28 28 28 28 28 28 28 28 25 15 28 6 28 14 10 28 15 28 28 28 25 28 28 28 24 28 11 26 12 19 26 21 20 28 27 16 26 11 28 22 10 28 28 0 24 28 26 23 10 26 28 18 28 26 28 28 28 28 27 28 28 28 28 15 28 28 28 26 10 28 28 20 14 28 28 15 28 12 24 26 27 27 0 0 24 28 28 28 28 23 28 28 25 12 11 26 23 28 28
0 23 14 23 23 14 14 14 23 14 14 14 14 14 23 16 23 23 15 24 15 15 15 26 14 21 18 18 29 11 15 14 24 16 23 20 21 15 10 29 11 23 28 15 23 18 20 20 24 0 14 18 15 11 12 15 15 14 23 15 24 16 25 25 24 29 14 21 29 25 14 14 14 14 14 15 14 14 14 14 23 29 14 14 14 15 14 20 14 14 14 14 30 14 15 14 14 27 14 11 15 14 18 24 15 24 12 14 12 29 29 14 14 30 14 14 14 14 14 14 23 23 15 14 14 14 25 23 14 14 14 14 14 14 14 14 14 14 14 14 14 15 28 15 26 14 29 25 14 23 14 14 14 11 14 14 14 14 14 25 15 25 25 15 20 21 14 15 23 4 25 14 23 26 14 14 26 15 14 0 18 27 15 14 23 14 4 14 14 14 14 15 14 14 14 14 30 14 12 14 9 25 14 14 21 29 14 14 28 14 25 15 0 15 11 26 27 0 14 14 14 14 15 14 14 15 24 25 15 16 14 14
0 24 14 24 24 14 14 14 24 14 14 14 14 14 24 20 24 24 15 25 15 15 15 27 14 23 21 21 31 12 16 14 24 20 24 23 23 15 10 31 12 23 30 15 23 21 23 23 24 11 14 21 15 9 10 15 18 14 24 15 25 20 27 26 25 31 14 23 31 27 14 14 14 14 14 15 14 16 14 14 24 31 14 14 14 15 14 23 14 14 14 14 31 14 15 14 14 28 14 9 15 14 21 25 15 25 15 16 14 31 31 14 14 31 14 14 14 14 14 14 24 23 15 14 14 14 26 24 14 14 14 14 14 14 14 14 14 14 14 14 14 15 29 15 27 14 31 27 14 24 14 14 14 12 14 14 14 16 14 26 15 26 26 15 23 23 14 15 24 11 26 14 24 27 14 14 27 15 14 11 21 28 15 14 23 14 11 14 14 14 14 15 14 14 14 14 31 14 11 14 11 27 14 14 23 31 14 14 30 14 26 15 11 15 0 27 28 15 0 14 14 14 18 14 14 15 25 26 15 20 14 14
0 12 24 11 11 24 24 24 11 24 24 24 24 24 11 12 11 11 23 14 23 18 20 20 24 4 11 15 24 18 15 24 12 12 11 10 15 23 23 24 18 10 23 23 10 11 15 10 15 21 24 11 20 23 23 16 12 24 11 23 15 12 18 16 14 24 24 9 24 18 24 24 24 24 24 23 24 14 24 24 12 24 24 24 24 21 24 10 24 24 24 24 24 24 18 24 24 21 24 23 21 24 11 15 23 15 15 14 16 24 24 24 24 24 24 24 24 24 24 24 15 10 23 24 24 24 16 11 24 24 24 24 24 24 24 24 24 24 24 24 24 18 23 23 20 24 24 18 24 12 24 24 24 18 24 24 24 14 24 16 21 16 16 21 10 15 24 23 11 21 16 24 11 20 24 24 20 16 24 21 11 21 21 24 15 24 21 24 24 24 24 23 24 24 24 24 24 24 24 24 21 18 24 24 0 24 24 24 23 24 16 16 21 23 23 20 21 16 24 0 24 24 12 24 24 20 14 16 21 12 24 24
0 23 12 23 23 12 12 12 23 12 12 12 12 12 23 16 23 23 11 24 10 11 10 26 12 21 18 18 29 11 14 12 24 16 23 20 21 12 10 29 11 23 28 11 23 18 20 20 24 4 12 18 10 11 12 12 15 12 23 11 24 16 25 25 24 29 12 21 29 25 12 12 12 12 12 12 12 14 12 12 23 29 12 12 12 10 12 20 12 12 12 12 30 12 11 12 12 27 12 11 10 12 18 24 11 24 12 14 12 29 29 12 12 30 12 12 12 12 12 12 23 23 12 12 12 12 25 23 12 12 12 12 12 12 12 12 12 12 12 12 12 11 28 12 26 12 29 25 12 23 12 12 12 11 12 12 12 14 12 25 10 25 25 10 20 21 12 11 23 9 25 12 23 26 12 12 26 12 12 4 18 27 10 12 23 12 0 12 12 12 12 11 12 12 12 12 30 12 12 12 4 25 12 12 21 29 12 12 28 12 25 12 4 10 11 26 27 12 12 12 0 12 15 12 12 10 24 25 10 16 12 12
0 23 12 23 23 12 12 12 23 12 12 12 12 12 23 16 23 23 11 24 10 11 10 26 12 21 18 18 29 13 14 12 24 16 23 20 21 12 13 29 11 23 28 11 23 18 20 20 24 9 12 18 10 11 13 12 15 12 23 11 24 16 25 25 24 29 12 21 29 25 12 12 12 12 12 12 12 14 12 12 23 29 12 12 12 6 12 20 12 12 12 12 30 12 11 12 12 27 12 11 6 12 18 24 11 24 12 14 12 29 29 12 12 30 12 12 12 12 12 12 23 23 12 12 12 12 25 23 12 12 12 12 12 12 12 12 12 12 12 12 12 11 28 12 26 12 29 25 12 23 12 12 12 11 12 12 12 14 12 25 6 25 25 6 20 21 12 11 23 13 25 12 23 26 12 12 26 12 12 9 18 27 6 12 23 12 4 12 12 12 12 11 12 12 12 12 30 12 12 12 0 25 12 12 21 29 12 12 28 12 25 12 9 10 11 26 27 12 12 12 12 0 15 12 12 10 24 25 6 16 12 12
0 16 21 18 15 21 21 21 23 21 21 21 21 21 21 12 16 16 18 20 16 12 14 23 21 12 11 11 25 19 10 21 18 11 17 19 12 20 19 25 12 19 25 18 14 11 12 19 18 15 21 11 14 18 20 12 6 21 15 18 21 14 23 23 20 25 21 12 25 23 21 21 21 21 21 20 21 15 21 21 16 25 21 21 21 15 21 12 21 21 21 21 26 21 12 21 21 24 21 18 15 21 11 21 18 21 11 10 12 25 25 21 21 26 21 21 21 21 21 21 15 15 20 21 21 21 23 19 21 21 21 21 21 21 21 21 21 21 21 21 21 12 24 20 23 21 25 23 21 16 21 21 21 12 21 21 21 10 21 23 15 23 23 15 14 12 21 18 15 19 23 21 22 23 21 21 23 12 21 15 19 24 15 21 14 21 15 21 21 21 21 18 21 21 21 21 26 21 21 21 15 23 21 21 15 25 21 21 25 21 23 12 15 16 18 23 24 12 21 21 21 21 0 21 21 14 20 23 15 15 21 21
0 16 29 18 18 29 29 29 18 29 29 29 29 29 18 23 18 18 28 14 27 25 26 10 29 21 23 23 15 25 24 29 15 23 18 23 21 28 27 12 25 20 12 28 20 23 23 23 15 27 29 23 26 28 28 25 24 29 18 28 15 23 11 15 14 15 29 21 15 11 29 29 29 29 29 28 29 24 29 29 16 15 29 29 29 27 29 23 29 29 29 29 14 29 25 29 29 15 29 28 27 29 23 12 28 15 24 24 25 12 15 29 29 14 29 29 29 29 29 29 18 20 28 29 29 29 12 18 29 29 29 29 29 29 29 29 29 29 29 29 29 25 11 28 10 29 15 15 29 16 29 29 29 25 29 29 29 24 29 12 27 12 12 27 23 21 29 28 18 27 15 29 18 10 29 29 15 25 29 27 23 4 27 29 20 29 27 29 29 29 29 28 29 29 29 29 15 29 29 29 27 15 29 29 21 15 29 29 12 29 12 25 27 27 28 15 0 25 29 29 29 29 24 0 29 26 14 12 27 23 29 29
0 25 13 24 24 13 13 13 24 13 13 13 13 13 24 23 24 24 14 26 14 15 14 28 13 24 23 23 31 15 20 13 25 23 24 23 24 14 12 31 15 24 31 14 24 23 23 23 25 12 13 23 14 11 10 16 21 13 24 14 27 23 28 27 26 31 13 24 31 28 13 13 13 13 13 14 13 20 13 13 25 31 13 13 13 14 13 23 13 13 13 13 33 13 15 13 13 29 13 11 14 13 23 27 14 27 18 20 16 31 31 13 13 33 13 13 13 13 13 13 24 24 14 13 13 13 27 24 13 13 13 13 13 13 13 13 13 13 13 13 13 15 31 14 28 13 31 28 13 25 13 13 13 15 13 13 13 20 13 27 14 27 27 14 23 24 13 14 24 12 27 13 24 28 13 13 28 16 13 12 23 29 14 13 24 13 12 13 13 13 13 14 13 13 13 13 33 13 0 13 12 28 13 13 24 31 13 13 31 13 27 16 12 14 11 28 29 16 13 13 13 13 21 13 0 14 26 27 14 23 13 13
0 25 0 24 24 0 0 0 24 0 0 0 0 0 24 23 24 24 11 26 12 15 14 28 0 24 23 23 31 18 20 0 25 23 24 23 24 10 18 31 15 24 31 11 24 23 23 23 25 14 0 23 14 11 18 16 21 0 24 11 27 23 28 27 26 31 0 24 31 28 0 0 0 0 0 10 0 20 0 0 25 31 0 0 0 12 0 23 0 0 0 0 33 0 15 0 0 29 0 11 12 0 23 27 11 27 18 20 16 31 31 0 0 33 0 0 0 0 0 0 24 24 10 0 0 0 27 24 0 0 0 0 0 0 0 0 0 0 0 0 0 15 31 10 28 0 31 28 0 25 0 0 0 15 0 0 0 20 0 27 12 27 27 12 23 24 0 11 24 18 27 0 24 28 0 0 28 16 0 14 23 29 12 0 24 0 12 0 0 0 0 11 0 0 0 0 33 0 13 0 12 28 0 0 24 31 0 0 31 0 27 16 14 12 14 28 29 16 0 0 0 0 21 0 0 0 26 27 12 23 0 0
0 23 14 23 23 14 14 14 23 14 14 14 14 14 23 15 23 23 12 24 11 10 0 25 14 20 16 16 28 19 12 14 23 15 23 19 20 12 19 28 10 21 28 12 21 16 18 19 23 15 14 16 0 12 19 11 14 14 23 12 24 15 25 24 24 28 14 20 28 25 14 14 14 14 14 12 14 15 14 14 23 28 14 14 14 10 14 18 14 14 14 14 29 14 10 14 14 26 14 12 10 14 16 24 12 24 12 12 11 28 28 14 14 29 14 14 14 14 14 14 23 21 12 14 14 14 24 23 14 14 14 14 14 14 14 14 14 14 14 14 14 10 27 12 25 14 28 25 14 23 14 14 14 10 14 14 14 12 14 24 10 24 24 10 18 20 14 12 23 19 24 14 23 25 14 14 25 11 14 15 19 26 10 14 21 14 10 14 14 14 14 12 14 14 14 14 29 14 14 14 10 25 14 14 20 28 14 14 28 14 24 11 15 11 15 25 26 11 14 14 14 14 14 14 14 0 0 24 10 15 14 14
0 12 27 16 14 27 27 27 21 27 27 27 27 27 19 21 14 14 26 11 25 24 24 11 27 16 20 20 16 24 23 27 12 21 15 18 16 27 25 16 24 18 15 26 15 20 18 18 12 25 27 20 24 26 27 24 23 27 14 26 10 21 10 1 11 16 27 16 16 13 27 27 27 27 27 27 27 23 27 27 12 16 27 27 27 25 27 18 27 27 27 27 18 27 24 27 27 12 27 26 25 27 20 10 26 10 23 23 24 16 16 27 27 18 27 27 27 27 27 27 14 15 27 27 27 27 6 18 27 27 27 27 27 27 27 27 27 27 27 27 27 24 14 27 11 27 16 10 27 12 27 27 27 24 27 27 27 23 27 7 25 11 18 25 18 16 27 26 14 25 1 27 20 11 27 27 11 24 27 25 20 12 25 27 15 27 25 27 27 27 27 26 27 27 27 27 18 27 27 27 25 10 27 27 16 16 27 27 15 27 11 24 25 25 26 11 13 24 27 27 27 27 23 27 27 24 11 0 25 21 27 27
0 25 0 24 24 0 0 0 24 0 0 0 0 0 24 23 24 24 11 26 12 15 14 28 0 24 23 23 31 18 20 0 25 23 24 23 24 10 18 31 15 24 31 11 24 23 23 23 25 14 0 23 14 11 18 16 21 0 24 11 27 23 28 27 26 31 0 24 31 28 0 0 0 0 0 10 0 20 0 0 25 31 0 0 0 12 0 23 0 0 0 0 33 0 15 0 0 29 0 11 12 0 23 27 11 27 18 20 16 31 31 0 0 33 0 0 0 0 0 0 24 24 10 0 0 0 27 24 0 0 0 0 0 0 0 0 0 0 0 0 0 15 31 10 28 0 31 28 0 25 0 0 0 15 0 0 0 20 0 27 12 27 27 12 23 24 0 11 24 18 27 0 24 28 0 0 28 16 0 14 23 29 12 0 24 0 12 0 0 0 0 11 0 0 0 0 33 0 13 0 12 28 0 0 24 31 0 0 31 0 27 16 14 12 14 28 29 16 0 0 0 0 21 0 0 14 26 27 0 23 0 0
0 23 12 23 23 12 12 12 23 12 12 12 12 12 23 16 23 23 11 24 10 11 10 26 12 21 18 18 29 19 14 12 24 16 23 20 21 12 19 29 11 23 28 11 23 18 20 20 24 15 12 18 10 11 19 12 15 12 23 11 24 16 25 25 24 29 12 21 29 25 12 12 12 12 12 12 12 15 12 12 23 29 12 12 12 0 12 20 12 12 12 12 30 12 11 12 12 27 12 11 0 12 18 24 11 24 12 14 12 29 29 12 12 30 12 12 12 12 12 12 23 23 12 12 12 12 25 23 12 12 12 12 12 12 12 12 12 12 12 12 12 11 28 12 26 12 29 25 12 23 12 12 12 11 12 12 12 14 12 25 0 25 25 0 20 21 12 11 23 19 25 12 23 26 12 12 26 12 12 15 19 27 0 12 23 12 10 12 12 12 12 11 12 12 12 12 30 12 14 12 6 25 12 12 21 29 12 12 28 12 25 12 15 10 15 26 27 12 12 12 12 12 15 12 12 10 24 25 0 0 12 12
0 11 26 12 12 26 26 26 12 26 26 26 26 26 12 18 12 12 25 0 24 23 24 12 26 14 16 16 20 23 21 26 10 18 12 15 14 25 24 20 23 12 18 25 12 16 15 15 10 24 26 16 24 25 25 23 20 26 12 25 10 18 12 11 4 20 26 14 20 12 26 26 26 26 26 25 26 21 26 26 11 20 26 26 26 24 26 15 26 26 26 26 21 26 23 26 26 14 26 25 24 26 16 10 25 10 23 21 23 20 20 26 26 21 26 26 26 26 26 26 12 12 25 26 26 26 11 12 26 26 26 26 26 26 26 26 26 26 26 26 26 23 16 25 12 26 20 12 26 11 26 26 26 23 26 26 26 21 26 11 24 11 11 24 15 14 26 25 12 24 11 26 12 12 26 26 12 23 26 24 16 14 24 26 12 26 24 26 26 26 26 25 26 26 26 26 21 26 26 26 24 12 26 26 14 20 26 26 18 26 11 23 24 24 25 12 14 23 26 26 26 26 20 26 26 24 0 11 24 18 0 26
0 23 14 23 23 14 14 14 23 14 14 14 14 14 23 16 23 23 15 24 15 15 15 26 14 21 18 18 29 11 15 14 24 16 23 20 21 15 10 29 11 23 28 15 23 18 20 20 24 0 14 18 15 11 12 15 15 14 23 15 24 16 25 25 24 29 14 21 29 25 14 14 14 14 14 15 14 14 14 14 23 29 14 14 14 15 14 20 14 14 14 14 30 14 15 14 14 27 14 11 15 14 18 24 15 24 12 14 12 29 29 14 14 30 14 14 14 14 14 14 23 23 15 14 14 14 25 23 14 14 14 14 14 14 14 14 14 14 14 14 14 15 28 15 26 14 29 25 14 23 14 14 14 11 14 14 14 14 14 25 15 25 25 15 20 21 14 15 23 4 25 14 23 26 14 14 26 15 14 0 18 27 15 14 23 14 4 14 14 14 14 15 14 14 14 14 30 14 12 14 9 25 14 14 21 29 14 14 28 14 25 15 0 15 11 26 27 15 14 14 14 14 15 14 14 15 24 25 15 16 14 0
