12535
191
0 600 75
81 681 57
91 691 41
192 792 51
254 854 51
336 936 51
423 1023 49
672 1272 50
828 1428 51
1231 1831 51
1709 2309 45
1764 2364 41
2018 2618 42
2077 2677 46
2253 2853 40
2602 3202 40
2702 3302 44
2717 3317 46
2839 3439 55
3125 3725 50
3332 3932 46
3408 4008 60
3841 4441 61
4061 4661 52
4140 4740 51
4142 4742 56
4244 4844 62
4350 4950 52
4463 5063 52
4518 5118 51
4604 5204 45
4740 5340 52
4753 5353 63
4834 5434 49
4813 5413 51
4921 5521 64
5059 5659 65
5158 5758 47
5259 5859 62
5326 5926 59
5419 6019 47
5508 6108 66
5575 6175 47
5676 6276 53
5003 5818 43
5924 6524 48
5984 6584 59
6089 6689 52
6100 6700 50
6176 6776 52
6184 6784 47
6318 6918 55
6537 7137 53
6566 7166 47
6641 7241 49
6668 7268 51
6739 7339 59
6703 7303 51
6892 7492 51
6811 7411 57
6689 7289 52
7043 7643 59
7315 7915 51
7398 7998 60
7465 8065 55
7533 8133 146
7666 8266 46
7809 8409 59
7965 8565 51
8069 8669 51
8150 8750 59
8222 8822 51
8313 8913 51
8400 9000 51
8258 8858 55
8504 9104 53
8599 9199 51
8556 9156 46
8691 9291 59
8809 9409 50
8710 9310 39
8898 9498 57
9255 9855 63
9256 9856 50
9414 10014 51
9472 10072 50
10044 10644 61
11148 11748 36
11177 11777 51
11165 11765 50
11269 11869 41
11242 11842 49
11429 12029 51
11507 12107 51
11946 12546 53
12040 12640 57
12104 12704 51
12227 12827 51
12303 12903 50
12649 13249 51
12915 13515 53
13101 13701 43
13118 13718 48
13183 13783 53
13137 13737 47
13372 13972 61
13410 14010 48
13453 14053 51
13354 13954 50
13529 14129 63
13382 13982 49
13601 14201 54
13457 14057 42
13474 14074 59
13524 14082 67
13671 14271 55
13477 14246 56
13782 14382 51
14045 14645 51
14026 14626 40
14364 14964 53
14302 14902 55
13703 14656 60
14513 15113 46
14149 14802 66
14778 15378 67
14604 15204 42
14716 15316 55
15076 15676 47
15106 15706 52
15257 15857 59
15281 15881 42
15211 15811 59
15482 16082 55
15224 15824 61
15647 16247 60
15658 16258 50
15626 16226 42
15755 16355 51
15940 16540 48
15668 16268 67
16249 16849 50
16374 16974 42
16630 17230 58
16754 17354 52
17562 18162 47
17578 18178 63
17629 18229 56
17725 18325 47
17845 18445 55
17961 18561 47
17708 18308 67
18060 18660 51
18116 18716 60
18145 18745 67
18324 18924 51
18394 18994 47
18482 19082 50
18568 19168 49
18670 19270 59
18913 19513 50
18989 19589 46
19001 19601 59
19069 19669 54
19083 19683 49
19223 19823 59
19207 19807 41
19323 19923 67
19297 19897 53
19529 20129 60
19652 20252 50
19733 20333 48
19734 20334 49
19816 20416 56
19830 20430 49
19958 20558 53
20034 20634 44
20111 20711 50
19515 20264 51
20179 20779 53
19196 20430 59
20346 20946 59
20515 21115 58
20102 20697 65
20611 21211 50
20489 21089 48
19660 20913 48
20778 21378 49
20762 21362 59
20961 21561 60
21354 21954 47
0 0 0 0 0 0 0 0 0 0 0 0 0 0 0 0 0 0 0 0 0 0 0 0 0 0 0 0 0 0 0 0 0 0 0 0 0 0 0 0 0 0 0 0 0 0 0 0 0 0 0 0 0 0 0 0 0 0 0 0 0 0 0 0 0 0 0 0 0 0 0 0 0 0 0 0 0 0 0 0 0 0 0 0 0 0 0 0 0 0 0 0 0 0 0 0 0 0 0 0 0 0 0 0 0 0 0 0 0 0 0 0 0 0 0 0 0 0 0 0 0 0 0 0 0 0 0 0 0 0 0 0 0 0 0 0 0 0 0 0 0 0 0 0 0 0 0 0 0 0 0 0 0 0 0 0 0 0 0 0 0 0 0 0 0 0 0 0 0 0 0 0 0 0 0 0 0 0 0 0 0 0 0 0 0 0 0 0 0 0 0 0
0 0 24 27 27 27 27 27 27 27 27 27 27 25 25 12 12 12 18 16 14 27 15 27 24 23 27 27 24 16 27 27 24 27 27 21 27 27 27 27 27 27 27 27 27 21 27 20 24 27 24 27 16 27 26 27 25 20 27 21 16 23 27 27 27 27 27 27 20 27 27 27 27 27 27 15 27 27 14 27 27 24 27 23 27 27 27 27 12 27 14 14 27 27 27 17 27 27 27 27 27 15 21 14 14 26 11 25 24 24 11 27 16 20 20 16 24 23 27 12 21 14 18 16 27 25 16 24 15 15 26 15 20 18 18 12 25 27 20 24 26 27 24 23 27 14 26 10 21 10 6 11 16 27 16 16 10 27 27 27 27 27 27 27 23 27 27 12 16 27 27 27 25 27 18 27 27 27 27 18 27 24 27 27 12 27 26 25 27 20 10 26
0 0 0 24 24 24 24 24 24 24 24 24 24 23 23 11 11 12 24 23 19 24 10 24 18 16 24 24 18 10 24 24 18 24 24 15 24 24 24 24 24 24 24 24 24 12 24 12 21 24 18 24 19 24 23 24 23 12 24 15 15 15 24 24 24 24 24 24 12 24 24 24 24 24 24 0 24 24 10 24 24 18 24 15 24 24 24 24 11 24 18 10 24 24 24 23 24 24 24 24 24 21 12 16 16 23 12 23 20 21 18 24 10 12 12 23 20 15 24 12 12 17 19 10 24 23 23 20 19 23 23 10 12 11 19 12 23 24 12 21 23 24 18 14 24 10 23 14 14 16 15 12 23 24 10 23 16 24 24 24 24 24 24 24 15 24 24 11 23 24 24 24 23 24 11 24 24 24 24 24 24 20 24 24 20 24 23 23 24 12 14 23
0 20 10 0 15 15 15 15 15 15 15 15 15 15 12 23 23 23 28 28 21 15 20 15 15 11 15 15 15 18 15 15 15 15 15 14 15 15 15 15 15 15 15 15 15 14 15 15 10 15 15 15 18 15 15 15 15 15 15 14 18 12 15 15 15 15 15 15 15 15 15 15 15 15 15 20 15 15 21 15 15 10 15 12 15 15 15 15 23 15 21 21 15 15 15 21 15 15 15 15 15 21 14 21 21 15 23 15 15 15 25 15 18 15 15 28 4 15 15 23 14 21 16 18 15 12 28 5 20 27 15 20 15 16 16 23 11 15 15 15 12 14 15 12 15 21 15 24 14 24 24 23 28 15 18 28 24 15 15 15 15 15 15 15 12 15 15 23 28 15 15 15 15 15 16 15 15 15 15 28 15 15 15 15 25 15 12 15 15 15 24 15
0 11 23 25 0 25 25 25 25 25 25 25 25 23 24 0 0 4 23 23 11 24 11 25 21 20 25 25 21 12 25 25 21 25 25 15 25 25 25 25 25 25 25 25 25 15 25 14 23 25 21 25 12 25 24 25 23 14 25 15 12 18 25 25 25 25 25 24 14 25 25 25 25 25 25 11 25 25 10 25 25 21 25 18 25 25 25 25 2 25 10 10 25 25 25 15 25 25 25 25 25 12 15 10 10 24 11 24 23 23 15 25 12 14 14 23 23 18 25 10 15 10 12 12 24 24 23 23 11 21 24 11 14 12 12 10 23 25 14 23 24 24 21 16 25 10 24 12 15 14 12 11 23 25 12 23 14 25 25 25 25 25 24 25 18 25 25 2 23 25 25 25 23 25 12 25 25 25 25 23 25 23 25 25 16 25 24 23 25 14 12 24
0 12 23 25 25 0 25 25 25 25 25 25 25 23 24 4 4 0 23 23 10 24 11 25 21 20 25 25 21 12 25 25 21 25 25 15 25 25 25 25 25 25 25 25 25 15 25 14 23 25 21 25 12 25 24 25 23 14 25 15 12 18 25 25 25 25 25 24 14 25 25 25 25 25 25 12 25 25 10 25 25 21 25 18 25 25 25 25 7 25 10 10 25 25 25 10 25 25 25 25 25 10 15 10 10 24 11 24 23 23 15 25 12 14 14 23 23 18 25 10 15 10 12 12 24 24 23 23 11 21 24 11 14 12 12 12 23 25 14 23 24 24 21 16 25 10 24 12 15 14 12 11 23 25 12 23 14 25 25 25 25 25 24 25 18 25 25 2 23 25 25 25 23 25 12 25 25 25 25 23 25 23 25 25 16 25 24 23 25 14 12 24
0 12 23 25 25 25 0 25 25 25 25 25 25 23 24 4 4 0 23 23 10 24 11 25 21 20 25 25 21 12 25 25 21 25 25 15 25 25 25 25 25 25 25 25 25 15 25 14 23 25 21 25 12 25 24 25 23 14 25 15 12 18 25 25 25 25 25 24 14 25 25 25 25 25 25 12 25 25 10 25 25 21 25 18 25 25 25 25 7 25 10 10 25 25 25 10 25 25 25 25 25 10 15 10 10 24 11 24 23 23 15 25 12 14 14 23 23 18 25 10 15 10 12 12 24 24 23 23 11 21 24 11 14 12 12 12 23 25 14 23 24 24 21 16 25 10 24 12 15 14 12 11 23 25 12 23 14 25 25 25 25 25 24 25 18 25 25 2 23 25 25 25 23 25 12 25 25 25 25 23 25 23 25 25 16 25 24 23 25 14 12 24
0 12 15 23 23 23 23 0 23 23 23 23 23 16 18 15 15 15 25 25 19 21 12 23 12 15 23 23 12 12 23 23 12 23 23 15 23 23 23 23 23 23 23 23 23 12 23 10 15 23 12 23 19 23 20 23 16 10 23 15 15 11 23 23 23 23 23 21 10 23 23 23 23 23 23 12 23 23 14 23 23 12 23 15 23 23 23 23 15 23 18 14 23 23 23 23 23 23 23 23 23 21 12 16 16 20 18 18 14 15 23 23 12 10 10 25 19 11 23 16 11 17 19 12 21 19 25 14 19 24 20 12 10 11 19 16 16 23 10 15 20 21 12 10 23 14 20 20 14 23 21 18 25 23 12 25 23 23 23 23 23 23 21 23 15 23 23 15 25 23 23 23 16 23 11 23 23 23 23 25 23 14 23 23 23 23 20 16 23 10 20 20
0 23 23 24 24 24 24 24 0 24 24 24 24 23 23 15 15 10 23 23 3 24 12 24 23 18 24 24 23 17 24 24 23 24 24 14 24 24 24 24 24 24 24 24 24 14 24 23 23 24 23 24 11 24 24 24 23 23 24 14 11 17 24 24 24 24 24 24 17 24 24 24 24 24 24 23 24 24 17 24 24 20 24 16 24 24 24 24 17 24 4 12 24 24 24 0 24 24 24 24 24 2 14 7 7 24 12 23 23 23 16 24 12 17 23 23 21 23 24 12 14 6 12 23 24 23 23 21 10 23 24 12 16 23 12 23 23 24 16 23 24 24 23 16 24 17 24 23 14 17 23 17 23 24 17 23 15 24 24 24 24 24 24 24 16 24 24 12 23 24 24 24 23 24 17 24 24 24 24 23 24 23 24 24 23 24 24 23 24 12 12 24
0 23 23 24 24 24 24 24 24 0 24 24 24 23 23 15 15 10 23 23 3 24 12 24 23 18 24 24 23 17 24 24 23 24 24 14 24 24 24 24 24 24 24 24 24 14 24 23 23 24 23 24 11 24 24 24 23 23 24 14 11 17 24 24 24 24 24 24 17 24 24 24 24 24 24 23 24 24 17 24 24 20 24 16 24 24 24 24 17 24 4 12 24 24 24 0 24 24 24 24 24 2 14 7 7 24 12 23 23 23 16 24 12 17 23 23 21 23 24 12 14 6 12 23 24 23 23 21 10 23 24 12 16 23 12 23 23 24 16 23 24 24 23 16 24 17 24 23 14 17 23 17 23 24 17 23 15 24 24 24 24 24 24 24 16 24 24 12 23 24 24 24 23 24 17 24 24 24 24 23 24 23 24 24 23 24 24 23 24 12 12 24
0 24 23 24 24 24 24 24 24 24 0 24 24 24 23 16 16 11 24 23 4 24 14 24 24 18 24 24 24 18 24 24 24 24 24 14 24 24 24 24 24 24 24 24 24 14 24 24 23 24 24 24 11 24 24 24 24 24 24 14 11 18 24 24 24 24 24 24 18 24 24 24 24 24 24 24 24 24 18 24 24 20 24 16 24 24 24 24 18 24 6 13 24 24 24 1 24 24 24 24 24 3 14 8 8 24 14 24 24 24 16 24 14 18 24 24 21 24 24 14 14 7 12 24 24 23 23 21 10 23 24 14 17 24 12 24 23 24 17 24 24 24 24 17 24 18 24 24 14 18 24 18 24 24 18 24 15 24 24 24 24 24 24 24 16 24 24 13 24 24 24 24 24 24 18 24 24 24 24 23 24 24 24 24 24 24 24 24 24 14 14 24
0 16 12 18 18 18 18 18 18 18 18 0 18 12 14 20 20 20 27 27 18 16 16 18 10 13 18 18 10 15 18 18 10 18 18 13 18 18 18 18 18 18 18 18 18 12 18 12 13 18 10 18 18 18 15 18 12 12 18 13 15 10 18 18 18 18 18 16 12 18 18 18 18 18 18 16 18 18 18 18 18 10 18 13 18 18 18 18 20 18 18 18 18 18 18 21 18 18 18 18 18 19 12 18 18 15 23 14 11 12 24 18 15 12 12 27 18 10 18 21 12 18 18 15 16 18 27 11 18 26 15 16 12 14 18 21 13 18 12 12 15 18 10 11 18 18 15 23 12 24 23 23 27 18 15 27 24 18 18 18 18 18 16 18 13 18 18 20 27 18 18 18 12 18 14 18 18 18 18 27 18 11 18 18 24 18 15 12 18 12 23 15
0 20 10 15 15 15 15 15 15 15 15 15 0 11 12 23 23 23 28 28 21 14 20 15 10 11 15 15 10 18 15 15 10 15 15 14 15 15 15 15 15 15 15 15 15 14 15 15 10 15 10 15 18 15 12 15 11 15 15 14 18 12 15 15 15 15 15 14 15 15 15 15 15 15 15 20 15 15 21 15 15 10 15 12 15 15 15 15 23 15 21 21 15 15 15 21 15 15 15 15 15 21 14 21 21 12 23 12 9 10 25 15 18 15 15 28 10 12 15 23 14 21 16 18 14 12 28 0 20 27 12 20 15 16 16 23 11 15 15 10 12 14 10 12 15 21 12 24 14 24 24 23 28 15 18 28 24 15 15 15 15 15 14 15 12 15 15 23 28 15 15 15 11 15 16 15 15 15 15 28 15 9 15 15 25 15 12 11 15 15 24 12
0 23 10 12 12 12 12 12 12 12 12 12 12 0 10 23 23 23 30 29 23 12 23 12 12 12 12 12 12 21 12 12 12 12 12 16 12 12 12 12 12 12 12 12 12 16 12 18 10 12 12 12 21 12 11 12 6 18 12 16 21 14 12 12 12 12 12 12 18 12 12 12 12 12 12 23 12 12 23 12 12 12 12 14 12 12 12 12 23 12 23 23 12 12 12 23 12 12 12 12 12 23 16 23 23 11 24 10 11 10 26 12 21 18 18 29 13 14 12 24 16 23 20 21 12 13 29 11 23 28 11 23 18 20 20 24 9 12 18 10 11 13 12 15 12 23 11 24 16 25 25 24 29 12 21 29 25 12 12 12 12 12 12 12 14 12 12 23 29 12 12 12 6 12 20 12 12 12 12 30 12 11 12 12 27 12 11 6 12 18 24 11
0 23 10 12 12 12 12 12 12 12 12 12 12 0 0 23 23 23 30 29 23 12 23 12 12 15 12 12 12 21 12 12 12 12 12 16 12 12 12 12 12 12 12 12 12 16 12 18 15 12 12 12 21 12 11 12 0 18 12 16 21 14 12 12 12 12 12 12 18 12 12 12 12 12 12 23 12 12 23 12 12 12 12 15 12 12 12 12 23 12 23 23 12 12 12 23 12 12 12 12 12 23 16 23 23 11 24 10 11 10 26 12 21 18 18 29 19 14 12 24 16 23 20 21 12 19 29 11 23 28 11 23 18 20 20 24 15 12 18 10 11 19 12 15 12 23 11 24 16 25 25 24 29 12 21 29 25 12 12 12 12 12 12 12 15 12 12 23 29 12 12 12 0 12 20 12 12 12 12 30 12 11 12 12 27 12 11 0 12 18 24 11
0 11 23 25 25 25 25 25 25 25 25 25 25 23 24 0 8 12 23 23 19 24 11 25 21 20 25 25 21 12 25 25 21 25 25 15 25 25 25 25 25 25 25 25 25 15 25 14 23 25 21 25 19 25 24 25 23 14 25 15 15 18 25 25 25 25 25 24 14 25 25 25 25 25 25 11 25 25 10 25 25 21 25 18 25 25 25 25 5 25 18 10 25 25 25 23 25 25 25 25 25 21 15 16 16 24 11 24 23 23 15 25 12 14 14 23 23 18 25 10 15 17 19 12 24 24 23 23 19 21 24 11 14 12 19 10 23 25 14 23 24 24 21 16 25 10 24 12 15 14 12 11 23 25 12 23 15 25 25 25 25 25 24 25 18 25 25 10 23 25 25 25 23 25 12 25 25 25 25 23 25 23 25 25 16 25 24 23 25 14 12 24
0 11 23 25 25 25 25 25 25 25 25 25 25 23 24 8 0 12 23 23 19 24 11 25 21 20 25 25 21 12 25 25 21 25 25 15 25 25 25 25 25 25 25 25 25 15 25 14 23 25 21 25 19 25 24 25 23 14 25 15 15 18 25 25 25 25 25 24 14 25 25 25 25 25 25 11 25 25 10 25 25 21 25 18 25 25 25 25 5 25 18 10 25 25 25 23 25 25 25 25 25 21 15 16 16 24 11 24 23 23 15 25 12 14 14 23 23 18 25 10 15 17 19 12 24 24 23 23 19 21 24 11 14 12 19 10 23 25 14 23 24 24 21 16 25 10 24 12 15 14 12 11 23 25 12 23 15 25 25 25 25 25 24 25 18 25 25 10 23 25 25 25 23 25 12 25 25 25 25 23 25 23 25 25 16 25 24 23 25 14 12 24
0 11 23 25 25 25 25 25 25 25 25 25 25 23 24 8 8 0 23 23 19 24 11 25 21 20 25 25 21 12 25 25 21 25 25 15 25 25 25 25 25 25 25 25 25 15 25 14 23 25 21 25 19 25 24 25 23 14 25 15 15 18 25 25 25 25 25 24 14 25 25 25 25 25 25 11 25 25 10 25 25 21 25 18 25 25 25 25 5 25 18 10 25 25 25 23 25 25 25 25 25 21 15 16 16 24 11 24 23 23 15 25 12 14 14 23 23 18 25 10 15 17 19 12 24 24 23 23 19 21 24 11 14 12 19 10 23 25 14 23 24 24 21 16 25 10 24 12 15 14 12 11 23 25 12 23 15 25 25 25 25 25 24 25 18 25 25 10 23 25 25 25 23 25 12 25 25 25 25 23 25 23 25 25 16 25 24 23 25 14 12 24
0 24 29 33 33 33 33 33 33 33 33 33 33 30 31 23 23 23 0 10 23 31 24 33 28 27 33 33 28 24 33 33 28 33 33 25 33 33 33 33 33 33 33 33 33 25 33 25 29 33 28 33 24 33 31 33 30 25 33 25 24 27 33 33 33 33 33 31 25 33 33 33 33 33 33 24 33 33 23 33 33 28 33 27 33 33 33 33 23 33 23 23 33 33 33 23 33 33 33 33 33 23 25 23 23 31 21 31 28 29 15 33 24 25 25 10 28 27 33 23 25 23 24 24 31 31 10 28 24 11 31 24 25 24 24 23 30 33 25 29 31 31 28 26 33 23 31 20 25 16 18 21 10 33 24 10 16 33 33 33 33 33 31 33 27 33 33 23 10 33 33 33 30 33 24 33 33 33 33 4 33 28 33 33 14 33 31 30 33 25 20 31
0 24 29 33 33 33 33 33 33 33 33 33 33 30 31 23 23 23 0 0 23 31 24 33 28 27 33 33 28 24 33 33 28 33 33 25 33 33 33 33 33 33 33 33 33 25 33 25 29 33 28 33 24 33 31 33 30 25 33 25 24 27 33 33 33 33 33 31 25 33 33 33 33 33 33 24 33 33 23 33 33 28 33 27 33 33 33 33 23 33 23 23 33 33 33 23 33 33 33 33 33 23 25 23 23 31 21 31 28 29 15 33 24 25 25 10 28 27 33 23 25 23 24 24 31 31 10 28 24 11 31 24 25 24 24 23 30 33 25 29 31 31 28 26 33 23 31 20 25 16 18 21 10 33 24 10 16 33 33 33 33 33 31 33 27 33 33 23 10 33 33 33 30 33 24 33 33 33 33 15 33 28 33 33 14 33 31 30 33 25 20 31
0 10 23 24 24 24 24 24 24 24 24 24 24 23 23 10 10 11 23 23 0 24 10 24 20 18 24 24 20 11 24 24 20 24 24 14 24 24 24 24 24 24 24 24 24 14 24 12 23 24 20 24 18 24 24 24 23 12 24 14 13 16 24 24 24 24 24 24 12 24 24 24 24 24 24 10 24 24 4 24 24 20 24 16 24 24 24 24 10 24 16 9 24 24 24 21 24 24 24 24 24 19 14 14 14 24 12 23 21 23 16 24 11 12 12 23 21 16 24 11 14 15 18 11 24 23 23 21 18 23 24 10 12 12 18 11 23 24 12 23 24 24 20 15 24 4 24 12 14 15 14 12 23 24 11 23 15 24 24 24 24 24 24 24 16 24 24 10 23 24 24 24 23 24 12 24 24 24 24 23 24 21 24 24 18 24 24 23 24 12 12 24
0 24 14 0 0 0 0 0 0 0 0 0 0 12 12 25 25 25 33 31 24 0 24 0 16 18 0 0 16 24 0 0 16 0 0 23 0 0 0 0 0 0 0 0 0 23 0 23 14 0 16 0 24 0 11 0 12 23 0 23 24 20 0 0 0 0 0 10 23 0 0 0 0 0 0 24 0 0 24 0 0 16 0 20 0 0 0 0 25 0 24 24 0 0 0 24 0 0 0 0 0 24 23 24 24 11 26 12 15 14 28 0 24 23 23 31 18 20 0 25 23 24 23 24 10 18 31 15 24 31 11 24 23 23 23 25 14 0 23 14 11 18 16 21 0 24 11 27 23 28 27 26 31 0 24 31 28 0 0 0 0 0 10 0 20 0 0 25 31 0 0 0 12 0 23 0 0 0 0 33 0 15 0 0 29 0 11 12 0 23 27 11
0 24 12 10 10 10 10 10 10 10 10 10 10 12 11 24 24 24 31 31 24 0 0 10 15 16 10 10 15 23 10 10 15 10 10 21 10 10 10 10 10 10 10 10 10 21 10 23 15 10 15 10 23 10 10 10 12 23 10 21 23 18 10 10 10 10 10 0 23 10 10 10 10 10 10 24 10 10 24 10 10 15 10 18 10 10 10 10 24 10 24 24 10 10 10 24 10 10 10 10 10 24 21 24 24 10 25 11 14 12 28 10 23 23 23 31 19 18 10 25 21 24 23 23 0 19 31 14 24 31 10 24 23 23 23 25 15 10 23 12 10 19 15 20 10 24 10 26 21 27 27 25 31 10 23 31 27 10 10 10 10 10 0 10 18 10 10 24 31 10 10 10 12 10 23 10 10 10 10 31 10 14 10 10 28 10 10 12 10 23 26 10
0 11 23 25 25 25 25 25 25 25 25 25 25 23 24 2 2 2 23 23 10 24 11 0 21 20 25 25 21 12 25 25 21 25 25 15 25 25 25 25 25 25 25 25 25 15 25 14 23 25 21 25 12 25 24 25 23 14 25 15 12 18 25 25 25 25 25 24 14 25 25 25 25 25 25 11 25 25 10 25 25 21 25 18 25 25 25 25 4 25 10 10 25 25 25 12 25 25 25 25 25 10 15 10 10 24 11 24 23 23 15 25 12 14 14 23 23 18 25 10 15 10 12 12 24 24 23 23 11 21 24 11 14 12 12 10 23 25 14 23 24 24 21 16 25 10 24 12 15 14 12 11 23 25 12 23 14 25 25 25 25 25 24 25 18 25 25 0 23 25 25 25 23 25 12 25 25 25 25 23 25 23 25 25 16 25 24 23 25 14 12 24
0 24 14 0 0 0 0 0 0 0 0 0 0 12 12 25 25 25 33 31 24 10 24 0 0 18 0 0 16 24 0 0 16 0 0 23 0 0 0 0 0 0 0 0 0 23 0 23 14 0 16 0 24 0 11 0 12 23 0 23 24 20 0 0 0 0 0 10 23 0 0 0 0 0 0 24 0 0 24 0 0 16 0 20 0 0 0 0 25 0 24 24 0 0 0 24 0 0 0 0 0 24 23 24 24 11 26 12 15 14 28 0 24 23 23 31 18 20 0 25 23 24 23 24 10 18 31 15 24 31 11 24 23 23 23 25 14 0 23 14 11 18 16 21 0 24 11 27 23 28 27 26 31 0 24 31 28 0 0 0 0 0 10 0 20 0 0 25 31 0 0 0 12 0 23 0 0 0 0 33 0 15 0 0 29 0 11 12 0 23 27 11
0 18 11 16 16 16 16 16 16 16 16 16 16 12 12 21 21 21 28 27 20 15 18 16 0 0 16 16 0 16 16 16 0 16 16 15 16 16 16 16 16 16 16 16 16 12 16 14 15 16 0 16 19 16 14 16 12 14 16 15 16 11 16 16 16 16 16 15 14 16 16 16 16 16 16 18 16 16 20 16 16 9 16 15 16 16 16 16 21 16 20 20 16 16 16 23 16 16 16 16 16 21 12 20 20 14 23 12 10 11 24 16 16 14 14 27 19 11 16 23 12 20 19 16 15 19 27 10 19 27 14 18 14 15 19 23 15 16 14 11 14 19 0 12 16 20 14 23 14 24 24 23 27 16 16 27 24 16 16 16 16 16 15 16 15 16 16 21 27 16 16 16 12 16 15 16 16 16 16 28 16 10 16 16 25 16 14 12 16 14 23 14
0 14 14 21 21 21 21 21 21 21 21 21 21 15 16 16 16 16 26 25 15 20 14 21 14 11 0 21 14 12 21 21 14 21 21 10 21 21 21 21 21 21 21 21 21 10 21 14 14 21 14 21 12 21 18 21 15 14 21 10 12 10 21 21 21 21 21 20 11 21 21 21 21 21 21 14 21 21 15 21 21 12 21 10 21 21 21 21 16 21 15 15 21 21 21 15 21 21 21 21 21 15 10 15 15 18 20 16 14 14 23 21 12 11 14 25 12 14 21 18 10 15 12 14 20 16 25 12 14 25 18 14 11 14 12 18 15 21 11 14 18 20 14 7 21 15 18 21 10 23 23 20 25 21 12 25 23 21 21 21 21 21 20 21 10 21 21 16 25 21 21 21 15 21 12 21 21 21 21 26 21 14 21 21 24 21 18 15 21 11 21 18
0 15 24 27 27 27 27 27 27 27 27 27 27 24 25 12 12 12 20 18 12 26 14 27 23 23 27 0 23 15 27 27 23 27 27 20 27 27 27 27 27 27 27 27 27 20 27 18 24 27 23 27 15 27 25 27 24 18 27 20 15 23 27 27 27 27 27 26 18 27 27 27 27 27 27 15 27 27 12 27 27 23 27 23 27 27 27 27 12 27 12 12 27 27 27 12 27 27 27 27 27 12 20 12 12 25 10 25 24 24 12 27 15 18 18 18 24 23 27 11 20 12 16 15 26 25 18 24 14 16 25 14 18 16 16 15 24 27 18 24 25 26 23 21 27 12 25 15 20 11 15 10 18 27 15 18 11 27 27 27 27 27 26 27 23 27 27 12 18 27 27 27 24 27 16 27 27 27 27 20 27 24 27 27 15 27 25 24 27 18 4 25
0 24 14 0 0 0 0 0 0 0 0 0 0 12 12 25 25 25 33 31 24 10 24 0 16 18 0 0 0 24 0 0 16 0 0 23 0 0 0 0 0 0 0 0 0 23 0 23 14 0 16 0 24 0 11 0 12 23 0 23 24 20 0 0 0 0 0 10 23 0 0 0 0 0 0 24 0 0 24 0 0 16 0 20 0 0 0 0 25 0 24 24 0 0 0 24 0 0 0 0 0 24 23 24 24 11 26 12 15 14 28 0 24 23 23 31 18 20 0 25 23 24 23 24 10 18 31 15 24 31 11 24 23 23 23 25 14 0 23 14 11 18 16 21 0 24 11 27 23 28 27 26 31 0 24 31 28 0 0 0 0 0 10 0 20 0 0 25 31 0 0 0 12 0 23 0 0 0 0 33 0 15 0 0 29 0 11 12 0 23 27 11
0 18 11 16 16 16 16 16 16 16 16 16 16 12 12 21 21 21 28 27 20 15 18 16 0 15 16 16 0 0 16 16 0 16 16 15 16 16 16 16 16 16 16 16 16 12 16 14 15 16 0 16 19 16 14 16 12 14 16 15 16 11 16 16 16 16 16 15 14 16 16 16 16 16 16 18 16 16 20 16 16 9 16 15 16 16 16 16 21 16 20 20 16 16 16 23 16 16 16 16 16 21 12 20 20 14 23 12 10 11 24 16 16 14 14 27 19 11 16 23 12 20 19 16 15 19 27 10 19 27 14 18 14 15 19 23 15 16 14 11 14 19 0 12 16 20 14 23 14 24 24 23 27 16 16 27 24 16 16 16 16 16 15 16 15 16 16 21 27 16 16 16 12 16 15 16 16 16 16 28 16 10 16 16 25 16 14 12 16 14 23 14
0 11 23 25 25 25 25 25 25 25 25 25 25 23 24 5 5 9 23 23 16 24 11 25 21 20 25 25 21 12 0 25 21 25 25 15 25 25 25 25 25 25 25 25 25 15 25 14 23 25 21 25 16 25 24 25 23 14 25 15 12 18 25 25 25 25 25 24 14 25 25 25 25 25 25 11 25 25 10 25 25 21 25 18 25 25 25 25 2 25 15 10 25 25 25 20 25 25 25 25 25 18 15 13 13 24 11 24 23 23 15 25 12 14 14 23 23 18 25 10 15 14 16 12 24 24 23 23 16 21 24 11 14 12 16 10 23 25 14 23 24 24 21 16 25 10 24 12 15 14 12 11 23 25 12 23 14 25 25 25 25 25 24 25 18 25 25 7 23 25 25 25 23 25 12 25 25 25 25 23 25 23 25 25 16 25 24 23 25 14 12 24
0 24 12 10 10 10 10 10 10 10 10 10 10 12 11 24 24 24 31 31 24 6 24 10 15 16 10 10 15 23 10 0 15 10 10 21 10 10 10 10 10 10 10 10 10 21 10 23 12 10 15 10 23 10 10 10 12 23 10 21 23 18 10 10 10 10 10 6 23 10 10 10 10 10 10 24 10 10 24 10 10 15 10 18 10 10 10 10 24 10 24 24 10 10 10 24 10 10 10 10 10 24 21 24 24 10 25 11 14 12 28 10 23 23 23 31 14 18 10 25 21 24 23 23 6 13 31 14 24 31 10 24 23 23 23 25 12 10 23 12 10 13 15 20 10 24 10 26 21 27 27 25 31 10 23 31 27 10 10 10 10 10 6 10 18 10 10 24 31 10 10 10 12 10 23 10 10 10 10 31 10 14 10 10 28 10 10 12 10 23 26 10
0 24 14 0 0 0 0 0 0 0 0 0 0 12 12 25 25 25 33 31 24 10 24 0 16 18 0 0 16 24 0 0 0 0 0 23 0 0 0 0 0 0 0 0 0 23 0 23 14 0 16 0 24 0 11 0 12 23 0 23 24 20 0 0 0 0 0 10 23 0 0 0 0 0 0 24 0 0 24 0 0 16 0 20 0 0 0 0 25 0 24 24 0 0 0 24 0 0 0 0 0 24 23 24 24 11 26 12 15 14 28 0 24 23 23 31 18 20 0 25 23 24 23 24 10 18 31 15 24 31 11 24 23 23 23 25 14 0 23 14 11 18 16 21 0 24 11 27 23 28 27 26 31 0 24 31 28 0 0 0 0 0 10 0 20 0 0 25 31 0 0 0 12 0 23 0 0 0 0 33 0 15 0 0 29 0 11 12 0 23 27 11
0 18 25 28 28 28 28 28 28 28 28 28 28 26 27 15 15 15 15 14 16 28 18 28 24 24 28 28 24 20 28 28 24 0 28 23 28 28 28 28 28 28 28 28 28 23 28 23 25 28 24 28 20 28 27 28 26 23 28 23 20 24 28 28 28 28 28 28 23 28 28 28 28 28 28 18 28 28 16 28 28 24 28 24 28 28 28 28 15 28 16 16 28 28 28 16 28 28 28 28 28 16 23 16 16 27 12 27 25 25 4 28 20 23 23 15 25 24 28 14 23 16 21 20 28 27 14 25 18 12 27 18 23 21 21 15 26 28 23 25 27 28 24 23 28 16 27 15 23 10 15 12 15 28 20 15 10 28 28 28 28 28 28 28 24 28 28 15 15 28 28 28 26 28 21 28 28 28 28 15 28 25 28 28 15 28 27 26 28 23 12 27
0 24 12 14 14 14 14 14 14 14 14 14 14 15 11 24 24 24 31 31 24 15 24 14 15 16 14 14 15 23 14 14 15 14 0 21 14 14 14 14 14 14 14 14 14 21 14 23 12 14 15 14 23 14 15 14 15 23 14 21 23 18 14 14 14 14 14 15 23 14 14 14 14 14 14 24 14 14 24 14 14 15 14 18 14 14 14 14 24 14 24 24 14 14 14 24 14 14 14 14 14 24 21 24 24 15 25 15 15 15 28 14 23 23 23 31 14 18 14 25 21 24 23 23 15 11 31 14 24 31 15 24 23 23 23 25 12 14 23 15 10 4 15 20 14 24 15 26 21 27 27 25 31 14 23 31 27 14 14 14 14 14 15 14 18 14 14 24 31 14 14 14 15 14 23 14 14 14 14 31 14 15 14 14 28 14 10 15 14 23 26 15
0 18 11 16 16 16 16 16 16 16 16 16 16 12 12 21 21 21 28 27 20 15 18 16 0 15 16 16 0 16 16 16 0 16 16 0 16 16 16 16 16 16 16 16 16 12 16 14 15 16 0 16 19 16 14 16 12 14 16 15 16 11 16 16 16 16 16 15 14 16 16 16 16 16 16 18 16 16 20 16 16 9 16 15 16 16 16 16 21 16 20 20 16 16 16 23 16 16 16 16 16 21 12 20 20 14 23 12 10 11 24 16 16 14 14 27 19 11 16 23 12 20 19 16 15 19 27 10 19 27 14 18 14 15 19 23 15 16 14 11 14 19 0 12 16 20 14 23 14 24 24 23 27 16 16 27 24 16 16 16 16 16 15 16 15 16 16 21 27 16 16 16 12 16 15 16 16 16 16 28 16 10 16 16 25 16 14 12 16 14 23 14
0 20 26 29 29 29 29 29 29 29 29 29 29 27 27 16 16 16 14 13 18 28 20 29 25 24 29 29 25 21 29 29 25 29 29 23 0 29 29 29 29 29 29 29 29 23 29 23 26 29 25 29 21 29 28 29 27 23 29 23 21 24 29 29 29 29 29 28 23 29 29 29 29 29 29 20 29 29 18 29 29 25 29 24 29 29 29 29 16 29 18 18 29 29 29 18 29 29 29 29 29 18 23 18 18 28 14 27 25 26 10 29 21 23 23 12 25 24 29 15 23 18 23 21 28 27 12 25 20 12 28 20 23 23 23 15 27 29 23 26 28 28 25 24 29 18 28 12 23 11 12 14 12 29 21 12 11 29 29 29 29 29 28 29 24 29 29 16 12 29 29 29 27 29 23 29 29 29 29 14 29 25 29 29 6 29 28 27 29 23 12 28
0 21 27 30 30 30 30 30 30 30 30 30 30 27 28 18 18 18 12 12 20 29 21 30 25 25 30 30 25 23 30 30 25 30 30 24 30 0 30 30 30 30 30 30 30 24 30 23 27 30 25 30 23 30 28 30 27 23 30 24 23 24 30 30 30 30 30 29 23 30 30 30 30 30 30 21 30 30 20 30 30 25 30 24 30 30 30 30 18 30 20 20 30 30 30 20 30 30 30 30 30 20 24 20 20 28 15 28 26 27 11 30 23 23 23 12 26 24 30 16 24 20 23 23 29 28 12 26 21 11 28 21 23 23 23 16 27 30 23 27 28 29 25 24 30 20 28 14 24 12 12 15 12 30 23 12 12 30 30 30 30 30 29 30 24 30 30 18 12 30 30 30 27 30 23 30 30 30 30 12 30 26 30 30 10 30 28 27 30 23 14 28
0 23 11 12 12 12 12 12 12 12 12 12 12 10 0 24 24 24 31 30 23 11 23 12 12 14 12 12 12 23 12 12 12 12 12 18 12 12 0 12 12 12 12 12 12 18 12 20 11 12 12 12 23 12 10 12 10 20 12 18 23 15 12 12 12 12 12 11 20 12 12 12 12 12 12 23 12 12 23 12 12 12 12 15 12 12 12 12 24 12 23 23 12 12 12 23 12 12 12 12 12 23 18 23 23 10 24 6 12 11 27 12 23 20 20 30 13 15 12 24 18 23 21 23 11 13 30 12 23 29 10 23 20 21 21 24 10 12 20 11 10 13 12 16 12 23 10 25 18 26 25 24 30 12 23 30 26 12 12 12 12 12 11 12 15 12 12 24 30 12 12 12 10 12 21 12 12 12 12 31 12 12 12 12 27 12 10 10 12 20 25 10
0 15 24 27 27 27 27 27 27 27 27 27 27 25 25 12 12 12 18 16 14 27 15 27 24 23 27 27 24 16 27 27 24 27 27 21 27 27 27 0 27 27 27 27 27 21 27 20 24 27 24 27 16 27 26 27 25 20 27 21 16 23 27 27 27 27 27 27 20 27 27 27 27 27 27 15 27 27 14 27 27 24 27 23 27 27 27 27 12 27 14 14 27 27 27 14 27 27 27 27 27 14 21 14 14 26 11 25 24 24 11 27 16 20 20 16 24 23 27 12 21 14 18 16 27 25 16 24 15 15 26 15 20 18 18 15 25 27 20 24 26 27 24 23 27 14 26 15 21 10 15 11 16 27 16 16 10 27 27 27 27 27 27 27 23 27 27 12 16 27 27 27 25 27 18 27 27 27 27 18 27 24 27 27 15 27 26 25 27 20 10 26
0 10 20 24 24 24 24 24 24 24 24 24 24 21 23 12 12 12 24 24 13 23 10 24 16 15 24 24 16 0 24 24 16 24 24 12 24 24 24 24 0 24 24 24 24 12 24 11 20 24 16 24 13 24 23 24 21 11 24 12 9 14 24 24 24 24 24 23 11 24 24 24 24 24 24 10 24 24 11 24 24 16 24 14 24 24 24 24 12 24 12 11 24 24 24 17 24 24 24 24 24 15 12 11 11 23 14 23 18 20 20 24 4 11 11 24 18 14 24 12 12 11 13 6 23 23 24 18 13 23 23 10 11 10 13 12 21 24 11 20 23 23 16 12 24 11 23 15 12 18 16 14 24 24 0 24 18 24 24 24 24 24 23 24 14 24 24 12 24 24 24 24 21 24 10 24 24 24 24 24 24 18 24 24 21 24 23 21 24 11 15 23
0 23 10 12 12 12 12 12 12 12 12 12 12 10 10 23 23 23 30 29 23 12 23 12 12 12 12 12 12 21 12 12 12 12 12 16 12 12 12 12 12 0 12 12 12 16 12 18 10 12 12 12 21 12 11 12 10 18 12 16 21 14 12 12 12 12 12 12 18 12 12 12 12 12 12 23 12 12 23 12 12 12 12 14 12 12 12 12 23 12 23 23 12 12 12 23 12 12 12 12 12 23 16 23 23 11 24 10 11 10 26 12 21 18 18 29 11 14 12 24 16 23 20 21 12 10 29 11 23 28 11 23 18 20 20 24 4 12 18 10 11 12 12 15 12 23 11 24 16 25 25 24 29 12 21 29 25 12 12 12 12 12 12 12 14 12 12 23 29 12 12 12 10 12 20 12 12 12 12 30 12 11 12 12 27 12 11 10 12 18 24 11
0 23 28 31 31 31 31 31 31 31 31 31 31 29 30 23 23 23 10 13 23 31 23 31 27 27 31 31 27 24 31 31 27 31 31 25 31 31 31 31 31 31 0 31 31 25 31 24 28 31 27 31 24 31 31 31 29 24 31 25 24 26 31 31 31 31 31 31 24 31 31 31 31 31 31 23 31 31 23 31 31 27 31 26 31 31 31 31 23 31 23 23 31 31 31 23 31 31 31 31 31 23 25 23 23 31 20 30 28 28 14 31 24 24 24 6 28 26 31 21 25 23 24 24 31 30 4 28 23 10 31 23 24 24 24 21 29 31 24 28 31 31 27 25 31 23 31 18 25 15 16 20 6 31 24 6 15 31 31 31 31 31 31 31 26 31 31 23 6 31 31 31 29 31 24 31 31 31 31 10 31 28 31 31 12 31 31 29 31 24 18 31
0 23 10 12 12 12 12 12 12 12 12 12 12 10 10 23 23 23 30 29 23 12 23 12 12 12 12 12 12 21 12 12 12 12 12 16 12 12 12 12 12 12 12 0 12 16 12 18 10 12 12 12 21 12 11 12 10 18 12 16 21 14 12 12 12 12 12 12 18 12 12 12 12 12 12 23 12 12 23 12 12 12 12 14 12 12 12 12 23 12 23 23 12 12 12 23 12 12 12 12 12 23 16 23 23 11 24 10 11 10 26 12 21 18 18 29 11 14 12 24 16 23 20 21 12 10 29 11 23 28 11 23 18 20 20 24 4 12 18 10 11 12 12 15 12 23 11 24 16 25 25 24 29 12 21 29 25 12 12 12 12 12 12 12 14 12 12 23 29 12 12 12 10 12 20 12 12 12 12 30 12 11 12 12 27 12 11 10 12 18 24 11
0 16 12 18 18 18 18 18 18 18 18 18 18 15 14 20 20 20 27 27 18 16 16 18 15 0 18 18 15 15 18 18 15 18 18 12 18 18 18 18 18 18 18 18 0 12 18 15 12 18 15 18 15 18 15 18 15 15 18 12 15 10 18 18 18 18 18 16 12 18 18 18 18 18 18 16 18 18 18 18 18 10 18 10 18 18 18 18 20 18 18 18 18 18 18 18 18 18 18 18 18 18 12 18 18 15 23 15 15 15 24 18 15 12 15 27 11 15 18 21 12 18 14 15 16 14 27 11 16 26 15 16 12 15 14 21 12 18 12 15 15 16 15 11 18 18 15 23 12 24 23 23 27 18 15 27 24 18 18 18 18 18 16 18 10 18 18 20 27 18 18 18 15 18 14 18 18 18 18 27 18 15 18 18 24 18 15 15 18 12 23 15
0 12 15 23 23 23 23 23 23 23 23 23 23 16 18 15 15 15 25 25 18 21 12 23 12 13 23 23 12 12 23 23 12 23 23 13 23 23 23 23 23 23 23 23 23 0 23 10 15 23 12 23 18 23 20 23 16 10 23 13 13 11 23 23 23 23 23 21 10 23 23 23 23 23 23 12 23 23 14 23 23 12 23 13 23 23 23 23 15 23 16 14 23 23 23 21 23 23 23 23 23 19 11 14 14 20 18 18 14 15 23 23 12 10 10 25 18 11 23 16 10 15 18 12 21 18 25 14 18 24 20 12 10 11 18 16 16 23 10 15 20 21 12 10 23 14 20 20 12 23 21 18 25 23 12 25 23 23 23 23 23 23 21 23 13 23 23 15 25 23 23 23 16 23 11 23 23 23 23 25 23 14 23 23 23 23 20 16 23 10 20 20
0 24 14 13 13 13 13 13 13 13 13 13 13 14 12 25 25 25 33 31 24 14 24 13 16 18 13 13 16 24 13 13 16 13 13 23 13 13 13 13 13 13 13 13 13 23 0 23 14 13 16 13 24 13 14 13 14 23 13 23 24 20 13 13 13 13 13 14 23 13 13 13 13 13 13 24 13 13 24 13 13 16 13 20 13 13 13 13 25 13 24 24 13 13 13 24 13 13 13 13 13 24 23 24 24 14 26 14 15 14 28 13 24 23 23 31 15 20 13 25 23 24 23 24 14 12 31 15 24 31 14 24 23 23 23 25 12 13 23 14 11 10 16 21 13 24 14 27 23 28 27 26 31 13 24 31 28 13 13 13 13 13 14 13 20 13 13 25 31 13 13 13 14 13 23 13 13 13 13 33 13 15 13 13 29 13 11 14 13 23 27 14
0 24 14 0 0 0 0 0 0 0 0 0 0 12 12 25 25 25 33 31 24 10 24 0 16 18 0 0 16 24 0 0 16 0 0 23 0 0 0 0 0 0 0 0 0 23 0 0 14 0 16 0 24 0 11 0 12 23 0 23 24 20 0 0 0 0 0 10 23 0 0 0 0 0 0 24 0 0 24 0 0 16 0 20 0 0 0 0 25 0 24 24 0 0 0 24 0 0 0 0 0 24 23 24 24 11 26 12 15 14 28 0 24 23 23 31 18 20 0 25 23 24 23 24 10 18 31 15 24 31 11 24 23 23 23 25 14 0 23 14 11 18 16 21 0 24 11 27 23 28 27 26 31 0 24 31 28 0 0 0 0 0 10 0 20 0 0 25 31 0 0 0 12 0 23 0 0 0 0 33 0 15 0 0 29 0 11 12 0 23 27 11
0 12 16 23 23 23 23 23 23 23 23 23 23 18 20 14 14 14 25 24 19 23 12 23 14 15 23 23 14 11 23 23 14 23 23 15 23 23 23 23 23 23 23 23 23 12 23 0 0 23 14 23 19 23 21 23 18 0 23 15 15 12 23 23 23 23 23 23 6 23 23 23 23 23 23 12 23 23 12 23 23 14 23 15 23 23 23 23 14 23 18 12 23 23 23 23 23 23 23 23 23 21 12 16 16 21 16 20 15 16 23 23 11 5 0 24 19 12 23 15 11 17 19 11 23 20 24 15 19 24 21 12 6 10 19 15 18 23 6 16 21 23 14 11 23 12 21 18 14 21 20 16 24 23 11 24 21 23 23 23 23 23 23 23 15 23 23 14 24 23 23 23 18 23 10 23 23 23 23 25 23 15 23 23 23 23 21 18 23 10 18 21
0 10 23 24 24 24 24 24 24 24 24 24 24 23 23 10 10 10 23 23 10 24 10 24 20 18 24 24 20 11 24 24 20 24 24 14 24 24 24 24 24 24 24 24 24 14 24 12 23 0 20 24 11 24 24 24 23 12 24 14 11 16 24 24 24 24 24 24 12 24 24 24 24 24 24 10 24 24 3 24 24 20 24 16 24 24 24 24 10 24 9 1 24 24 24 14 24 24 24 24 24 11 14 6 6 24 12 23 21 23 16 24 11 12 12 23 21 16 24 11 14 8 12 11 24 23 23 21 10 23 24 10 12 12 12 11 23 24 12 23 24 24 20 15 24 3 24 12 14 15 14 12 23 24 11 23 15 24 24 24 24 24 24 24 16 24 24 10 23 24 24 24 23 24 12 24 24 24 24 23 24 21 24 24 18 24 24 23 24 12 12 24
0 24 14 0 0 0 0 0 0 0 0 0 0 12 12 25 25 25 33 31 24 10 24 0 16 18 0 0 16 24 0 0 16 0 0 23 0 0 0 0 0 0 0 0 0 23 0 23 14 0 0 0 24 0 11 0 12 23 0 23 24 20 0 0 0 0 0 10 23 0 0 0 0 0 0 24 0 0 24 0 0 16 0 20 0 0 0 0 25 0 24 24 0 0 0 24 0 0 0 0 0 24 23 24 24 11 26 12 15 14 28 0 24 23 23 31 18 20 0 25 23 24 23 24 10 18 31 15 24 31 11 24 23 23 23 25 14 0 23 14 11 18 16 21 0 24 11 27 23 28 27 26 31 0 24 31 28 0 0 0 0 0 10 0 20 0 0 25 31 0 0 0 12 0 23 0 0 0 0 33 0 15 0 0 29 0 11 12 0 23 27 11
0 14 14 21 21 21 21 21 21 21 21 21 21 15 16 16 16 16 26 25 15 20 14 21 12 11 21 21 12 12 21 21 12 21 21 10 21 21 21 21 21 21 21 21 21 10 21 11 14 21 12 0 12 21 18 21 15 11 21 10 12 10 21 21 21 21 21 20 11 21 21 21 21 21 21 14 21 21 15 21 21 12 21 10 21 21 21 21 16 21 15 15 21 21 21 16 21 21 21 21 21 15 10 15 15 18 20 16 12 14 23 21 12 11 11 25 12 10 21 18 10 15 12 12 20 16 25 12 14 25 18 14 11 12 12 18 15 21 11 14 18 20 12 0 21 15 18 21 10 23 23 20 25 21 12 25 23 21 21 21 21 21 20 21 10 21 21 16 25 21 21 21 15 21 12 21 21 21 21 26 21 12 21 21 24 21 18 15 21 11 21 18
0 18 11 16 16 16 16 16 16 16 16 16 16 12 12 21 21 21 28 27 20 15 18 16 0 15 16 16 0 16 16 16 0 16 16 15 16 16 16 16 16 16 16 16 16 12 16 14 15 16 0 16 0 16 14 16 12 14 16 15 16 11 16 16 16 16 16 15 14 16 16 16 16 16 16 18 16 16 20 16 16 9 16 15 16 16 16 16 21 16 20 20 16 16 16 23 16 16 16 16 16 21 12 20 20 14 23 12 10 11 24 16 16 14 14 27 19 11 16 23 12 20 19 16 15 19 27 10 19 27 14 18 14 15 19 23 15 16 14 11 14 19 0 12 16 20 14 23 14 24 24 23 27 16 16 27 24 16 16 16 16 16 15 16 15 16 16 21 27 16 16 16 12 16 15 16 16 16 16 28 16 10 16 16 25 16 14 12 16 14 23 14
0 11 23 25 25 25 25 25 25 25 25 25 25 23 24 6 6 11 23 23 18 24 11 25 21 20 25 25 21 12 25 25 21 25 25 15 25 25 25 25 25 25 25 25 25 15 25 14 23 25 21 25 18 0 24 25 23 14 25 15 13 18 25 25 25 25 25 24 14 25 25 25 25 25 25 11 25 25 10 25 25 21 25 18 25 25 25 25 4 25 16 10 25 25 25 21 25 25 25 25 25 19 15 14 14 24 11 24 23 23 15 25 12 14 14 23 23 18 25 10 15 15 18 12 24 24 23 23 18 21 24 11 14 12 18 10 23 25 14 23 24 24 21 16 25 10 24 12 15 14 12 11 23 25 12 23 14 25 25 25 25 25 24 25 18 25 25 9 23 25 25 25 23 25 12 25 25 25 25 23 25 23 25 25 16 25 24 23 25 14 12 24
0 24 14 0 0 0 0 0 0 0 0 0 0 12 12 25 25 25 33 31 24 10 24 0 16 18 0 0 16 24 0 0 16 0 0 23 0 0 0 0 0 0 0 0 0 23 0 23 14 0 16 0 24 0 0 0 12 23 0 23 24 20 0 0 0 0 0 10 23 0 0 0 0 0 0 24 0 0 24 0 0 16 0 20 0 0 0 0 25 0 24 24 0 0 0 24 0 0 0 0 0 24 23 24 24 11 26 12 15 14 28 0 24 23 23 31 18 20 0 25 23 24 23 24 10 18 31 15 24 31 11 24 23 23 23 25 14 0 23 14 11 18 16 21 0 24 11 27 23 28 27 26 31 0 24 31 28 0 0 0 0 0 10 0 20 0 0 25 31 0 0 0 12 0 23 0 0 0 0 33 0 15 0 0 29 0 11 12 0 23 27 11
0 21 0 14 14 14 14 14 14 14 14 14 14 10 11 23 23 23 29 28 23 12 21 14 11 12 14 14 11 20 14 14 11 14 14 15 14 14 14 14 14 14 14 14 14 15 14 16 4 14 11 14 20 14 12 0 10 16 14 15 20 12 14 14 14 14 14 12 16 14 14 14 14 14 14 21 14 14 23 14 14 11 14 12 14 14 14 14 23 14 23 23 14 14 14 23 14 14 14 14 14 23 15 23 23 12 24 11 10 10 25 14 20 16 16 28 10 12 14 23 15 23 18 20 12 11 28 10 21 28 12 21 16 18 18 23 10 14 16 10 12 12 11 14 14 23 12 24 15 25 24 24 28 14 20 28 25 14 14 14 14 14 12 14 12 14 14 23 28 14 14 14 10 14 18 14 14 14 14 29 14 10 14 14 26 14 12 10 14 16 24 12
0 21 4 14 14 14 14 14 14 14 14 14 14 15 11 23 23 23 29 28 23 15 21 14 15 12 14 14 15 20 14 14 15 14 14 15 14 14 14 14 14 14 14 14 14 15 14 16 0 14 15 14 20 14 15 14 0 16 14 15 20 12 14 14 14 14 14 15 16 14 14 14 14 14 14 21 14 14 23 14 14 11 14 12 14 14 14 14 23 14 23 23 14 14 14 23 14 14 14 14 14 23 15 23 23 15 24 15 15 15 25 14 20 16 16 28 10 15 14 23 15 23 18 20 15 11 28 10 21 28 15 21 16 18 18 23 10 14 16 15 12 12 15 14 14 23 15 24 15 25 24 24 28 14 20 28 25 14 14 14 14 14 15 14 12 14 14 23 28 14 14 14 15 14 18 14 14 14 14 29 14 15 14 14 26 14 12 15 14 16 24 15
0 24 14 0 0 0 0 0 0 0 0 0 0 12 12 25 25 25 33 31 24 10 24 0 16 18 0 0 16 24 0 0 16 0 0 23 0 0 0 0 0 0 0 0 0 23 0 23 14 0 16 0 24 0 11 0 12 0 0 23 24 20 0 0 0 0 0 10 23 0 0 0 0 0 0 24 0 0 24 0 0 16 0 20 0 0 0 0 25 0 24 24 0 0 0 24 0 0 0 0 0 24 23 24 24 11 26 12 15 14 28 0 24 23 23 31 18 20 0 25 23 24 23 24 10 18 31 15 24 31 11 24 23 23 23 25 14 0 23 14 11 18 16 21 0 24 11 27 23 28 27 26 31 0 24 31 28 0 0 0 0 0 10 0 20 0 0 25 31 0 0 0 12 0 23 0 0 0 0 33 0 15 0 0 29 0 11 12 0 23 27 11
0 18 11 16 16 16 16 16 16 16 16 16 16 15 12 21 21 21 28 27 20 15 18 16 15 10 16 16 15 16 16 16 15 16 16 12 16 16 16 16 16 16 16 16 16 12 16 15 11 16 15 16 16 16 15 16 15 15 0 12 16 11 16 16 16 16 16 15 14 16 16 16 16 16 16 18 16 16 20 16 16 5 16 11 16 16 16 16 21 16 20 20 16 16 16 20 16 16 16 16 16 20 12 20 20 15 23 15 15 15 24 16 16 14 15 27 10 15 16 23 12 20 15 16 15 12 27 10 18 27 15 18 14 15 15 23 12 16 14 15 14 15 15 12 16 20 15 23 12 24 24 23 27 16 16 27 24 16 16 16 16 16 15 16 11 16 16 21 27 16 16 16 15 16 15 16 16 16 16 28 16 15 16 16 25 16 14 15 16 14 23 15
0 12 16 23 23 23 23 23 23 23 23 23 23 18 20 14 14 14 25 24 19 23 12 23 14 15 23 23 14 11 23 23 14 23 23 15 23 23 23 23 23 23 23 23 23 12 23 0 16 23 14 23 19 23 21 23 18 0 23 0 15 12 23 23 23 23 23 23 6 23 23 23 23 23 23 12 23 23 12 23 23 14 23 15 23 23 23 23 14 23 18 12 23 23 23 23 23 23 23 23 23 21 12 16 16 21 16 20 15 16 23 23 11 5 0 24 19 12 23 15 11 17 19 11 23 20 24 15 19 24 21 12 6 10 19 15 18 23 6 16 21 23 14 11 23 12 21 18 14 21 20 16 24 23 11 24 21 23 23 23 23 23 23 23 15 23 23 14 24 23 23 23 18 23 10 23 23 23 23 25 23 15 23 23 23 23 21 18 23 10 18 21
0 23 10 12 12 12 12 12 12 12 12 12 12 0 10 23 23 23 30 29 23 12 23 12 12 15 12 12 12 21 12 12 12 12 12 16 12 12 12 12 12 12 12 12 12 16 12 18 15 12 12 12 21 12 11 12 0 18 12 16 0 14 12 12 12 12 12 12 18 12 12 12 12 12 12 23 12 12 23 12 12 12 12 15 12 12 12 12 23 12 23 23 12 12 12 23 12 12 12 12 12 23 16 23 23 11 24 10 11 10 26 12 21 18 18 29 19 14 12 24 16 23 20 21 12 19 29 11 23 28 11 23 18 20 20 24 15 12 18 10 11 19 12 15 12 23 11 24 16 25 25 24 29 12 21 29 25 12 12 12 12 12 12 12 15 12 12 23 29 12 12 12 0 12 20 12 12 12 12 30 12 11 12 12 27 12 11 0 12 18 24 11
0 23 12 11 11 11 11 11 11 11 11 11 11 11 10 24 24 24 31 31 24 10 23 11 14 15 11 11 14 23 11 11 14 11 11 20 11 11 11 11 11 11 11 11 11 20 11 21 15 11 14 11 23 11 0 11 11 21 11 20 23 0 11 11 11 11 11 10 21 11 11 11 11 11 11 23 11 11 24 11 11 14 11 16 11 11 11 11 24 11 24 24 11 11 11 24 11 11 11 11 11 24 20 24 24 0 25 10 12 12 27 11 23 21 21 31 19 16 11 24 20 24 23 23 10 19 31 12 23 30 0 23 21 23 23 24 15 11 21 12 6 19 14 18 11 24 0 25 20 27 26 25 31 11 23 31 27 11 11 11 11 11 10 11 16 11 11 24 31 11 11 11 11 11 23 11 11 11 11 31 11 12 11 11 28 11 6 11 11 21 25 0
0 10 21 24 24 24 24 24 24 24 24 24 24 23 23 11 11 11 24 23 10 24 0 24 18 16 24 24 18 10 24 24 18 24 24 12 24 24 24 24 24 24 24 24 24 12 24 12 21 24 18 24 10 24 23 24 23 12 24 12 10 15 0 24 24 24 24 24 12 24 24 24 24 24 24 10 24 24 10 24 24 18 24 15 24 24 24 24 11 24 10 10 24 24 24 12 24 24 24 24 24 10 12 10 10 23 12 23 20 21 18 24 10 12 12 23 20 15 24 12 12 10 11 10 24 23 23 20 9 23 23 0 12 11 11 12 23 24 12 21 23 24 18 14 24 10 23 14 12 16 15 12 23 24 10 23 16 24 24 24 24 24 24 24 15 24 24 11 23 24 24 24 23 24 11 24 24 24 24 24 24 20 24 24 20 24 23 23 24 12 14 23
0 18 11 16 16 16 16 16 16 16 16 16 16 12 12 21 21 21 28 27 20 15 18 16 10 10 16 16 10 16 16 16 10 16 16 12 16 16 16 16 16 16 16 16 16 12 16 14 11 16 10 16 16 16 14 16 12 14 16 12 16 11 16 0 16 16 16 15 14 16 16 16 16 16 16 18 16 16 20 16 16 1 16 11 16 16 16 16 21 16 20 20 16 16 16 20 16 16 16 16 16 20 12 20 20 14 23 12 10 11 24 16 16 14 14 27 10 11 16 23 12 20 15 16 15 12 27 10 18 27 14 18 14 15 15 23 12 16 14 11 14 15 10 12 16 20 14 23 12 24 24 23 27 16 16 27 24 16 16 16 16 16 15 16 11 16 16 21 27 16 16 16 12 16 15 16 16 16 16 28 16 10 16 16 25 16 14 12 16 14 23 14
0 15 15 23 23 23 23 23 23 23 23 23 23 16 18 15 15 15 25 25 14 21 12 23 15 12 23 23 15 12 23 23 15 23 23 0 23 23 23 23 23 23 23 23 23 2 23 15 15 23 15 23 12 23 20 23 16 15 23 0 12 11 23 23 0 23 23 21 10 23 23 23 23 23 23 15 23 23 14 23 23 12 23 11 23 23 23 23 15 23 14 14 23 23 23 14 23 23 23 23 23 14 2 14 14 20 18 18 15 15 23 23 12 10 15 25 14 15 23 16 3 14 11 15 21 18 25 14 12 24 20 12 10 15 11 16 16 23 10 15 20 21 15 10 23 14 20 20 0 23 21 18 25 23 12 25 23 23 23 23 23 23 21 23 11 23 23 15 25 23 23 23 16 23 11 23 23 23 23 25 23 15 23 23 23 23 20 16 23 10 20 20
0 19 12 20 20 20 20 20 20 20 20 20 20 19 15 18 18 18 27 26 16 19 15 20 19 10 20 20 19 14 20 20 19 20 20 11 20 20 20 20 20 20 20 20 20 11 20 19 12 20 19 20 14 20 19 20 19 19 20 11 14 13 20 20 20 0 20 19 13 20 20 20 20 20 20 19 20 20 16 20 20 11 20 4 20 20 20 20 18 20 16 16 20 20 20 16 20 20 20 20 20 16 11 16 16 19 21 19 19 19 24 20 14 14 19 26 12 19 20 20 11 16 12 19 19 15 26 12 15 25 19 15 12 19 12 20 14 20 12 19 16 18 19 12 20 16 19 23 11 23 23 21 26 20 14 26 23 20 20 20 20 20 19 20 4 20 20 18 26 20 20 20 19 20 13 20 20 20 20 27 20 19 20 20 24 20 16 19 20 12 23 19
0 19 15 23 23 23 23 23 23 23 23 23 23 19 18 15 15 15 25 25 14 21 12 23 19 12 23 23 19 13 23 23 19 23 23 4 23 23 23 23 23 23 23 23 23 6 23 19 15 23 19 23 12 23 20 23 19 19 23 4 12 13 23 23 23 23 0 21 13 23 23 23 23 23 23 19 23 23 14 23 23 12 23 11 23 23 23 23 15 23 14 14 23 23 23 14 23 23 23 23 23 14 6 14 14 20 18 19 19 19 23 23 12 14 19 25 14 19 23 16 8 14 11 19 21 18 25 14 12 24 20 12 12 19 11 19 16 23 12 19 20 21 19 12 23 14 20 20 5 23 21 18 25 23 13 25 23 23 23 23 23 23 21 23 11 23 23 15 25 23 23 23 19 23 13 23 23 23 23 25 23 19 23 23 23 23 20 19 23 10 20 20
0 24 14 0 0 0 0 0 0 0 0 0 0 12 12 25 25 25 33 31 24 10 24 0 16 18 0 0 16 24 0 0 16 0 0 23 0 0 0 0 0 0 0 0 0 23 0 23 14 0 16 0 24 0 11 0 12 23 0 23 24 20 0 0 0 0 0 0 23 0 0 0 0 0 0 24 0 0 24 0 0 16 0 20 0 0 0 0 25 0 24 24 0 0 0 24 0 0 0 0 0 24 23 24 24 11 26 12 15 14 28 0 24 23 23 31 18 20 0 25 23 24 23 24 10 18 31 15 24 31 11 24 23 23 23 25 14 0 23 14 11 18 16 21 0 24 11 27 23 28 27 26 31 0 24 31 28 0 0 0 0 0 10 0 20 0 0 25 31 0 0 0 12 0 23 0 0 0 0 33 0 15 0 0 29 0 11 12 0 23 27 11
0 24 12 10 10 10 10 10 10 10 10 10 10 12 11 24 24 24 31 31 24 0 24 10 15 16 10 10 15 23 10 10 15 10 10 21 10 10 10 10 10 10 10 10 10 21 10 23 15 10 15 10 23 10 10 10 12 23 10 21 23 18 10 10 10 10 10 0 0 10 10 10 10 10 10 24 10 10 24 10 10 15 10 18 10 10 10 10 24 10 24 24 10 10 10 24 10 10 10 10 10 24 21 24 24 10 25 11 14 12 28 10 23 23 23 31 19 18 10 25 21 24 23 23 0 19 31 14 24 31 10 24 23 23 23 25 15 10 23 12 10 19 15 20 10 24 10 26 21 27 27 25 31 10 23 31 27 10 10 10 10 10 0 10 18 10 10 24 31 10 10 10 12 10 23 10 10 10 10 31 10 14 10 10 28 10 10 12 10 23 26 10
0 10 23 24 24 24 24 24 24 24 24 24 24 23 23 10 10 10 23 23 9 24 10 24 20 18 24 24 20 11 24 24 20 24 24 14 24 24 24 24 24 24 24 24 24 14 24 12 23 24 20 24 11 24 24 24 23 12 24 14 11 16 24 24 24 24 24 24 12 0 24 24 24 24 24 10 24 24 4 24 24 20 24 16 24 24 24 24 10 24 7 0 24 24 24 12 24 24 24 24 24 10 14 5 5 24 12 23 21 23 16 24 11 12 12 23 21 16 24 11 14 6 12 11 24 23 23 21 10 23 24 10 12 12 12 11 23 24 12 23 24 24 20 15 24 4 24 12 14 15 14 12 23 24 11 23 15 24 24 24 24 24 24 24 16 24 24 10 23 24 24 24 23 24 12 24 24 24 24 23 24 21 24 24 18 24 24 23 24 12 12 24
0 15 23 24 24 24 24 24 24 24 24 24 24 23 23 10 10 10 23 23 4 24 10 24 20 18 24 24 20 11 24 24 20 24 24 14 24 24 24 24 24 24 24 24 24 14 24 15 23 24 20 24 11 24 24 24 23 15 24 14 11 16 24 24 24 24 24 24 12 24 0 24 24 24 24 15 24 24 9 24 24 20 24 16 24 24 24 24 10 24 3 4 24 24 24 8 24 24 24 24 24 6 14 1 1 24 12 23 21 23 16 24 11 12 15 23 21 16 24 11 14 2 12 15 24 23 23 21 10 23 24 10 12 15 12 15 23 24 12 23 24 24 20 15 24 9 24 15 14 15 15 12 23 24 11 23 15 24 24 24 24 24 24 24 16 24 24 10 23 24 24 24 23 24 12 24 24 24 24 23 24 21 24 24 18 24 24 23 24 12 12 24
0 15 20 24 24 24 24 24 24 24 24 24 24 21 23 12 12 12 24 24 11 23 10 24 16 15 24 24 16 9 24 24 16 24 24 12 24 24 24 24 24 24 24 24 24 12 24 15 20 24 16 24 4 24 23 24 21 15 24 12 0 14 24 24 24 24 24 23 11 24 24 0 24 24 24 15 24 24 11 24 24 16 24 14 24 24 24 24 12 24 11 11 24 24 24 11 24 24 24 24 24 11 12 11 11 23 14 23 18 20 20 24 4 11 15 24 18 15 24 12 12 11 10 15 23 23 24 18 10 23 23 10 11 15 10 15 21 24 11 20 23 23 16 12 24 11 23 15 12 18 16 14 24 24 9 24 18 24 24 24 24 24 23 24 14 24 24 12 24 24 24 24 21 24 10 24 24 24 24 24 24 18 24 24 21 24 23 21 24 11 15 23
0 11 23 25 25 25 25 25 25 25 25 25 25 23 24 2 2 7 23 23 14 24 11 25 21 20 25 25 21 12 25 25 21 25 25 15 25 25 25 25 25 25 25 25 25 15 25 14 23 25 21 25 14 25 24 25 23 14 25 15 12 18 25 25 25 25 25 24 14 25 25 25 0 25 25 11 25 25 10 25 25 21 25 18 25 25 25 25 0 25 12 10 25 25 25 17 25 25 25 25 25 15 15 10 10 24 11 24 23 23 15 25 12 14 14 23 23 18 25 10 15 11 14 12 24 24 23 23 14 21 24 11 14 12 14 10 23 25 14 23 24 24 21 16 25 10 24 12 15 14 12 11 23 25 12 23 14 25 25 25 25 25 24 25 18 25 25 4 23 25 25 25 23 25 12 25 25 25 25 23 25 23 25 25 16 25 24 23 25 14 12 24
0 11 23 25 25 25 25 25 25 25 25 25 25 23 24 0 0 4 23 23 11 24 11 25 21 20 25 25 21 12 25 25 21 25 25 15 25 25 25 25 25 25 25 25 25 15 25 14 23 25 21 25 12 25 24 25 23 14 25 15 12 18 25 25 25 25 25 24 14 25 25 25 25 0 25 11 25 25 10 25 25 21 25 18 25 25 25 25 2 25 10 10 25 25 25 15 25 25 25 25 25 12 15 10 10 24 11 24 23 23 15 25 12 14 14 23 23 18 25 10 15 10 12 12 24 24 23 23 11 21 24 11 14 12 12 10 23 25 14 23 24 24 21 16 25 10 24 12 15 14 12 11 23 25 12 23 14 25 25 25 25 25 24 25 18 25 25 2 23 25 25 25 23 25 12 25 25 25 25 23 25 23 25 25 16 25 24 23 25 14 12 24
0 11 23 25 25 25 25 25 25 25 25 25 25 23 24 0 0 4 23 23 11 24 11 25 21 20 25 25 21 12 25 25 21 25 25 15 25 25 25 25 25 25 25 25 25 15 25 14 23 25 21 25 12 25 24 25 23 14 25 15 12 18 25 25 25 25 25 24 14 25 25 25 25 25 0 11 25 25 10 25 25 21 25 18 25 25 25 25 2 25 10 10 25 25 25 15 25 25 25 25 25 12 15 10 10 24 11 24 23 23 15 25 12 14 14 23 23 18 25 10 15 10 12 12 24 24 23 23 11 21 24 11 14 12 12 10 23 25 14 23 24 24 21 16 25 10 24 12 15 14 12 11 23 25 12 23 14 25 25 25 25 25 24 25 18 25 25 2 23 25 25 25 23 25 12 25 25 25 25 23 25 23 25 25 16 25 24 23 25 14 12 24
0 19 21 24 24 24 24 24 24 24 24 24 24 23 23 11 11 11 24 23 10 24 9 24 19 16 24 24 19 13 24 24 19 24 24 12 24 24 24 24 24 24 24 24 24 12 24 19 21 24 19 24 10 24 23 24 23 19 24 12 10 15 24 24 24 24 24 24 13 24 24 24 24 24 24 0 24 24 13 24 24 18 24 15 24 24 24 24 14 24 10 10 24 24 24 10 24 24 24 24 24 10 12 10 10 23 12 23 20 21 18 24 10 14 19 23 20 19 24 12 12 10 11 19 24 23 23 20 0 23 23 9 12 19 11 19 23 24 12 21 23 24 19 14 24 14 23 19 12 16 19 13 23 24 13 23 16 24 24 24 24 24 24 24 15 24 24 11 23 24 24 24 23 24 13 24 24 24 24 24 24 20 24 24 20 24 23 23 24 12 14 23
0 15 24 27 27 27 27 27 27 27 27 27 27 25 25 12 12 12 18 19 19 27 15 27 24 23 27 27 24 16 27 27 24 27 27 21 27 27 27 27 27 27 27 27 27 21 27 20 24 27 24 27 19 27 26 27 25 20 27 21 16 23 27 27 27 27 27 27 20 27 27 27 27 27 27 15 0 27 14 27 27 24 27 23 27 27 27 27 12 27 18 14 27 27 27 23 27 27 27 27 27 21 21 16 16 26 11 25 24 24 11 27 16 20 20 16 24 23 27 12 21 17 19 16 27 25 16 24 19 15 26 15 20 18 19 12 25 27 20 24 26 27 24 23 27 14 26 10 21 10 0 11 16 27 16 16 15 27 27 27 27 27 27 27 23 27 27 12 16 27 27 27 25 27 18 27 27 27 27 18 27 24 27 27 12 27 26 25 27 20 10 26
0 11 23 25 25 25 25 25 25 25 25 25 25 23 24 8 8 12 23 23 19 24 11 25 21 20 25 25 21 12 25 25 21 25 25 15 25 25 25 25 25 25 25 25 25 15 25 14 23 25 21 25 19 25 24 25 23 14 25 15 15 18 25 25 25 25 25 24 14 25 25 25 25 25 25 11 25 0 10 25 25 21 25 18 25 25 25 25 5 25 18 10 25 25 25 23 25 25 25 25 25 21 15 16 16 24 11 24 23 23 15 25 12 14 14 23 23 18 25 10 15 17 19 12 24 24 23 23 19 21 24 11 14 12 19 10 23 25 14 23 24 24 21 16 25 10 24 12 15 14 12 11 23 25 12 23 15 25 25 25 25 25 24 25 18 25 25 10 23 25 25 25 23 25 12 25 25 25 25 23 25 23 25 25 16 25 24 23 25 14 12 24
0 0 21 24 24 24 24 24 24 24 24 24 24 23 23 11 11 12 24 23 19 24 10 24 18 16 24 24 18 10 24 24 18 24 24 15 24 24 24 24 24 24 24 24 24 12 24 12 21 24 18 24 19 24 23 24 23 12 24 15 15 15 24 24 24 24 24 24 12 24 24 24 24 24 24 0 24 24 0 24 24 18 24 15 24 24 24 24 11 24 18 10 24 24 24 23 24 24 24 24 24 21 12 16 16 23 12 23 20 21 18 24 10 12 12 23 20 15 24 12 12 17 19 10 24 23 23 20 19 23 23 10 12 11 19 12 23 24 12 21 23 24 18 14 24 10 23 14 14 16 15 12 23 24 10 23 16 24 24 24 24 24 24 24 15 24 24 11 23 24 24 24 23 24 11 24 24 24 24 24 24 20 24 24 20 24 23 23 24 12 14 23
0 19 20 24 24 24 24 24 24 24 24 24 24 21 23 12 12 12 24 24 11 23 10 24 19 15 24 24 19 13 24 24 19 24 24 12 24 24 24 24 24 24 24 24 24 12 24 19 20 24 19 24 0 24 23 24 21 19 24 12 4 14 24 24 24 24 24 23 13 24 24 24 24 24 24 19 24 24 13 0 24 16 24 14 24 24 24 24 14 24 11 11 24 24 24 11 24 24 24 24 24 11 12 11 11 23 14 23 19 20 20 24 9 14 19 24 18 19 24 12 12 11 10 19 23 23 24 18 10 23 23 10 12 19 10 19 21 24 12 20 23 23 19 12 24 14 23 19 12 18 19 14 24 24 13 24 18 24 24 24 24 24 23 24 14 24 24 12 24 24 24 24 21 24 13 24 24 24 24 24 24 19 24 24 21 24 23 21 24 11 15 23
0 15 23 24 24 24 24 24 24 24 24 24 24 23 23 10 10 10 23 23 4 24 10 24 20 18 24 24 20 11 24 24 20 24 24 14 24 24 24 24 24 24 24 24 24 14 24 15 23 24 20 24 11 24 24 24 23 15 24 14 11 16 24 24 24 24 24 24 12 24 24 24 24 24 24 15 24 24 9 24 0 20 24 16 24 24 24 24 10 24 3 4 24 24 24 8 24 24 24 24 24 6 14 1 1 24 12 23 21 23 16 24 11 12 15 23 21 16 24 11 14 2 12 15 24 23 23 21 10 23 24 10 12 15 12 15 23 24 12 23 24 24 20 15 24 9 24 15 14 15 15 12 23 24 11 23 15 24 24 24 24 24 24 24 16 24 24 10 23 24 24 24 23 24 12 24 24 24 24 23 24 21 24 24 18 24 24 23 24 12 12 24
0 18 11 16 16 16 16 16 16 16 16 16 16 12 12 21 21 21 28 27 20 15 18 16 1 13 16 16 1 16 16 16 1 16 16 13 16 16 16 16 16 16 16 16 16 12 16 14 13 16 1 16 18 16 14 16 12 14 16 13 16 11 16 16 16 16 16 15 14 16 16 16 16 16 16 18 16 16 20 16 16 0 16 13 16 16 16 16 21 16 20 20 16 16 16 21 16 16 16 16 16 20 12 20 20 14 23 12 10 11 24 16 16 14 14 27 18 11 16 23 12 20 18 16 15 18 27 10 18 27 14 18 14 15 18 23 13 16 14 11 14 18 1 12 16 20 14 23 12 24 24 23 27 16 16 27 24 16 16 16 16 16 15 16 13 16 16 21 27 16 16 16 12 16 15 16 16 16 16 28 16 10 16 16 25 16 14 12 16 14 23 14
0 23 27 31 31 31 31 31 31 31 31 31 31 28 28 20 20 20 12 19 21 30 23 31 26 25 31 31 26 23 31 31 26 31 31 24 31 31 31 31 31 31 31 31 31 24 31 24 27 31 26 31 23 31 29 31 28 24 31 24 23 25 31 31 31 31 31 30 24 31 31 31 31 31 31 23 31 31 21 31 31 26 0 25 31 31 31 31 20 31 21 21 31 31 31 23 31 31 31 31 31 21 24 21 21 29 16 28 27 27 12 31 23 24 24 11 27 25 31 18 24 21 23 23 30 28 11 27 23 10 29 23 24 23 23 18 28 31 24 27 29 30 26 24 31 21 29 15 24 12 14 16 11 31 23 11 15 31 31 31 31 31 30 31 25 31 31 20 11 31 31 31 28 31 23 31 31 31 31 15 31 27 31 31 11 31 29 28 31 24 15 29
0 24 29 33 33 33 33 33 33 33 33 33 33 30 31 23 23 23 0 19 23 31 24 33 28 27 33 33 28 24 33 33 28 33 33 25 33 33 33 33 33 33 33 33 33 25 33 25 29 33 28 33 24 33 31 33 30 25 33 25 24 27 33 33 33 33 33 31 25 33 33 33 33 33 33 24 33 33 23 33 33 28 33 0 33 33 33 33 23 33 23 23 33 33 33 23 33 33 33 33 33 23 25 23 23 31 21 31 28 29 15 33 24 25 25 10 28 27 33 23 25 23 24 24 31 31 10 28 24 11 31 24 25 24 24 23 30 33 25 29 31 31 28 26 33 23 31 20 25 16 18 21 10 33 24 10 16 33 33 33 33 33 31 33 27 33 33 23 10 33 33 33 30 33 24 33 33 33 33 15 33 28 33 33 14 33 31 30 33 25 20 31
0 16 23 24 24 24 24 24 24 24 24 24 24 23 23 10 10 10 23 23 3 24 10 24 20 18 24 24 20 11 24 24 20 24 24 14 24 24 24 24 24 24 24 24 24 14 24 16 23 24 20 24 11 24 24 24 23 16 24 14 11 16 24 24 24 24 24 24 12 24 24 24 24 24 24 16 24 24 10 24 24 20 24 16 0 24 24 24 10 24 2 5 24 24 24 7 24 24 24 24 24 4 14 0 0 24 12 23 21 23 16 24 11 12 16 23 21 16 24 11 14 1 12 16 24 23 23 21 10 23 24 10 12 16 12 16 23 24 12 23 24 24 20 15 24 10 24 16 14 15 16 12 23 24 11 23 15 24 24 24 24 24 24 24 16 24 24 10 23 24 24 24 23 24 12 24 24 24 24 23 24 21 24 24 18 24 24 23 24 12 12 24
0 11 23 25 25 25 25 25 25 25 25 25 25 23 24 1 1 3 23 23 10 24 11 25 21 20 25 25 21 12 25 25 21 25 25 15 25 25 25 25 25 25 25 25 25 15 25 14 23 25 21 25 12 25 24 25 23 14 25 15 12 18 25 25 25 25 25 24 14 25 25 25 25 25 25 11 25 25 10 25 25 21 25 18 25 0 25 25 3 25 10 10 25 25 25 14 25 25 25 25 25 11 15 10 10 24 11 24 23 23 15 25 12 14 14 23 23 18 25 10 15 10 12 12 24 24 23 23 11 21 24 11 14 12 12 10 23 25 14 23 24 24 21 16 25 10 24 12 15 14 12 11 23 25 12 23 14 25 25 25 25 25 24 25 18 25 25 1 23 25 25 25 23 25 12 25 25 25 25 23 25 23 25 25 16 25 24 23 25 14 12 24
0 17 23 24 24 24 24 24 24 24 24 24 24 23 23 10 10 10 23 23 2 24 10 24 20 18 24 24 20 11 24 24 20 24 24 14 24 24 24 24 24 24 24 24 24 14 24 17 23 24 20 24 11 24 24 24 23 17 24 14 11 16 24 24 24 24 24 24 12 24 24 24 24 24 24 17 24 24 11 24 24 20 24 16 24 24 0 24 11 24 1 6 24 24 24 6 24 24 24 24 24 3 14 1 1 24 12 23 21 23 16 24 11 12 17 23 21 17 24 11 14 0 12 17 24 23 23 21 10 23 24 10 12 17 12 17 23 24 12 23 24 24 20 15 24 11 24 17 14 15 17 12 23 24 11 23 15 24 24 24 24 24 24 24 16 24 24 10 23 24 24 24 23 24 12 24 24 24 24 23 24 21 24 24 18 24 24 23 24 12 12 24
0 12 23 25 25 25 25 25 25 25 25 25 25 24 24 10 10 10 23 21 13 25 12 25 23 21 25 25 23 12 25 25 23 25 25 16 25 25 25 25 25 25 25 25 25 16 25 15 23 25 23 25 13 25 24 25 24 15 25 16 12 20 25 25 25 25 25 25 15 25 25 25 25 25 25 12 25 25 11 25 25 23 25 20 25 25 25 0 10 25 12 11 25 25 25 17 25 25 25 25 25 15 16 11 11 24 10 24 23 23 14 25 12 15 15 21 23 20 25 4 16 11 14 12 25 24 21 23 13 20 24 12 15 14 14 6 24 25 15 23 24 25 23 18 25 11 24 11 16 12 12 10 21 25 12 21 12 25 25 25 25 25 25 25 20 25 25 10 21 25 25 25 24 25 14 25 25 25 25 23 25 23 25 25 15 25 24 24 25 15 11 24
0 11 23 25 25 25 25 25 25 25 25 25 25 23 24 6 6 11 23 23 18 24 11 25 21 20 25 25 21 12 25 25 21 25 25 15 25 25 25 25 25 25 25 25 25 15 25 14 23 25 21 25 18 25 24 25 23 14 25 15 13 18 25 25 25 25 25 24 14 25 25 25 25 25 25 11 25 25 10 25 25 21 25 18 25 25 25 25 0 25 16 10 25 25 25 21 25 25 25 25 25 19 15 14 14 24 11 24 23 23 15 25 12 14 14 23 23 18 25 10 15 15 18 12 24 24 23 23 18 21 24 11 14 12 18 10 23 25 14 23 24 24 21 16 25 10 24 12 15 14 12 11 23 25 12 23 14 25 25 25 25 25 24 25 18 25 25 9 23 25 25 25 23 25 12 25 25 25 25 23 25 23 25 25 16 25 24 23 25 14 12 24
0 11 23 25 25 25 25 25 25 25 25 25 25 23 24 2 2 2 23 23 10 24 11 25 21 20 25 25 21 12 25 25 21 25 25 15 25 25 25 25 25 25 25 25 25 15 25 14 23 25 21 25 12 25 24 25 23 14 25 15 12 18 25 25 25 25 25 24 14 25 25 25 25 25 25 11 25 25 10 25 25 21 25 18 25 25 25 25 4 0 10 10 25 25 25 12 25 25 25 25 25 10 15 10 10 24 11 24 23 23 15 25 12 14 14 23 23 18 25 10 15 10 12 12 24 24 23 23 11 21 24 11 14 12 12 10 23 25 14 23 24 24 21 16 25 10 24 12 15 14 12 11 23 25 12 23 14 25 25 25 25 25 24 25 18 25 25 0 23 25 25 25 23 25 12 25 25 25 25 23 25 23 25 25 16 25 24 23 25 14 12 24
0 10 23 24 24 24 24 24 24 24 24 24 24 23 23 10 10 12 23 23 19 24 10 24 20 18 24 24 20 11 24 24 20 24 24 15 24 24 24 24 24 24 24 24 24 14 24 12 23 24 20 24 19 24 24 24 23 12 24 15 15 16 24 24 24 24 24 24 12 24 24 24 24 24 24 10 24 24 6 24 24 20 24 16 24 24 24 24 10 24 0 10 24 24 24 23 24 24 24 24 24 21 14 16 16 24 12 23 21 23 16 24 11 12 12 23 21 16 24 11 14 17 19 11 24 23 23 21 19 23 24 10 12 12 19 11 23 24 12 23 24 24 20 15 24 5 24 12 14 15 14 12 23 24 11 23 15 24 24 24 24 24 24 24 16 24 24 10 23 24 24 24 23 24 12 24 24 24 24 23 24 21 24 24 18 24 24 23 24 12 12 24
0 10 23 24 24 24 24 24 24 24 24 24 24 23 23 10 10 11 23 23 18 24 10 24 20 18 24 24 20 11 24 24 20 24 24 14 24 24 24 24 24 24 24 24 24 14 24 12 23 24 20 24 18 24 24 24 23 12 24 14 13 16 24 24 24 24 24 24 12 24 24 24 24 24 24 10 24 24 4 24 24 20 24 16 24 24 24 24 10 24 16 0 24 24 24 21 24 24 24 24 24 19 14 14 14 24 12 23 21 23 16 24 11 12 12 23 21 16 24 11 14 15 18 11 24 23 23 21 18 23 24 10 12 12 18 11 23 24 12 23 24 24 20 15 24 4 24 12 14 15 14 12 23 24 11 23 15 24 24 24 24 24 24 24 16 24 24 10 23 24 24 24 23 24 12 24 24 24 24 23 24 21 24 24 18 24 24 23 24 12 12 24
0 12 15 23 23 23 23 23 23 23 23 23 23 16 18 15 15 15 25 25 14 21 12 23 12 12 23 23 12 12 23 23 12 23 23 4 23 23 23 23 23 23 23 23 23 2 23 10 15 23 12 23 12 23 20 23 16 10 23 4 12 11 23 23 23 23 23 21 10 23 23 23 23 23 23 12 23 23 14 23 23 12 23 11 23 23 23 23 15 23 14 14 0 23 23 14 23 23 23 23 23 14 2 14 14 20 18 18 14 15 23 23 12 10 10 25 14 11 23 16 1 14 11 12 21 18 25 14 12 24 20 12 10 11 11 16 16 23 10 15 20 21 12 10 23 14 20 20 3 23 21 18 25 23 12 25 23 23 23 23 23 23 21 23 11 23 23 15 25 23 23 23 16 23 11 23 23 23 23 25 23 14 23 23 23 23 20 16 23 10 20 20
0 11 23 25 25 25 25 25 25 25 25 25 25 23 24 1 1 3 23 23 10 24 11 25 21 20 25 25 21 12 25 25 21 25 25 15 25 25 25 25 25 25 25 25 25 15 25 14 23 25 21 25 12 25 24 25 23 14 25 15 12 18 25 25 25 25 25 24 14 25 25 25 25 25 25 11 25 25 10 25 25 21 25 18 25 25 25 25 3 25 10 10 25 0 25 14 25 25 25 25 25 11 15 10 10 24 11 24 23 23 15 25 12 14 14 23 23 18 25 10 15 10 12 12 24 24 23 23 11 21 24 11 14 12 12 10 23 25 14 23 24 24 21 16 25 10 24 12 15 14 12 11 23 25 12 23 14 25 25 25 25 25 24 25 18 25 25 1 23 25 25 25 23 25 12 25 25 25 25 23 25 23 25 25 16 25 24 23 25 14 12 24
0 11 23 25 25 25 25 25 25 25 25 25 25 23 24 2 2 2 23 23 10 24 11 25 21 20 25 25 21 12 25 25 21 25 25 15 25 25 25 25 25 25 25 25 25 15 25 14 23 25 21 25 12 25 24 25 23 14 25 15 12 18 25 25 25 25 25 24 14 25 25 25 25 25 25 11 25 25 10 25 25 21 25 18 25 25 25 25 4 25 10 10 25 25 0 12 25 25 25 25 25 10 15 10 10 24 11 24 23 23 15 25 12 14 14 23 23 18 25 10 15 10 12 12 24 24 23 23 11 21 24 11 14 12 12 10 23 25 14 23 24 24 21 16 25 10 24 12 15 14 12 11 23 25 12 23 14 25 25 25 25 25 24 25 18 25 25 0 23 25 25 25 23 25 12 25 25 25 25 23 25 23 25 25 16 25 24 23 25 14 12 24
0 16 12 18 18 18 18 18 18 18 18 18 18 12 14 20 20 20 27 27 18 16 16 18 10 13 18 18 10 15 18 18 10 18 18 13 18 18 18 18 18 18 18 18 18 12 18 12 13 18 10 18 18 18 15 18 12 12 18 13 15 10 18 18 18 18 18 16 12 18 18 18 18 18 18 16 18 18 18 18 18 10 18 13 18 18 18 18 20 18 18 18 18 18 18 0 18 18 18 18 18 19 12 18 18 15 23 14 11 12 24 18 15 12 12 27 18 10 18 21 12 18 18 15 16 18 27 11 18 26 15 16 12 14 18 21 13 18 12 12 15 18 10 11 18 18 15 23 12 24 23 23 27 18 15 27 24 18 18 18 18 18 16 18 13 18 18 20 27 18 18 18 12 18 14 18 18 18 18 27 18 11 18 18 24 18 15 12 18 12 23 15
0 15 12 20 20 20 20 20 20 20 20 20 20 14 15 18 18 18 27 26 16 18 15 20 11 10 20 20 11 14 20 20 11 20 20 11 20 20 20 20 20 20 20 20 20 11 20 12 12 20 11 20 14 20 16 20 14 12 20 11 14 0 20 20 20 20 20 18 12 20 20 20 20 20 20 15 20 20 16 20 20 11 20 9 20 20 20 20 18 20 16 16 20 20 20 17 0 20 20 20 20 16 11 16 16 16 21 15 12 12 24 20 14 12 12 26 13 6 20 20 11 16 13 14 18 15 26 12 15 25 16 15 12 12 13 20 14 20 12 12 16 18 11 10 20 16 16 23 11 23 23 21 26 20 14 26 23 20 20 20 20 20 18 20 9 20 20 18 26 20 20 20 14 20 12 20 20 20 20 27 20 12 20 20 24 20 16 14 20 12 23 16
0 12 23 25 25 25 25 25 25 25 25 25 25 23 24 4 4 0 23 23 10 24 11 25 21 20 25 25 21 12 25 25 21 25 25 15 25 25 25 25 25 25 25 25 25 15 25 14 23 25 21 25 12 25 24 25 23 14 25 15 12 18 25 25 25 25 25 24 14 25 25 25 25 25 25 12 25 25 10 25 25 21 25 18 25 25 25 25 7 25 10 10 25 25 25 10 25 0 25 25 25 10 15 10 10 24 11 24 23 23 15 25 12 14 14 23 23 18 25 10 15 10 12 12 24 24 23 23 11 21 24 11 14 12 12 12 23 25 14 23 24 24 21 16 25 10 24 12 15 14 12 11 23 25 12 23 14 25 25 25 25 25 24 25 18 25 25 2 23 25 25 25 23 25 12 25 25 25 25 23 25 23 25 25 16 25 24 23 25 14 12 24
0 12 23 25 25 25 25 25 25 25 25 25 25 23 24 4 4 0 23 23 10 24 11 25 21 20 25 25 21 12 25 25 21 25 25 15 25 25 25 25 25 25 25 25 25 15 25 14 23 25 21 25 12 25 24 25 23 14 25 15 12 18 25 25 25 25 25 24 14 25 25 25 25 25 25 12 25 25 10 25 25 21 25 18 25 25 25 25 7 25 10 10 25 25 25 10 25 25 0 25 25 10 15 10 10 24 11 24 23 23 15 25 12 14 14 23 23 18 25 10 15 10 12 12 24 24 23 23 11 21 24 11 14 12 12 12 23 25 14 23 24 24 21 16 25 10 24 12 15 14 12 11 23 25 12 23 14 25 25 25 25 25 24 25 18 25 25 2 23 25 25 25 23 25 12 25 25 25 25 23 25 23 25 25 16 25 24 23 25 14 12 24
0 19 23 24 24 24 24 24 24 24 24 24 24 23 23 11 11 10 23 23 0 24 10 24 20 18 24 24 20 13 24 24 20 24 24 14 24 24 24 24 24 24 24 24 24 14 24 19 23 24 20 24 11 24 24 24 23 19 24 14 11 16 24 24 24 24 24 24 13 24 24 24 24 24 24 19 24 24 13 24 24 20 24 16 24 24 24 24 14 24 1 9 24 24 24 3 24 24 24 0 24 1 14 3 3 24 12 23 21 23 16 24 11 14 19 23 21 19 24 11 14 2 12 19 24 23 23 21 10 23 24 10 12 19 12 19 23 24 12 23 24 24 20 15 24 14 24 19 14 15 19 13 23 24 13 23 15 24 24 24 24 24 24 24 16 24 24 10 23 24 24 24 23 24 13 24 24 24 24 23 24 21 24 24 19 24 24 23 24 12 12 24
0 18 23 24 24 24 24 24 24 24 24 24 24 23 23 10 10 10 23 23 1 24 10 24 20 18 24 24 20 12 24 24 20 24 24 14 24 24 24 24 24 24 24 24 24 14 24 18 23 24 20 24 11 24 24 24 23 18 24 14 11 16 24 24 24 24 24 24 12 24 24 24 24 24 24 18 24 24 12 24 24 20 24 16 24 24 24 24 12 24 0 7 24 24 24 4 24 24 24 24 0 2 14 2 2 24 12 23 21 23 16 24 11 12 18 23 21 18 24 11 14 1 12 18 24 23 23 21 10 23 24 10 12 18 12 18 23 24 12 23 24 24 20 15 24 12 24 18 14 15 18 12 23 24 12 23 15 24 24 24 24 24 24 24 16 24 24 10 23 24 24 24 23 24 12 24 24 24 24 23 24 21 24 24 18 24 24 23 24 12 12 24
0 10 23 24 24 24 24 24 24 24 24 24 24 23 23 10 10 12 23 23 19 24 10 24 20 18 24 24 20 11 24 24 20 24 24 15 24 24 24 24 24 24 24 24 24 14 24 12 23 24 20 24 19 24 24 24 23 12 24 15 15 16 24 24 24 24 24 24 12 24 24 24 24 24 24 10 24 24 6 24 24 20 24 16 24 24 24 24 10 24 18 10 24 24 24 23 24 24 24 24 24 0 14 16 16 24 12 23 21 23 16 24 11 12 12 23 21 16 24 11 14 17 19 11 24 23 23 21 19 23 24 10 12 12 19 11 23 24 12 23 24 24 20 15 24 5 24 12 14 15 14 12 23 24 11 23 15 24 24 24 24 24 24 24 16 24 24 10 23 24 24 24 23 24 12 24 24 24 24 23 24 21 24 24 18 24 24 23 24 12 12 24
0 12 15 23 23 23 23 23 23 23 23 23 23 16 18 15 15 15 25 25 18 21 12 23 12 13 23 23 12 12 23 23 12 23 23 13 23 23 23 23 23 23 23 23 23 11 23 10 15 23 12 23 18 23 20 23 16 10 23 13 13 11 23 23 23 23 23 21 10 23 23 23 23 23 23 12 23 23 14 23 23 12 23 13 23 23 23 23 15 23 16 14 23 23 23 21 23 23 23 23 23 19 0 14 14 20 18 18 14 15 23 23 12 10 10 25 18 11 23 16 10 15 18 12 21 18 25 14 18 24 20 12 10 11 18 16 16 23 10 15 20 21 12 10 23 14 20 20 12 23 21 18 25 23 12 25 23 23 23 23 23 23 21 23 13 23 23 15 25 23 23 23 16 23 11 23 23 23 23 25 23 14 23 23 23 23 20 16 23 10 20 20
0 10 23 24 24 24 24 24 24 24 24 24 24 23 23 10 10 12 23 23 19 24 10 24 20 18 24 24 20 11 24 24 20 24 24 15 24 24 24 24 24 24 24 24 24 14 24 12 23 24 20 24 19 24 24 24 23 12 24 15 15 16 24 24 24 24 24 24 12 24 24 24 24 24 24 10 24 24 6 24 24 20 24 16 24 24 24 24 10 24 18 10 24 24 24 23 24 24 24 24 24 21 14 0 16 24 12 23 21 23 16 24 11 12 12 23 21 16 24 11 14 17 19 11 24 23 23 21 19 23 24 10 12 12 19 11 23 24 12 23 24 24 20 15 24 5 24 12 14 15 14 12 23 24 11 23 15 24 24 24 24 24 24 24 16 24 24 10 23 24 24 24 23 24 12 24 24 24 24 23 24 21 24 24 18 24 24 23 24 12 12 24
0 20 10 15 15 15 15 15 15 15 15 15 15 11 12 23 23 23 28 28 21 14 20 15 10 15 15 15 10 18 15 15 10 15 15 15 15 15 15 15 15 15 15 15 15 14 15 15 15 15 10 15 19 15 12 15 11 15 15 15 18 12 15 15 15 15 15 14 15 15 15 15 15 15 15 20 15 15 21 15 15 10 15 15 15 15 15 15 23 15 21 21 15 15 15 23 15 15 15 15 15 21 14 21 0 12 23 12 0 10 25 15 18 15 15 28 19 12 15 23 14 21 19 18 14 19 28 9 20 27 12 20 15 16 19 23 15 15 15 10 12 19 10 12 15 21 12 24 14 24 24 23 28 15 18 28 24 15 15 15 15 15 14 15 15 15 15 23 28 15 15 15 11 15 16 15 15 15 15 28 15 0 15 15 25 15 12 11 15 15 24 12
0 24 14 0 0 0 0 0 0 0 0 0 0 12 12 25 25 25 33 31 24 10 24 0 16 18 0 0 16 24 0 0 16 0 0 23 0 0 0 0 0 0 0 0 0 23 0 23 14 0 16 0 24 0 11 0 12 23 0 23 24 20 0 0 0 0 0 10 23 0 0 0 0 0 0 24 0 0 24 0 0 16 0 20 0 0 0 0 25 0 24 24 0 0 0 24 0 0 0 0 0 24 23 24 24 0 26 12 15 14 28 0 24 23 23 31 18 20 0 25 23 24 23 24 10 18 31 15 24 31 11 24 23 23 23 25 14 0 23 14 11 18 16 21 0 24 11 27 23 28 27 26 31 0 24 31 28 0 0 0 0 0 10 0 20 0 0 25 31 0 0 0 12 0 23 0 0 0 0 33 0 15 0 0 29 0 11 12 0 23 27 11
0 23 12 11 11 11 11 11 11 11 11 11 11 11 10 24 24 24 31 31 24 10 23 11 14 15 11 11 14 23 11 11 14 11 11 20 11 11 11 11 11 11 11 11 11 20 11 21 15 11 14 11 23 11 0 11 11 21 11 20 23 16 11 11 11 11 11 10 21 11 11 11 11 11 11 23 11 11 24 11 11 14 11 16 11 11 11 11 24 11 24 24 11 11 11 24 11 11 11 11 11 24 20 24 24 0 0 10 12 12 27 11 23 21 21 31 19 16 11 24 20 24 23 23 10 19 31 12 23 30 0 23 21 23 23 24 15 11 21 12 6 19 14 18 11 24 0 25 20 27 26 25 31 11 23 31 27 11 11 11 11 11 10 11 16 11 11 24 31 11 11 11 11 11 23 11 11 11 11 31 11 12 11 11 28 11 6 11 11 21 25 0
0 24 14 0 0 0 0 0 0 0 0 0 0 12 12 25 25 25 33 31 24 10 24 0 16 18 0 0 16 24 0 0 16 0 0 23 0 0 0 0 0 0 0 0 0 23 0 23 14 0 16 0 24 0 11 0 12 23 0 23 24 20 0 0 0 0 0 10 23 0 0 0 0 0 0 24 0 0 24 0 0 16 0 20 0 0 0 0 25 0 24 24 0 0 0 24 0 0 0 0 0 24 23 24 24 11 26 0 15 14 28 0 24 23 23 31 18 20 0 25 23 24 23 24 10 18 31 15 24 31 11 24 23 23 23 25 14 0 23 14 11 18 16 21 0 24 11 27 23 28 27 26 31 0 24 31 28 0 0 0 0 0 10 0 20 0 0 25 31 0 0 0 12 0 23 0 0 0 0 33 0 15 0 0 29 0 11 12 0 23 27 11
0 24 14 0 0 0 0 0 0 0 0 0 0 12 12 25 25 25 33 31 24 10 24 0 16 18 0 0 16 24 0 0 16 0 0 23 0 0 0 0 0 0 0 0 0 23 0 23 14 0 16 0 24 0 11 0 12 23 0 23 24 20 0 0 0 0 0 10 23 0 0 0 0 0 0 24 0 0 24 0 0 16 0 20 0 0 0 0 25 0 24 24 0 0 0 24 0 0 0 0 0 24 23 24 24 11 26 12 0 14 28 0 24 23 23 31 18 20 0 25 23 24 23 24 10 18 31 15 24 31 11 24 23 23 23 25 14 0 23 14 11 18 16 21 0 24 11 27 23 28 27 26 31 0 24 31 28 0 0 0 0 0 10 0 20 0 0 25 31 0 0 0 12 0 23 0 0 0 0 33 0 15 0 0 29 0 11 12 0 23 27 11
0 24 14 0 0 0 0 0 0 0 0 0 0 12 12 25 25 25 33 31 24 10 24 0 16 18 0 0 16 24 0 0 16 0 0 23 0 0 0 0 0 0 0 0 0 23 0 23 14 0 16 0 24 0 11 0 12 23 0 23 24 20 0 0 0 0 0 10 23 0 0 0 0 0 0 24 0 0 24 0 0 16 0 20 0 0 0 0 25 0 24 24 0 0 0 24 0 0 0 0 0 24 23 24 24 11 26 12 15 0 28 0 24 23 23 31 18 20 0 25 23 24 23 24 10 18 31 15 24 31 11 24 23 23 23 25 14 0 23 14 11 18 16 21 0 24 11 27 23 28 27 26 31 0 24 31 28 0 0 0 0 0 10 0 20 0 0 25 31 0 0 0 12 0 23 0 0 0 0 33 0 15 0 0 29 0 11 12 0 23 27 11
0 23 11 12 12 12 12 12 12 12 12 12 12 10 6 24 24 24 31 30 23 11 23 12 12 15 12 12 12 23 12 12 12 12 12 18 12 12 12 12 12 12 12 12 12 18 12 20 15 12 12 12 23 12 10 12 10 20 12 18 23 15 12 12 12 12 12 11 20 12 12 12 12 12 12 23 12 12 23 12 12 12 12 15 12 12 12 12 24 12 23 23 12 12 12 23 12 12 12 12 12 23 18 23 23 10 24 0 12 11 0 12 23 20 20 30 19 15 12 24 18 23 21 23 11 19 30 12 23 29 10 23 20 21 21 24 15 12 20 11 10 19 12 16 12 23 10 25 18 26 25 24 30 12 23 30 26 12 12 12 12 12 11 12 15 12 12 24 30 12 12 12 10 12 21 12 12 12 12 31 12 12 12 12 27 12 10 10 12 20 25 10
0 12 15 23 23 23 23 23 23 23 23 23 23 16 18 15 15 15 25 25 14 21 12 23 12 12 23 23 12 12 23 23 12 23 23 3 23 23 23 23 23 23 23 23 23 1 23 11 15 23 12 23 12 23 20 23 16 11 23 3 12 11 23 23 23 23 23 21 10 23 23 23 23 23 23 12 23 23 14 23 23 12 23 11 23 23 23 23 15 23 14 14 23 23 23 14 23 23 23 23 23 14 1 14 14 20 18 18 14 15 23 0 12 10 11 25 14 11 23 16 0 14 11 12 21 18 25 14 12 24 20 12 10 11 11 16 16 23 10 15 20 21 12 10 23 14 20 20 2 23 21 18 25 23 12 25 23 23 23 23 23 23 21 23 11 23 23 15 25 23 23 23 16 23 11 23 23 23 23 25 23 14 23 23 23 23 20 16 23 10 20 20
0 20 10 15 15 15 15 15 15 15 15 15 15 11 12 23 23 23 28 28 21 14 20 15 10 15 15 15 10 18 15 15 10 15 15 15 15 15 15 15 15 15 15 15 15 14 15 15 15 15 10 15 19 15 12 15 11 15 15 15 18 12 15 15 15 15 15 14 15 15 15 15 15 15 15 20 15 15 21 15 15 10 15 15 15 15 15 15 23 15 21 21 15 15 15 23 15 15 15 15 15 21 14 21 21 12 23 12 0 10 25 15 0 15 15 28 19 12 15 23 14 21 19 18 14 19 28 9 20 27 12 20 15 16 19 23 15 15 15 10 12 19 10 12 15 21 12 24 14 24 24 23 28 15 18 28 24 15 15 15 15 15 14 15 15 15 15 23 28 15 15 15 11 15 16 15 15 15 15 28 15 0 15 15 25 15 12 11 15 15 24 12
0 12 15 23 23 23 23 23 23 23 23 23 23 16 18 15 15 15 25 25 18 21 12 23 12 13 23 23 12 12 23 23 12 23 23 13 23 23 23 23 23 23 23 23 23 11 23 10 15 23 12 23 18 23 20 23 16 10 23 13 13 11 23 23 23 23 23 21 10 23 23 23 23 23 23 12 23 23 14 23 23 12 23 13 23 23 23 23 15 23 16 14 23 23 23 21 23 23 23 23 23 19 11 14 14 20 18 18 14 15 23 23 12 0 10 25 18 11 23 16 10 15 18 12 21 18 25 14 18 24 20 12 10 11 18 16 16 23 10 15 20 21 12 10 23 14 20 20 12 23 21 18 25 23 12 25 23 23 23 23 23 23 21 23 13 23 23 15 25 23 23 23 16 23 11 23 23 23 23 25 23 14 23 23 23 23 20 16 23 10 20 20
0 24 14 0 0 0 0 0 0 0 0 0 0 12 12 25 25 25 33 31 24 10 24 0 16 18 0 0 16 24 0 0 16 0 0 23 0 0 0 0 0 0 0 0 0 23 0 23 14 0 16 0 24 0 11 0 12 23 0 23 24 20 0 0 0 0 0 10 23 0 0 0 0 0 0 24 0 0 24 0 0 16 0 20 0 0 0 0 25 0 24 24 0 0 0 24 0 0 0 0 0 24 23 24 24 11 26 12 15 14 28 0 24 23 0 31 18 20 0 25 23 24 23 24 10 18 31 15 24 31 11 24 23 23 23 25 14 0 23 14 11 18 16 21 0 24 11 27 23 28 27 26 31 0 24 31 28 0 0 0 0 0 10 0 20 0 0 25 31 0 0 0 12 0 23 0 0 0 0 33 0 15 0 0 29 0 11 12 0 23 27 11
0 24 14 0 0 0 0 0 0 0 0 0 0 12 12 25 25 25 33 31 24 10 24 0 16 18 0 0 16 24 0 0 16 0 0 23 0 0 0 0 0 0 0 0 0 23 0 23 14 0 16 0 24 0 11 0 12 23 0 23 24 20 0 0 0 0 0 10 23 0 0 0 0 0 0 24 0 0 24 0 0 16 0 20 0 0 0 0 25 0 24 24 0 0 0 24 0 0 0 0 0 24 23 24 24 11 26 12 15 14 28 0 24 23 23 0 18 20 0 25 23 24 23 24 10 18 31 15 24 31 11 24 23 23 23 25 14 0 23 14 11 18 16 21 0 24 11 27 23 28 27 26 31 0 24 31 28 0 0 0 0 0 10 0 20 0 0 25 31 0 0 0 12 0 23 0 0 0 0 33 0 15 0 0 29 0 11 12 0 23 27 11
0 21 10 14 14 14 14 14 14 14 14 14 14 10 11 23 23 23 29 28 23 12 21 14 11 15 14 14 11 20 14 14 11 14 14 15 14 14 14 14 14 14 14 14 14 15 14 16 15 14 11 14 20 14 12 14 10 16 14 15 20 12 14 14 14 14 14 12 16 14 14 14 14 14 14 21 14 14 23 14 14 11 14 15 14 14 14 14 23 14 23 23 14 14 14 23 14 14 14 14 14 23 15 23 23 12 24 11 10 0 25 14 20 16 16 28 0 12 14 23 15 23 19 20 12 19 28 10 21 28 12 21 16 18 19 23 15 14 16 0 12 19 11 14 14 23 12 24 15 25 24 24 28 14 20 28 25 14 14 14 14 14 12 14 15 14 14 23 28 14 14 14 10 14 18 14 14 14 14 29 14 10 14 14 26 14 12 10 14 16 24 12
0 24 14 0 0 0 0 0 0 0 0 0 0 12 12 25 25 25 33 31 24 10 24 0 16 18 0 0 16 24 0 0 16 0 0 23 0 0 0 0 0 0 0 0 0 23 0 23 14 0 16 0 24 0 11 0 12 23 0 23 24 20 0 0 0 0 0 10 23 0 0 0 0 0 0 24 0 0 24 0 0 16 0 20 0 0 0 0 25 0 24 24 0 0 0 24 0 0 0 0 0 24 23 24 24 11 26 12 15 14 28 0 24 23 23 31 18 0 0 25 23 24 23 24 10 18 31 15 24 31 11 24 23 23 23 25 14 0 23 14 11 18 16 21 0 24 11 27 23 28 27 26 31 0 24 31 28 0 0 0 0 0 10 0 20 0 0 25 31 0 0 0 12 0 23 0 0 0 0 33 0 15 0 0 29 0 11 12 0 23 27 11
0 11 23 25 25 25 25 25 25 25 25 25 25 23 24 2 2 7 23 23 14 24 11 25 21 20 25 25 21 12 25 25 21 25 25 15 25 25 25 25 25 25 25 25 25 15 25 14 23 25 21 25 14 25 24 25 23 14 25 15 12 18 25 25 25 25 25 24 14 25 25 25 25 25 25 11 25 25 10 25 25 21 25 18 25 25 25 25 0 25 12 10 25 25 25 17 25 25 25 25 25 15 15 10 10 24 11 24 23 23 15 25 12 14 14 23 23 18 0 10 15 11 14 12 24 24 23 23 14 21 24 11 14 12 14 10 23 25 14 23 24 24 21 16 25 10 24 12 15 14 12 11 23 25 12 23 14 25 25 25 25 25 24 25 18 25 25 4 23 25 25 25 23 25 12 25 25 25 25 23 25 23 25 25 16 25 24 23 25 14 12 24
0 12 16 23 23 23 23 23 23 23 23 23 23 18 20 14 14 14 25 24 19 23 12 23 14 15 23 23 14 11 23 23 14 23 23 15 23 23 23 23 23 23 23 23 23 12 23 0 16 23 14 23 19 23 21 23 18 0 23 15 15 12 23 23 23 23 23 23 6 23 23 23 23 23 23 12 23 23 12 23 23 14 23 15 23 23 23 23 14 23 18 12 23 23 23 23 23 23 23 23 23 21 12 16 16 21 16 20 15 16 23 23 11 5 0 24 19 12 23 0 11 17 19 11 23 20 24 15 19 24 21 12 6 10 19 15 18 23 6 16 21 23 14 11 23 12 21 18 14 21 20 16 24 23 11 24 21 23 23 23 23 23 23 23 15 23 23 14 24 23 23 23 18 23 10 23 23 23 23 25 23 15 23 23 23 23 21 18 23 10 18 21
0 12 15 23 23 23 23 23 23 23 23 23 23 16 18 15 15 15 25 25 16 21 12 23 12 12 23 23 12 12 23 23 12 23 23 12 23 23 23 23 23 23 23 23 23 9 23 10 15 23 12 23 16 23 20 23 16 10 23 12 12 11 23 23 23 23 23 21 10 23 23 23 23 23 23 12 23 23 14 23 23 12 23 12 23 23 23 23 15 23 15 14 23 23 23 20 23 23 23 23 23 18 9 14 14 20 18 18 14 15 23 23 12 10 10 25 16 11 23 16 0 14 16 12 21 18 25 14 16 24 20 12 10 11 16 16 16 23 10 15 20 21 12 10 23 14 20 20 11 23 21 18 25 23 12 25 23 23 23 23 23 23 21 23 12 23 23 15 25 23 23 23 16 23 11 23 23 23 23 25 23 14 23 23 23 23 20 16 23 10 20 20
0 20 10 15 15 15 15 15 15 15 15 15 15 11 12 23 23 23 28 28 21 14 20 15 10 15 15 15 10 18 15 15 10 15 15 15 15 15 15 15 15 15 15 15 15 14 15 15 15 15 10 15 19 15 12 15 11 15 15 15 18 12 15 15 15 15 15 14 15 15 15 15 15 15 15 20 15 15 21 15 15 10 15 15 15 15 15 15 23 15 21 21 15 15 15 23 15 15 15 15 15 21 14 21 21 12 23 12 0 10 25 15 18 15 15 28 19 12 15 23 14 0 19 18 14 19 28 9 20 27 12 20 15 16 19 23 15 15 15 10 12 19 10 12 15 21 12 24 14 24 24 23 28 15 18 28 24 15 15 15 15 15 14 15 15 15 15 23 28 15 15 15 11 15 16 15 15 15 15 28 15 0 15 15 25 15 12 11 15 15 24 12
0 15 12 20 20 20 20 20 20 20 20 20 20 14 15 18 18 18 27 26 19 18 15 20 11 15 20 20 11 14 20 20 11 20 20 15 20 20 20 20 20 20 20 20 20 12 20 12 15 20 11 20 19 20 16 20 14 12 20 15 15 6 20 20 20 20 20 18 12 20 20 20 20 20 20 15 20 20 16 20 20 11 20 15 20 20 20 20 18 20 18 16 20 20 20 23 20 20 20 20 20 21 12 16 16 16 21 15 12 12 24 20 14 12 12 26 19 0 20 20 11 17 0 14 18 19 26 12 19 25 16 15 12 12 19 20 15 20 12 12 16 19 11 10 20 16 16 23 14 23 23 21 26 20 14 26 23 20 20 20 20 20 18 20 15 20 20 18 26 20 20 20 14 20 12 20 20 20 20 27 20 12 20 20 24 20 16 14 20 12 23 16
0 24 14 0 0 0 0 0 0 0 0 0 0 12 12 25 25 25 33 31 24 10 24 0 16 18 0 0 16 24 0 0 16 0 0 23 0 0 0 0 0 0 0 0 0 23 0 23 14 0 16 0 24 0 11 0 12 23 0 23 24 20 0 0 0 0 0 10 23 0 0 0 0 0 0 24 0 0 24 0 0 16 0 20 0 0 0 0 25 0 24 24 0 0 0 24 0 0 0 0 0 24 23 24 24 11 26 12 15 14 28 0 24 23 23 31 18 20 0 25 23 24 23 0 10 18 31 15 24 31 11 24 23 23 23 25 14 0 23 14 11 18 16 21 0 24 11 27 23 28 27 26 31 0 24 31 28 0 0 0 0 0 10 0 20 0 0 25 31 0 0 0 12 0 23 0 0 0 0 33 0 15 0 0 29 0 11 12 0 23 27 11
0 24 14 0 0 0 0 0 0 0 0 0 0 12 12 25 25 25 33 31 24 10 24 0 16 18 0 0 16 24 0 0 16 0 0 23 0 0 0 0 0 0 0 0 0 23 0 23 14 0 16 0 24 0 11 0 12 23 0 23 24 20 0 0 0 0 0 10 23 0 0 0 0 0 0 24 0 0 24 0 0 16 0 20 0 0 0 0 25 0 24 24 0 0 0 24 0 0 0 0 0 24 23 24 24 11 26 12 15 14 28 0 24 23 23 31 18 20 0 25 23 24 23 24 0 18 31 15 24 31 11 24 23 23 23 25 14 0 23 14 11 18 16 21 0 24 11 27 23 28 27 26 31 0 24 31 28 0 0 0 0 0 10 0 20 0 0 25 31 0 0 0 12 0 23 0 0 0 0 33 0 15 0 0 29 0 11 12 0 23 27 11
0 23 28 31 31 31 31 31 31 31 31 31 31 29 30 23 23 23 10 19 23 31 23 31 27 27 31 31 27 24 31 31 27 31 31 25 31 31 31 31 31 31 31 31 31 25 31 24 28 31 27 31 24 31 31 31 29 24 31 25 24 26 31 31 31 31 31 31 24 31 31 31 31 31 31 23 31 31 23 31 31 27 31 26 31 31 31 31 23 31 23 23 31 31 31 23 31 31 31 31 31 23 25 23 23 31 20 30 28 28 14 31 24 24 24 0 28 26 31 21 25 23 24 24 31 0 10 28 23 10 31 23 24 24 24 21 29 31 24 28 31 31 27 25 31 23 31 18 25 15 16 20 0 31 24 0 15 31 31 31 31 31 31 31 26 31 31 23 0 31 31 31 29 31 24 31 31 31 31 15 31 28 31 31 12 31 31 29 31 24 18 31
0 24 12 10 10 10 10 10 10 10 10 10 10 12 11 24 24 24 31 31 24 0 24 10 15 16 10 10 15 23 10 10 15 10 10 21 10 10 10 10 10 10 10 10 10 21 10 23 15 10 15 10 23 10 10 10 12 23 10 21 23 18 10 10 10 10 10 0 23 10 10 10 10 10 10 24 10 10 24 10 10 15 10 18 10 10 10 10 24 10 24 24 10 10 10 24 10 10 10 10 10 24 21 24 24 10 25 11 14 12 28 10 23 23 23 31 19 18 10 25 21 24 23 23 0 19 0 14 24 31 10 24 23 23 23 25 15 10 23 12 10 19 15 20 10 24 10 26 21 27 27 25 31 10 23 31 27 10 10 10 10 10 0 10 18 10 10 24 31 10 10 10 12 10 23 10 10 10 10 31 10 14 10 10 28 10 10 12 10 23 26 10
0 18 11 16 16 16 16 16 16 16 16 16 16 12 12 21 21 21 28 27 20 15 18 16 3 12 16 16 3 16 16 16 3 16 16 12 16 16 16 16 16 16 16 16 16 12 16 14 12 16 3 16 16 16 14 16 12 14 16 12 16 11 16 16 16 16 16 15 14 16 16 16 16 16 16 18 16 16 20 16 16 6 16 12 16 16 16 16 21 16 20 20 16 16 16 20 16 16 16 16 16 20 12 20 20 14 23 12 10 11 24 16 16 14 14 27 16 11 16 23 12 20 16 16 15 16 27 0 18 27 14 18 14 15 16 23 12 16 14 11 14 16 3 12 16 20 14 23 12 24 24 23 27 16 16 27 24 16 16 16 16 16 15 16 12 16 16 21 27 16 16 16 12 16 15 16 16 16 16 28 16 10 16 16 25 16 14 12 16 14 23 14
0 10 20 24 24 24 24 24 24 24 24 24 24 21 23 12 12 12 24 24 19 23 10 24 16 15 24 24 16 6 24 24 16 24 24 15 24 24 24 24 24 24 24 24 24 12 24 11 20 24 16 24 19 24 23 24 21 11 24 15 15 14 24 24 24 24 24 23 11 24 24 24 24 24 24 10 24 24 11 24 24 16 24 15 24 24 24 24 12 24 18 11 24 24 24 23 24 24 24 24 24 21 12 16 16 23 14 23 18 20 20 24 10 11 11 24 19 14 24 12 12 17 19 0 23 23 24 18 0 23 23 10 11 10 19 12 21 24 11 20 23 23 16 12 24 11 23 15 14 18 16 14 24 24 6 24 18 24 24 24 24 24 23 24 15 24 24 12 24 24 24 24 21 24 10 24 24 24 24 24 24 18 24 24 21 24 23 21 24 11 15 23
0 24 29 33 33 33 33 33 33 33 33 33 33 30 31 23 23 23 0 19 23 31 24 33 28 27 33 33 28 24 33 33 28 33 33 25 33 33 33 33 33 33 33 33 33 25 33 25 29 33 28 33 24 33 31 33 30 25 33 25 24 27 33 33 33 33 33 31 25 33 33 33 33 33 33 24 33 33 23 33 33 28 33 27 33 33 33 33 23 33 23 23 33 33 33 23 33 33 33 33 33 23 25 23 23 31 21 31 28 29 15 33 24 25 25 10 28 27 33 23 25 23 24 24 31 31 10 28 24 0 31 24 25 24 24 23 30 33 25 29 31 31 28 26 33 23 31 20 25 16 18 21 10 33 24 10 16 33 33 33 33 33 31 33 27 33 33 23 10 33 33 33 30 33 24 33 33 33 33 15 33 28 33 33 14 33 31 30 33 25 20 31
0 15 12 20 20 20 20 20 20 20 20 20 20 15 15 18 18 18 27 26 16 18 15 20 15 10 20 20 15 14 20 20 15 20 20 11 20 20 20 20 20 20 20 20 20 11 20 15 12 20 15 20 14 20 16 20 15 15 20 11 14 9 20 20 20 20 20 18 12 20 20 20 20 20 20 15 20 20 16 20 20 11 20 0 20 20 20 20 18 20 16 16 20 20 20 16 20 20 20 20 20 16 11 16 16 16 21 15 15 15 24 20 14 12 15 26 12 15 20 20 11 16 12 15 18 15 26 12 15 25 0 15 12 15 12 20 14 20 12 15 16 18 15 10 20 16 16 23 11 23 23 21 26 20 14 26 23 20 20 20 20 20 18 20 0 20 20 18 26 20 20 20 15 20 12 20 20 20 20 27 20 15 20 20 24 20 16 15 20 12 23 16
0 23 12 11 11 11 11 11 11 11 11 11 11 11 10 24 24 24 31 31 24 10 23 11 14 15 11 11 14 23 11 11 14 11 11 20 11 11 11 11 11 11 11 11 11 20 11 21 15 11 14 11 23 11 0 11 11 21 11 20 23 16 11 11 11 11 11 10 21 11 11 11 11 11 11 23 11 11 24 11 11 14 11 16 11 11 11 11 24 11 24 24 11 11 11 24 11 11 11 11 11 24 20 24 24 0 25 10 12 12 27 11 23 21 21 31 19 16 11 24 20 24 23 23 10 19 31 12 23 30 0 0 21 23 23 24 15 11 21 12 6 19 14 18 11 24 0 25 20 27 26 25 31 11 23 31 27 11 11 11 11 11 10 11 16 11 11 24 31 11 11 11 11 11 23 11 11 11 11 31 11 12 11 11 28 11 6 11 11 21 25 0
0 12 15 23 23 23 23 23 23 23 23 23 23 16 18 15 15 15 25 25 18 21 12 23 12 13 23 23 12 12 23 23 12 23 23 13 23 23 23 23 23 23 23 23 23 11 23 10 15 23 12 23 18 23 20 23 16 10 23 13 13 11 23 23 23 23 23 21 10 23 23 23 23 23 23 12 23 23 14 23 23 12 23 13 23 23 23 23 15 23 16 14 23 23 23 21 23 23 23 23 23 19 11 14 14 20 18 18 14 15 23 23 12 10 10 25 18 11 23 16 10 15 18 12 21 18 25 14 18 24 20 12 0 11 18 16 16 23 10 15 20 21 12 10 23 14 20 20 12 23 21 18 25 23 12 25 23 23 23 23 23 23 21 23 13 23 23 15 25 23 23 23 16 23 11 23 23 23 23 25 23 14 23 23 23 23 20 16 23 10 20 20
0 24 14 0 0 0 0 0 0 0 0 0 0 12 12 25 25 25 33 31 24 10 24 0 16 18 0 0 16 24 0 0 16 0 0 23 0 0 0 0 0 0 0 0 0 23 0 23 14 0 16 0 24 0 11 0 12 23 0 23 24 20 0 0 0 0 0 10 23 0 0 0 0 0 0 24 0 0 24 0 0 16 0 20 0 0 0 0 25 0 24 24 0 0 0 24 0 0 0 0 0 24 23 24 24 11 26 12 15 14 28 0 24 23 23 31 18 20 0 25 23 24 23 24 10 18 31 15 24 31 11 24 23 0 23 25 14 0 23 14 11 18 16 21 0 24 11 27 23 28 27 26 31 0 24 31 28 0 0 0 0 0 10 0 20 0 0 25 31 0 0 0 12 0 23 0 0 0 0 33 0 15 0 0 29 0 11 12 0 23 27 11
0 11 18 23 23 23 23 23 23 23 23 23 23 20 21 12 12 12 24 24 19 23 11 23 15 15 23 23 15 10 23 23 15 23 23 15 23 23 23 23 23 23 23 23 23 12 23 10 18 23 15 23 19 23 23 23 20 10 23 15 15 12 23 23 23 23 23 23 10 23 23 23 23 23 23 11 23 23 12 23 23 15 23 15 23 23 23 23 12 23 18 12 23 23 23 23 23 23 23 23 23 21 12 16 16 23 15 21 16 18 21 23 10 10 10 24 19 12 23 14 11 17 19 10 23 21 24 16 19 24 23 11 10 0 0 14 20 23 10 18 23 23 15 12 23 12 23 16 14 20 18 15 24 23 10 24 20 23 23 23 23 23 23 23 15 23 23 12 24 23 23 23 20 23 6 23 23 23 23 24 23 16 23 23 23 23 23 20 23 10 16 23
0 24 14 0 0 0 0 0 0 0 0 0 0 12 12 25 25 25 33 31 24 10 24 0 16 18 0 0 16 24 0 0 16 0 0 23 0 0 0 0 0 0 0 0 0 23 0 23 14 0 16 0 24 0 11 0 12 23 0 23 24 20 0 0 0 0 0 10 23 0 0 0 0 0 0 24 0 0 24 0 0 16 0 20 0 0 0 0 25 0 24 24 0 0 0 24 0 0 0 0 0 24 23 24 24 11 26 12 15 14 28 0 24 23 23 31 18 20 0 25 23 24 23 24 10 18 31 15 24 31 11 24 23 23 23 0 14 0 23 14 11 18 16 21 0 24 11 27 23 28 27 26 31 0 24 31 28 0 0 0 0 0 10 0 20 0 0 25 31 0 0 0 12 0 23 0 0 0 0 33 0 15 0 0 29 0 11 12 0 23 27 11
0 12 23 25 25 25 25 25 25 25 25 25 25 24 24 10 10 12 23 21 19 25 12 25 23 21 25 25 23 12 25 25 23 25 25 16 25 25 25 25 25 25 25 25 25 16 25 15 23 25 23 25 19 25 24 25 24 15 25 16 15 20 25 25 25 25 25 25 15 25 25 25 25 25 25 12 25 25 11 25 25 23 25 20 25 25 25 25 10 25 18 11 25 25 25 23 25 25 25 25 25 21 16 16 16 24 10 24 23 23 14 25 12 15 15 21 23 20 25 10 16 17 19 12 25 24 21 23 19 20 24 12 15 14 19 0 0 25 15 23 24 25 23 18 25 11 24 11 16 12 12 10 21 25 12 21 15 25 25 25 25 25 25 25 20 25 25 10 21 25 25 25 24 25 14 25 25 25 25 23 25 23 25 25 15 25 24 24 25 15 11 24
0 10 23 24 24 24 24 24 24 24 24 24 24 23 23 10 10 10 23 23 9 24 10 24 20 18 24 24 20 11 24 24 20 24 24 14 24 24 24 24 24 24 24 24 24 14 24 12 23 24 20 24 11 24 24 24 23 12 24 14 11 16 24 24 24 24 24 24 12 24 24 24 24 24 24 10 24 24 4 24 24 20 24 16 24 24 24 24 10 24 7 0 24 24 24 12 24 24 24 24 24 10 14 5 5 24 12 23 21 23 16 24 11 12 12 23 21 16 24 11 14 6 12 11 24 23 23 21 10 23 24 10 12 12 12 11 23 0 12 23 24 24 20 15 24 4 24 12 14 15 14 12 23 24 11 23 15 24 24 24 24 24 24 24 16 24 24 10 23 24 24 24 23 24 12 24 24 24 24 23 24 21 24 24 18 24 24 23 24 12 12 24
0 12 15 23 23 23 23 23 23 23 23 23 23 16 18 15 15 15 25 25 18 21 12 23 12 13 23 23 12 12 23 23 12 23 23 13 23 23 23 23 23 23 23 23 23 11 23 10 15 23 12 23 18 23 20 23 16 10 23 13 13 11 23 23 23 23 23 21 10 23 23 23 23 23 23 12 23 23 14 23 23 12 23 13 23 23 23 23 15 23 16 14 23 23 23 21 23 23 23 23 23 19 11 14 14 20 18 18 14 15 23 23 12 10 10 25 18 11 23 16 10 15 18 12 21 18 25 14 18 24 20 12 10 11 18 16 16 23 0 15 20 21 12 10 23 14 20 20 12 23 21 18 25 23 12 25 23 23 23 23 23 23 21 23 13 23 23 15 25 23 23 23 16 23 11 23 23 23 23 25 23 14 23 23 23 23 20 16 23 10 20 20
0 15 15 23 23 23 23 23 23 23 23 23 23 16 18 15 15 15 25 25 14 21 12 23 15 12 23 23 15 12 23 23 15 23 23 0 23 23 23 23 23 23 23 23 23 2 23 15 15 23 15 23 12 23 20 23 16 15 23 0 12 11 23 23 23 23 23 21 10 23 23 23 23 23 23 15 23 23 14 23 23 12 23 11 23 23 23 23 15 23 14 14 23 23 23 14 23 23 23 23 23 14 2 14 14 20 18 18 15 15 23 23 12 10 15 25 14 15 23 16 3 14 11 15 21 18 25 14 12 24 20 12 10 15 11 16 16 23 10 0 20 21 15 10 23 14 20 20 0 23 21 18 25 23 12 25 23 23 23 23 23 23 21 23 11 23 23 15 25 23 23 23 16 23 11 23 23 23 23 25 23 15 23 23 23 23 20 16 23 10 20 20
0 21 10 14 14 14 14 14 14 14 14 14 14 10 11 23 23 23 29 28 23 12 21 14 11 15 14 14 11 20 14 14 11 14 14 15 14 14 14 14 14 14 14 14 14 15 14 16 15 14 11 14 20 14 12 14 10 16 14 15 20 12 14 14 14 14 14 12 16 14 14 14 14 14 14 21 14 14 23 14 14 11 14 15 14 14 14 14 23 14 23 23 14 14 14 23 14 14 14 14 14 23 15 23 23 12 24 11 10 0 25 14 20 16 16 28 19 12 14 23 15 23 19 20 12 19 28 10 21 28 12 21 16 18 19 23 15 14 16 0 0 19 11 14 14 23 12 24 15 25 24 24 28 14 20 28 25 14 14 14 14 14 12 14 15 14 14 23 28 14 14 14 10 14 18 14 14 14 14 29 14 10 14 14 26 14 12 10 14 16 24 12
0 24 29 33 33 33 33 33 33 33 33 33 33 30 31 23 23 23 0 19 23 31 24 33 28 27 33 33 28 24 33 33 28 33 33 25 33 33 33 33 33 33 33 33 33 25 33 25 29 33 28 33 24 33 31 33 30 25 33 25 24 27 33 33 33 33 33 31 25 33 33 33 33 33 33 24 33 33 23 33 33 28 33 27 33 33 33 33 23 33 23 23 33 33 33 23 33 33 33 33 33 23 25 23 23 31 21 31 28 29 15 33 24 25 25 10 28 27 33 23 25 23 24 24 31 31 10 28 24 11 31 24 25 24 24 23 30 33 25 29 31 0 28 26 33 23 31 20 25 16 18 21 10 33 24 10 16 33 33 33 33 33 31 33 27 33 33 23 10 33 33 33 30 33 24 33 33 33 33 15 33 28 33 33 14 33 31 30 33 25 20 31
0 23 12 11 11 11 11 11 11 11 11 11 11 11 10 24 24 24 31 31 24 10 23 11 14 15 11 11 14 23 11 11 14 11 11 20 11 11 11 11 11 11 11 11 11 20 11 21 12 11 14 11 23 11 6 11 11 21 11 20 23 16 11 11 11 11 11 10 21 11 11 11 11 11 11 23 11 11 24 11 11 14 11 16 11 11 11 11 24 11 24 24 11 11 11 24 11 11 11 11 11 24 20 24 24 6 25 10 12 12 27 11 23 21 21 31 13 16 11 24 20 24 23 23 10 13 31 12 23 30 6 23 21 23 23 24 11 11 21 12 0 13 0 18 11 24 6 25 20 27 26 25 31 11 23 31 27 11 11 11 11 11 10 11 16 11 11 24 31 11 11 11 11 11 23 11 11 11 11 31 11 12 11 11 28 11 0 11 11 21 25 6
0 12 15 23 23 23 23 23 23 23 23 23 23 16 18 15 15 15 25 25 18 21 12 23 12 13 23 23 12 12 23 23 12 23 23 13 23 23 23 23 23 23 23 23 23 11 23 10 15 23 12 23 18 23 20 23 16 10 23 13 13 11 23 23 23 23 23 21 10 23 23 23 23 23 23 12 23 23 14 23 23 12 23 13 23 23 23 23 15 23 16 14 23 23 23 21 23 23 23 23 23 19 11 14 14 20 18 18 14 15 23 23 12 10 10 25 18 11 23 16 10 15 18 12 21 18 25 14 18 24 20 12 10 11 18 16 16 23 10 15 20 21 12 0 23 14 20 20 12 23 21 18 25 23 12 25 23 23 23 23 23 23 21 23 13 23 23 15 25 23 23 23 16 23 11 23 23 23 23 25 23 14 23 23 23 23 20 16 23 10 20 20
0 12 16 23 23 23 23 23 23 23 23 23 23 18 20 14 14 14 25 24 13 23 12 23 14 12 23 23 14 11 23 23 14 23 23 10 23 23 23 23 23 23 23 23 23 10 23 6 16 23 14 23 13 23 21 23 18 6 23 10 11 12 23 23 23 23 23 23 0 23 23 23 23 23 23 12 23 23 12 23 23 14 23 12 23 23 23 23 14 23 12 12 23 23 23 17 23 23 23 23 23 15 10 12 12 21 16 20 15 16 23 23 11 0 6 24 15 12 23 15 10 12 13 11 23 20 24 15 13 24 21 12 0 10 13 15 18 23 0 16 21 23 14 11 0 12 21 18 10 21 20 16 24 23 11 24 21 23 23 23 23 23 23 23 12 23 23 14 24 23 23 23 18 23 10 23 23 23 23 25 23 15 23 23 23 23 21 18 23 4 18 21
0 18 11 16 16 16 16 16 16 16 16 16 16 12 12 21 21 21 28 27 20 15 18 16 1 13 16 16 1 16 16 16 1 16 16 13 16 16 16 16 16 16 16 16 16 12 16 14 13 16 1 16 18 16 14 16 12 14 16 13 16 11 16 16 16 16 16 15 14 16 16 16 16 16 16 18 16 16 20 16 16 7 16 13 16 16 16 16 21 16 20 20 16 16 16 21 16 16 16 16 16 20 12 20 20 14 23 12 10 11 24 16 16 14 14 27 18 11 16 23 12 20 18 16 15 18 27 10 18 27 14 18 14 15 18 23 13 16 14 11 14 18 1 12 16 0 14 23 12 24 24 23 27 16 16 27 24 16 16 16 16 16 15 16 13 16 16 21 27 16 16 16 12 16 15 16 16 16 16 28 16 10 16 16 25 16 14 12 16 14 23 14
0 24 14 0 0 0 0 0 0 0 0 0 0 12 12 25 25 25 33 31 24 10 24 0 16 18 0 0 16 24 0 0 16 0 0 23 0 0 0 0 0 0 0 0 0 23 0 23 14 0 16 0 24 0 11 0 12 23 0 23 24 20 0 0 0 0 0 10 23 0 0 0 0 0 0 24 0 0 24 0 0 16 0 20 0 0 0 0 25 0 24 24 0 0 0 24 0 0 0 0 0 24 23 24 24 11 26 12 15 14 28 0 24 23 23 31 18 20 0 25 23 24 23 24 10 18 31 15 24 31 11 24 23 23 23 25 14 0 23 14 11 18 16 21 0 24 0 27 23 28 27 26 31 0 24 31 28 0 0 0 0 0 10 0 20 0 0 25 31 0 0 0 12 0 23 0 0 0 0 33 0 15 0 0 29 0 11 12 0 23 27 11
0 24 14 0 0 0 0 0 0 0 0 0 0 12 12 25 25 25 33 31 24 10 24 0 16 18 0 0 16 24 0 0 16 0 0 23 0 0 0 0 0 0 0 0 0 23 0 23 14 0 16 0 24 0 11 0 12 23 0 23 24 20 0 0 0 0 0 10 23 0 0 0 0 0 0 24 0 0 24 0 0 16 0 20 0 0 0 0 25 0 24 24 0 0 0 24 0 0 0 0 0 24 23 24 24 11 26 12 15 14 28 0 24 23 23 31 18 20 0 25 23 24 23 24 10 18 31 15 24 31 11 24 23 23 23 25 14 0 23 14 11 18 16 21 0 24 11 0 23 28 27 26 31 0 24 31 28 0 0 0 0 0 10 0 20 0 0 25 31 0 0 0 12 0 23 0 0 0 0 33 0 15 0 0 29 0 11 12 0 23 27 11
0 23 12 11 11 11 11 11 11 11 11 11 11 11 10 24 24 24 31 31 24 10 23 11 14 15 11 11 14 23 11 11 14 11 11 20 11 11 11 11 11 11 11 11 11 20 11 21 15 11 14 11 23 11 0 11 11 21 11 20 23 16 11 11 11 11 11 10 21 11 11 11 11 11 11 23 11 11 24 11 11 14 11 16 11 11 11 11 24 11 24 24 11 11 11 24 11 11 11 11 11 24 20 24 24 0 25 10 12 12 27 11 23 21 21 31 19 16 11 24 20 24 23 23 10 19 31 12 23 30 0 23 21 23 23 24 15 11 21 12 6 19 14 18 11 24 0 25 0 27 26 25 31 11 23 31 27 11 11 11 11 11 10 11 16 11 11 24 31 11 11 11 11 11 23 11 11 11 11 31 11 12 11 11 28 11 6 11 11 21 25 0
0 14 24 27 27 27 27 27 27 27 27 27 27 24 25 12 12 12 20 19 19 26 14 27 23 23 27 27 23 15 27 27 23 27 27 20 27 27 27 27 27 27 27 27 27 20 27 18 24 27 23 27 19 27 25 27 24 18 27 20 15 23 27 27 27 27 27 26 18 27 27 27 27 27 27 14 27 27 12 27 27 23 27 23 27 27 27 27 12 27 18 12 27 27 27 23 27 27 27 27 27 21 20 16 16 25 10 25 24 24 12 27 15 18 18 18 24 23 27 11 20 17 19 15 26 25 18 24 19 16 25 14 18 16 19 11 24 27 18 24 25 26 23 21 27 12 25 0 20 0 10 10 18 27 15 18 15 27 27 27 27 27 26 27 23 27 27 12 18 27 27 27 24 27 16 27 27 27 27 20 27 24 27 27 12 27 25 24 27 18 10 25
0 19 24 27 27 27 27 27 27 27 27 27 27 25 25 12 12 12 19 16 14 27 15 27 24 23 27 27 24 16 27 27 24 27 27 21 27 27 27 27 27 27 27 27 27 21 27 20 24 27 24 27 16 27 26 27 25 20 27 21 16 23 27 27 27 27 27 27 20 27 27 27 27 27 27 19 27 27 14 27 27 24 27 23 27 27 27 27 14 27 14 14 27 27 27 14 27 27 27 27 27 14 21 14 14 26 11 25 24 24 11 27 16 20 20 19 24 23 27 12 21 14 18 19 27 25 16 24 15 15 26 15 20 19 18 19 25 27 20 24 26 27 24 23 27 14 26 19 21 13 0 13 19 27 16 19 10 27 27 27 27 27 27 27 23 27 27 12 19 27 27 27 25 27 18 27 27 27 27 18 27 24 27 27 19 27 26 25 27 20 10 26
0 15 24 27 27 27 27 27 27 27 27 27 27 25 25 12 12 12 18 19 19 27 15 27 24 23 27 27 24 16 27 27 24 27 27 21 27 27 27 27 27 27 27 27 27 21 27 20 24 27 24 27 19 27 26 27 25 20 27 21 16 23 27 27 27 27 27 27 20 27 27 27 27 27 27 15 27 27 14 27 27 24 27 23 27 27 27 27 12 27 18 14 27 27 27 23 27 27 27 27 27 21 21 16 16 26 11 25 24 24 11 27 16 20 20 16 24 23 27 12 21 17 19 16 27 25 16 24 19 15 26 15 20 18 19 12 25 27 20 24 26 27 24 23 27 14 26 10 21 10 0 0 16 27 16 16 15 27 27 27 27 27 27 27 23 27 27 12 16 27 27 27 25 27 18 27 27 27 27 18 27 24 27 27 12 27 26 25 27 20 10 26
0 24 14 0 0 0 0 0 0 0 0 0 0 12 12 25 25 25 33 31 24 10 24 0 16 18 0 0 16 24 0 0 16 0 0 23 0 0 0 0 0 0 0 0 0 23 0 23 14 0 16 0 24 0 11 0 12 23 0 23 24 20 0 0 0 0 0 10 23 0 0 0 0 0 0 24 0 0 24 0 0 16 0 20 0 0 0 0 25 0 24 24 0 0 0 24 0 0 0 0 0 24 23 24 24 11 26 12 15 14 28 0 24 23 23 31 18 20 0 25 23 24 23 24 10 18 31 15 24 31 11 24 23 23 23 25 14 0 23 14 11 18 16 21 0 24 11 27 23 28 27 26 0 0 24 31 28 0 0 0 0 0 10 0 20 0 0 25 31 0 0 0 12 0 23 0 0 0 0 33 0 15 0 0 29 0 11 12 0 23 27 11
0 11 23 25 25 25 25 25 25 25 25 25 25 23 24 2 2 7 23 23 14 24 11 25 21 20 25 25 21 12 25 25 21 25 25 15 25 25 25 25 25 25 25 25 25 15 25 14 23 25 21 25 14 25 24 25 23 14 25 15 12 18 25 25 25 25 25 24 14 25 25 25 25 25 25 11 25 25 10 25 25 21 25 18 25 25 25 25 0 25 12 10 25 25 25 17 25 25 25 25 25 15 15 10 10 24 11 24 23 23 15 25 12 14 14 23 23 18 25 10 15 11 14 12 24 24 23 23 14 21 24 11 14 12 14 10 23 25 14 23 24 24 21 16 25 10 24 12 15 14 12 11 23 0 12 23 14 25 25 25 25 25 24 25 18 25 25 4 23 25 25 25 23 25 12 25 25 25 25 23 25 23 25 25 16 25 24 23 25 14 12 24
0 23 28 31 31 31 31 31 31 31 31 31 31 29 30 23 23 23 10 19 23 31 23 31 27 27 31 31 27 24 31 31 27 31 31 25 31 31 31 31 31 31 31 31 31 25 31 24 28 31 27 31 24 31 31 31 29 24 31 25 24 26 31 31 31 31 31 31 24 31 31 31 31 31 31 23 31 31 23 31 31 27 31 26 31 31 31 31 23 31 23 23 31 31 31 23 31 31 31 31 31 23 25 23 23 31 20 30 28 28 14 31 24 24 24 0 28 26 31 21 25 23 24 24 31 30 10 28 23 10 31 23 24 24 24 21 29 31 24 28 31 31 27 25 31 23 31 18 25 15 16 20 0 31 0 0 15 31 31 31 31 31 31 31 26 31 31 23 0 31 31 31 29 31 24 31 31 31 31 15 31 28 31 31 12 31 31 29 31 24 18 31
0 24 14 0 0 0 0 0 0 0 0 0 0 12 12 25 25 25 33 31 24 10 24 0 16 18 0 0 16 24 0 0 16 0 0 23 0 0 0 0 0 0 0 0 0 23 0 23 14 0 16 0 24 0 11 0 12 23 0 23 24 20 0 0 0 0 0 10 23 0 0 0 0 0 0 24 0 0 24 0 0 16 0 20 0 0 0 0 25 0 24 24 0 0 0 24 0 0 0 0 0 24 23 24 24 11 26 12 15 14 28 0 24 23 23 31 18 20 0 25 23 24 23 24 10 18 31 15 24 31 11 24 23 23 23 25 14 0 23 14 11 18 16 21 0 24 11 27 23 28 27 26 31 0 24 0 28 0 0 0 0 0 10 0 20 0 0 25 31 0 0 0 12 0 23 0 0 0 0 33 0 15 0 0 29 0 11 12 0 23 27 11
0 23 28 31 31 31 31 31 31 31 31 31 31 29 30 23 23 23 10 19 23 31 23 31 27 27 31 31 27 24 31 31 27 31 31 25 31 31 31 31 31 31 31 31 31 25 31 24 28 31 27 31 24 31 31 31 29 24 31 25 24 26 31 31 31 31 31 31 24 31 31 31 31 31 31 23 31 31 23 31 31 27 31 26 31 31 31 31 23 31 23 23 31 31 31 23 31 31 31 31 31 23 25 23 23 31 20 30 28 28 14 31 24 24 24 0 28 26 31 21 25 23 24 24 31 30 10 28 23 10 31 23 24 24 24 21 29 31 24 28 31 31 27 25 31 23 31 18 25 15 16 20 0 31 24 0 0 31 31 31 31 31 31 31 26 31 31 23 0 31 31 31 29 31 24 31 31 31 31 15 31 28 31 31 12 31 31 29 31 24 18 31
0 14 14 21 21 21 21 21 21 21 21 21 21 15 16 16 16 16 26 25 15 20 14 21 12 11 21 21 12 12 21 21 12 21 21 10 21 21 21 21 21 21 21 21 21 10 21 11 14 21 12 21 12 21 18 21 15 11 21 10 12 10 21 21 21 21 21 20 11 21 21 21 21 21 21 14 21 21 15 21 21 12 21 10 21 21 21 21 16 21 15 15 21 21 21 16 21 21 21 21 21 15 10 15 15 18 20 16 12 14 23 21 12 11 11 25 12 10 21 18 10 15 12 12 20 16 25 12 14 25 18 14 11 12 12 18 15 21 11 14 18 20 12 0 21 15 18 21 10 23 23 20 25 21 12 25 23 0 21 21 21 21 20 21 10 21 21 16 25 21 21 21 15 21 12 21 21 21 21 26 21 12 21 21 24 21 18 15 21 11 21 18
0 10 23 24 24 24 24 24 24 24 24 24 24 23 23 10 10 10 23 23 14 24 10 24 20 18 24 24 20 11 24 24 20 24 24 14 24 24 24 24 24 24 24 24 24 14 24 12 23 24 20 24 14 24 24 24 23 12 24 14 11 16 24 24 24 24 24 24 12 24 24 24 24 24 24 10 24 24 0 24 24 20 24 16 24 24 24 24 10 24 12 4 24 24 24 17 24 24 24 24 24 15 14 10 10 24 12 23 21 23 16 24 11 12 12 23 21 16 24 11 14 11 14 11 24 23 23 21 14 23 24 10 12 12 14 11 23 24 12 23 24 24 20 15 24 0 24 12 14 15 14 12 23 24 11 23 15 24 0 24 24 24 24 24 16 24 24 10 23 24 24 24 23 24 12 24 24 24 24 23 24 21 24 24 18 24 24 23 24 12 12 24
0 12 15 23 23 23 23 23 23 23 23 23 23 16 18 15 15 15 25 25 14 21 12 23 12 12 23 23 12 12 23 23 12 23 23 3 23 23 23 23 23 23 23 23 23 1 23 11 15 23 12 23 12 23 20 23 16 11 23 3 12 11 23 23 23 23 23 21 10 23 23 23 23 23 23 12 23 23 14 23 23 12 23 11 23 23 23 23 15 23 14 14 23 23 23 14 23 23 23 23 23 14 1 14 14 20 18 18 14 15 23 23 12 10 11 25 14 11 23 16 0 14 11 12 21 18 25 14 12 24 20 12 10 11 11 16 16 23 10 15 20 21 12 10 23 14 20 20 2 23 21 18 25 23 12 25 23 23 23 0 23 23 21 23 11 23 23 15 25 23 23 23 16 23 11 23 23 23 23 25 23 14 23 23 23 23 20 16 23 10 20 20
0 10 20 24 24 24 24 24 24 24 24 24 24 21 23 12 12 12 24 24 11 23 10 24 16 15 24 24 16 4 24 24 16 24 24 12 24 24 24 24 24 24 24 24 24 12 24 11 20 24 16 24 9 24 23 24 21 11 24 12 4 14 24 24 24 24 24 23 11 24 24 24 24 24 24 10 24 24 11 24 24 16 24 14 24 24 24 24 12 24 11 11 24 24 24 12 24 24 24 24 24 11 12 11 11 23 14 23 18 20 20 24 0 11 11 24 18 14 24 12 12 11 10 10 23 23 24 18 10 23 23 10 11 10 10 12 21 24 11 20 23 23 16 12 24 11 23 15 12 18 16 14 24 24 4 24 18 24 24 24 0 24 23 24 14 24 24 12 24 24 24 24 21 24 10 24 24 24 24 24 24 18 24 24 21 24 23 21 24 11 15 23
0 23 23 24 24 24 24 24 24 24 24 24 24 23 23 15 15 10 23 23 3 24 12 24 23 18 24 24 23 17 24 24 23 24 24 14 24 24 24 24 24 24 24 24 24 14 24 23 23 24 23 24 11 24 24 24 23 23 24 14 11 17 24 24 24 24 24 24 17 24 24 24 24 24 24 23 24 24 17 24 24 20 24 16 24 24 24 24 17 24 4 12 24 24 24 0 24 24 24 24 24 2 14 7 7 24 12 23 23 23 16 24 12 17 23 23 21 23 24 12 14 6 12 23 24 23 23 21 10 23 24 12 16 23 12 23 23 24 16 23 24 24 23 16 24 17 24 23 14 17 23 17 23 24 17 23 15 24 24 24 24 0 24 24 16 24 24 12 23 24 24 24 23 24 17 24 24 24 24 23 24 23 24 24 23 24 24 23 24 12 12 24
0 24 14 0 0 0 0 0 0 0 0 0 0 12 12 25 25 25 33 31 24 10 24 0 16 18 0 0 16 24 0 0 16 0 0 23 0 0 0 0 0 0 0 0 0 23 0 23 14 0 16 0 24 0 11 0 12 23 0 23 24 20 0 0 0 0 0 10 23 0 0 0 0 0 0 24 0 0 24 0 0 16 0 20 0 0 0 0 25 0 24 24 0 0 0 24 0 0 0 0 0 24 23 24 24 11 26 12 15 14 28 0 24 23 23 31 18 20 0 25 23 24 23 24 10 18 31 15 24 31 11 24 23 23 23 25 14 0 23 14 11 18 16 21 0 24 11 27 23 28 27 26 31 0 24 31 28 0 0 0 0 0 0 0 20 0 0 25 31 0 0 0 12 0 23 0 0 0 0 33 0 15 0 0 29 0 11 12 0 23 27 11
0 10 21 24 24 24 24 24 24 24 24 24 24 23 23 11 11 11 24 23 10 24 0 24 18 16 24 24 18 10 24 24 18 24 24 12 24 24 24 24 24 24 24 24 24 12 24 12 21 24 18 24 10 24 23 24 23 12 24 12 10 15 24 24 24 24 24 24 12 24 24 24 24 24 24 10 24 24 10 24 24 18 24 15 24 24 24 24 11 24 10 10 24 24 24 12 24 24 24 24 24 10 12 10 10 23 12 23 20 21 18 24 10 12 12 23 20 15 24 12 12 10 11 10 24 23 23 20 9 23 23 0 12 11 11 12 23 24 12 21 23 24 18 14 24 10 23 14 12 16 15 12 23 24 10 23 16 24 24 24 24 24 24 0 15 24 24 11 23 24 24 24 23 24 11 24 24 24 24 24 24 20 24 24 20 24 23 23 24 12 14 23
0 24 12 10 10 10 10 10 10 10 10 10 10 12 11 24 24 24 31 31 24 0 24 10 15 16 10 10 15 23 10 10 15 10 10 21 10 10 10 10 10 10 10 10 10 21 10 23 15 10 15 10 23 10 10 10 12 23 10 21 23 18 10 10 10 10 10 0 23 10 10 10 10 10 10 24 10 10 24 10 10 15 10 18 10 10 10 10 24 10 24 24 10 10 10 24 10 10 10 10 10 24 21 24 24 10 25 11 14 12 28 10 23 23 23 31 19 18 10 25 21 24 23 23 0 19 31 14 24 31 10 24 23 23 23 25 15 10 23 12 10 19 15 20 10 24 10 26 21 27 27 25 31 10 23 31 27 10 10 10 10 10 0 10 0 10 10 24 31 10 10 10 12 10 23 10 10 10 10 31 10 14 10 10 28 10 10 12 10 23 26 10
0 12 15 23 23 23 23 23 23 23 23 23 23 16 18 15 15 15 25 25 14 21 12 23 12 12 23 23 12 12 23 23 12 23 23 2 23 23 23 23 23 23 23 23 23 0 23 12 15 23 12 23 12 23 20 23 16 12 23 2 12 11 23 23 23 23 23 21 10 23 23 23 23 23 23 12 23 23 14 23 23 12 23 11 23 23 23 23 15 23 14 14 23 23 23 14 23 23 23 23 23 14 0 14 14 20 18 18 14 15 23 23 12 10 12 25 14 12 23 16 1 14 11 12 21 18 25 14 12 24 20 12 10 12 11 16 16 23 10 15 20 21 12 10 23 14 20 20 1 23 21 18 25 23 12 25 23 23 23 23 23 23 21 23 11 0 23 15 25 23 23 23 16 23 11 23 23 23 23 25 23 14 23 23 23 23 20 16 23 10 20 20
0 10 23 24 24 24 24 24 24 24 24 24 24 23 23 10 10 10 23 23 13 24 10 24 20 18 24 24 20 11 24 24 20 24 24 14 24 24 24 24 24 24 24 24 24 14 24 12 23 24 20 24 13 24 24 24 23 12 24 14 11 16 24 24 24 24 24 24 12 24 24 24 24 24 24 10 24 24 0 24 24 20 24 16 24 24 24 24 10 24 12 4 24 24 24 17 24 24 24 24 24 15 14 10 10 24 12 23 21 23 16 24 11 12 12 23 21 16 24 11 14 11 13 11 24 23 23 21 13 23 24 10 12 12 13 11 23 24 12 23 24 24 20 15 24 0 24 12 14 15 14 12 23 24 11 23 15 24 24 24 24 24 24 24 16 24 0 10 23 24 24 24 23 24 12 24 24 24 24 23 24 21 24 24 18 24 24 23 24 12 12 24
0 11 23 25 25 25 25 25 25 25 25 25 25 23 24 6 6 11 23 23 18 24 11 25 21 20 25 25 21 12 25 25 21 25 25 15 25 25 25 25 25 25 25 25 25 15 25 14 23 25 21 25 18 25 24 25 23 14 25 15 13 18 25 25 25 25 25 24 14 25 25 25 25 25 25 11 25 25 10 25 25 21 25 18 25 25 25 25 4 25 16 10 25 25 25 21 25 25 25 25 25 19 15 14 14 24 11 24 23 23 15 25 12 14 14 23 23 18 25 10 15 15 18 12 24 24 23 23 18 21 24 11 14 12 18 10 23 25 14 23 24 24 21 16 25 10 24 12 15 14 12 11 23 25 12 23 14 25 25 25 25 25 24 25 18 25 25 0 23 25 25 25 23 25 12 25 25 25 25 23 25 23 25 25 16 25 24 23 25 14 12 24
0 24 14 0 0 0 0 0 0 0 0 0 0 12 12 25 25 25 33 31 24 10 24 0 16 18 0 0 16 24 0 0 16 0 0 23 0 0 0 0 0 0 0 0 0 23 0 23 14 0 16 0 24 0 11 0 12 23 0 23 24 20 0 0 0 0 0 10 23 0 0 0 0 0 0 24 0 0 24 0 0 16 0 20 0 0 0 0 25 0 24 24 0 0 0 24 0 0 0 0 0 24 23 24 24 11 26 12 15 14 28 0 24 23 23 31 18 20 0 25 23 24 23 24 10 18 31 15 24 31 11 24 23 23 23 25 14 0 23 14 11 18 16 21 0 24 11 27 23 28 27 26 31 0 24 31 28 0 0 0 0 0 10 0 20 0 0 25 0 0 0 0 12 0 23 0 0 0 0 33 0 15 0 0 29 0 11 12 0 23 27 11
0 24 12 18 18 18 18 18 18 18 18 18 18 19 13 24 24 24 31 31 24 19 24 18 19 16 18 18 19 23 18 18 19 18 18 21 18 18 18 18 18 18 18 18 18 21 18 23 12 18 19 18 23 18 19 18 19 23 18 21 23 18 18 18 18 18 18 19 23 18 18 18 18 18 18 24 18 18 24 18 18 15 18 18 18 18 18 18 24 18 24 24 18 18 18 24 18 18 18 18 18 24 21 24 24 19 25 19 19 19 28 18 23 23 23 31 14 19 18 25 21 24 23 23 19 11 31 14 24 31 19 24 23 23 23 25 12 18 23 19 13 0 19 20 18 24 19 26 21 27 27 25 31 18 23 31 27 18 18 18 18 18 19 18 18 18 18 24 31 0 18 18 19 18 23 18 18 18 18 31 18 19 18 18 28 18 13 19 18 23 26 19
0 12 23 25 25 25 25 25 25 25 25 25 25 24 24 10 10 10 23 21 11 25 12 25 23 21 25 25 23 12 25 25 23 25 25 16 25 25 25 25 25 25 25 25 25 16 25 15 23 25 23 25 12 25 24 25 24 15 25 16 12 20 25 25 25 25 25 25 15 25 25 25 25 25 25 12 25 25 11 25 25 23 25 20 25 25 25 25 10 25 11 11 25 25 25 12 25 25 25 25 25 11 16 11 11 24 10 24 23 23 14 25 12 15 15 21 23 20 25 0 16 11 14 12 25 24 21 23 12 20 24 12 15 14 14 10 24 25 15 23 24 25 23 18 25 11 24 11 16 12 12 10 21 25 12 21 12 25 25 25 25 25 25 25 20 25 25 10 21 25 0 25 24 25 14 25 25 25 25 23 25 23 25 25 15 25 24 24 25 15 11 24
0 23 23 24 24 24 24 24 24 24 24 24 24 23 23 15 15 10 23 23 3 24 12 24 23 18 24 24 23 17 24 24 23 24 24 14 24 24 24 24 24 24 24 24 24 14 24 23 23 24 23 24 11 24 24 24 23 23 24 14 11 17 24 24 24 24 24 24 17 24 24 24 24 24 24 23 24 24 17 24 24 20 24 16 24 24 24 24 17 24 4 12 24 24 24 0 24 24 24 24 24 2 14 7 7 24 12 23 23 23 16 24 12 17 23 23 21 23 24 12 14 6 12 23 24 23 23 21 10 23 24 12 16 23 12 23 23 24 16 23 24 24 23 16 24 17 24 23 14 17 23 17 23 24 17 23 15 24 24 24 24 24 24 24 16 24 24 12 23 24 24 0 23 24 17 24 24 24 24 23 24 23 24 24 23 24 24 23 24 12 12 24
0 24 14 0 0 0 0 0 0 0 0 0 0 12 12 25 25 25 33 31 24 10 24 0 16 18 0 0 16 24 0 0 16 0 0 23 0 0 0 0 0 0 0 0 0 23 0 23 14 0 16 0 24 0 11 0 12 23 0 23 24 20 0 0 0 0 0 10 23 0 0 0 0 0 0 24 0 0 24 0 0 16 0 20 0 0 0 0 25 0 24 24 0 0 0 24 0 0 0 0 0 24 23 24 24 11 26 12 15 14 28 0 24 23 23 31 18 20 0 25 23 24 23 24 10 18 31 15 24 31 11 24 23 23 23 25 14 0 23 14 11 18 16 21 0 24 11 27 23 28 27 26 31 0 24 31 28 0 0 0 0 0 10 0 20 0 0 25 31 0 0 0 0 0 23 0 0 0 0 33 0 15 0 0 29 0 11 12 0 23 27 11
0 12 15 23 23 23 23 23 23 23 23 23 23 16 18 15 15 15 25 25 14 21 12 23 12 12 23 23 12 12 23 23 12 23 23 2 23 23 23 23 23 23 23 23 23 0 23 12 15 23 12 23 12 23 20 23 16 12 23 2 12 11 23 23 23 23 23 21 10 23 23 23 23 23 23 12 23 23 14 23 23 12 23 11 23 23 23 23 15 23 14 14 23 23 23 14 23 23 23 23 23 14 0 14 14 20 18 18 14 15 23 23 12 10 12 25 14 12 23 16 1 14 11 12 21 18 25 14 12 24 20 12 10 12 11 16 16 23 10 15 20 21 12 10 23 14 20 20 1 23 21 18 25 23 12 25 23 23 23 23 23 23 21 23 11 23 23 15 25 23 23 23 16 0 11 23 23 23 23 25 23 14 23 23 23 23 20 16 23 10 20 20
0 23 10 12 12 12 12 12 12 12 12 12 12 0 10 23 23 23 30 29 23 12 23 12 12 15 12 12 12 21 12 12 12 12 12 16 12 12 12 12 12 12 12 12 12 16 12 18 15 12 12 12 21 12 11 12 0 18 12 16 21 14 12 12 12 12 12 12 18 12 12 12 12 12 12 23 12 12 23 12 12 12 12 15 12 12 12 12 23 12 23 23 12 12 12 23 12 12 12 12 12 23 16 23 23 11 24 10 11 10 26 12 21 18 18 29 19 14 12 24 16 23 20 21 12 19 29 11 23 28 11 23 18 20 20 24 15 12 18 10 11 19 12 15 12 23 11 24 16 25 25 24 29 12 21 29 25 12 12 12 12 12 12 12 15 12 12 23 29 12 12 12 0 12 0 12 12 12 12 30 12 11 12 12 27 12 11 0 12 18 24 11
0 12 16 23 23 23 23 23 23 23 23 23 23 18 20 14 14 14 25 24 14 23 12 23 14 12 23 23 14 11 23 23 14 23 23 10 23 23 23 23 23 23 23 23 23 10 23 5 16 23 14 23 14 23 21 23 18 5 23 10 11 12 23 23 23 23 23 23 0 23 23 23 23 23 23 12 23 23 12 23 23 14 23 12 23 23 23 23 14 23 12 12 23 23 23 17 23 23 23 23 23 15 10 12 12 21 16 20 15 16 23 23 11 0 5 24 15 12 23 15 10 12 14 11 23 20 24 15 14 24 21 12 1 10 14 15 18 23 1 16 21 23 14 11 23 12 21 18 10 21 20 16 24 23 11 24 21 23 23 23 23 23 23 23 12 23 23 14 24 23 23 23 18 23 10 0 23 23 23 25 23 15 23 23 23 23 21 18 23 4 18 21
0 23 11 18 18 18 18 18 18 18 18 18 18 19 13 24 24 24 31 30 23 19 23 18 19 14 18 18 19 23 18 18 19 18 18 18 18 18 18 18 18 18 18 18 18 18 18 20 11 18 19 18 23 18 19 18 19 20 18 18 23 15 18 18 18 18 18 19 20 18 18 18 18 18 18 23 18 18 23 18 18 12 18 15 18 18 18 18 24 18 23 23 18 18 18 23 18 18 18 18 18 23 18 23 23 19 24 19 19 19 27 18 23 20 20 30 12 19 18 24 18 23 21 23 19 0 30 12 23 29 19 23 20 21 21 24 10 18 20 19 13 11 19 16 18 23 19 25 18 26 25 24 30 18 23 30 26 18 18 18 18 18 19 18 15 18 18 24 30 18 18 18 19 18 21 18 0 18 18 31 18 19 18 18 27 18 13 19 18 20 25 19
0 16 12 18 18 18 18 18 18 18 18 18 18 12 14 20 20 20 27 27 18 16 16 18 10 13 18 18 10 15 18 18 10 18 18 13 18 18 18 18 18 18 18 18 18 12 18 12 13 18 10 18 18 18 15 18 12 12 18 13 15 10 18 18 18 18 18 16 12 18 18 18 18 18 18 16 18 18 18 18 18 10 18 13 18 18 18 18 20 18 18 18 18 18 18 21 18 18 18 18 18 19 12 18 18 15 23 14 11 12 24 18 15 12 12 27 18 10 18 21 12 18 18 15 16 18 27 11 18 26 15 16 12 14 18 21 13 18 12 12 15 18 10 11 18 18 15 23 12 24 23 23 27 18 15 27 24 18 18 18 18 18 16 18 13 18 18 20 27 18 18 18 12 18 14 18 18 0 18 27 18 11 18 18 24 18 15 12 18 12 23 15
0 16 23 24 24 24 24 24 24 24 24 24 24 23 23 10 10 10 23 23 3 24 10 24 20 18 24 24 20 11 24 24 20 24 24 14 24 24 24 24 24 24 24 24 24 14 24 16 23 24 20 24 11 24 24 24 23 16 24 14 11 16 24 24 24 24 24 24 12 24 24 24 24 24 24 16 24 24 10 24 24 20 24 16 24 24 24 24 10 24 2 5 24 24 24 7 24 24 24 24 24 4 14 0 0 24 12 23 21 23 16 24 11 12 16 23 21 16 24 11 14 1 12 16 24 23 23 21 10 23 24 10 12 16 12 16 23 24 12 23 24 24 20 15 24 10 24 16 14 15 16 12 23 24 11 23 15 24 24 24 24 24 24 24 16 24 24 10 23 24 24 24 23 24 12 24 24 24 0 23 24 21 24 24 18 24 24 23 24 12 12 24
0 23 28 31 31 31 31 31 31 31 31 31 31 29 30 23 23 23 10 19 23 31 23 31 27 27 31 31 27 24 31 31 27 31 31 25 31 31 31 31 31 31 31 31 31 25 31 24 28 31 27 31 24 31 31 31 29 24 31 25 24 26 31 31 31 31 31 31 24 31 31 31 31 31 31 23 31 31 23 31 31 27 31 26 31 31 31 31 23 31 23 23 31 31 31 23 31 31 31 31 31 23 25 23 23 31 20 30 28 28 14 31 24 24 24 0 28 26 31 21 25 23 24 24 31 30 10 28 23 10 31 23 24 24 24 21 29 31 24 28 31 31 27 25 31 23 31 18 25 15 16 20 0 31 24 0 15 31 31 31 31 31 31 31 26 31 31 23 0 31 31 31 29 31 24 31 31 31 31 0 31 28 31 31 12 31 31 29 31 24 18 31
0 20 10 18 18 18 18 18 18 18 18 18 18 19 13 23 23 23 28 28 21 19 20 18 19 11 18 18 19 18 18 18 19 18 18 14 18 18 18 18 18 18 18 18 18 14 18 19 10 18 19 18 18 18 19 18 19 19 18 14 18 13 18 18 18 18 18 19 15 18 18 18 18 18 18 20 18 18 21 18 18 10 18 12 18 18 18 18 23 18 21 21 18 18 18 21 18 18 18 18 18 21 14 21 21 19 23 19 19 19 25 18 18 15 19 28 0 19 18 23 14 21 16 19 19 12 28 10 20 27 19 20 15 19 16 23 11 18 15 19 13 14 19 12 18 21 19 24 14 24 24 23 28 18 18 28 24 18 18 18 18 18 19 18 12 18 18 23 28 18 18 18 19 18 16 18 18 18 18 28 0 19 18 18 25 18 13 19 18 15 24 19
0 12 24 26 26 26 26 26 26 26 26 26 26 24 24 11 11 11 21 20 12 25 12 26 23 23 26 26 23 14 26 26 23 26 26 18 26 26 26 26 26 26 26 26 26 18 26 16 24 26 23 26 14 26 25 26 24 16 26 18 14 21 26 26 26 26 26 25 16 26 26 26 26 26 26 12 26 26 12 26 26 23 26 21 26 26 26 26 11 26 12 12 26 26 26 12 26 26 26 26 26 12 18 12 12 25 0 24 23 24 12 26 14 16 16 20 23 21 26 10 18 12 15 14 25 24 20 23 12 18 25 12 16 15 15 10 24 26 16 24 25 25 23 20 26 12 25 10 18 12 11 4 20 26 14 20 12 26 26 26 26 26 25 26 21 26 26 11 20 26 26 26 24 26 15 26 26 26 26 21 26 0 26 26 14 26 25 24 26 16 10 25
0 10 20 24 24 24 24 24 24 24 24 24 24 21 23 12 12 12 24 24 13 23 10 24 16 15 24 24 16 0 24 24 16 24 24 12 24 24 24 24 24 24 24 24 24 12 24 11 20 24 16 24 13 24 23 24 21 11 24 12 9 14 24 24 24 24 24 23 11 24 24 24 24 24 24 10 24 24 11 24 24 16 24 14 24 24 24 24 12 24 12 11 24 24 24 17 24 24 24 24 24 15 12 11 11 23 14 23 18 20 20 24 4 11 11 24 18 14 24 12 12 11 13 6 23 23 24 18 13 23 23 10 11 10 13 12 21 24 11 20 23 23 16 12 24 11 23 15 12 18 16 14 24 24 0 24 18 24 24 24 24 24 23 24 14 24 24 12 24 24 24 24 21 24 10 24 24 24 24 24 24 18 0 24 21 24 23 21 24 11 15 23
0 19 18 23 23 23 23 23 23 23 23 23 23 20 21 12 12 12 24 24 12 23 11 23 19 14 23 23 19 13 23 23 19 23 23 11 23 23 23 23 23 23 23 23 23 11 23 19 18 23 19 23 10 23 23 23 20 19 23 11 10 13 23 23 23 23 23 23 13 23 23 23 23 23 23 19 23 23 13 23 23 15 23 12 23 23 23 23 14 23 12 12 23 23 23 12 23 23 23 23 23 12 11 12 12 23 15 21 19 19 21 23 10 14 19 24 16 19 23 14 11 12 0 19 23 21 24 16 11 24 23 11 12 19 0 19 20 23 12 19 23 23 19 12 23 14 23 19 11 20 19 15 24 23 13 24 20 23 23 23 23 23 23 23 12 23 23 12 24 23 23 23 20 23 13 23 23 23 23 24 23 19 23 0 23 23 23 20 23 10 16 23
0 24 14 0 0 0 0 0 0 0 0 0 0 12 12 25 25 25 33 31 24 10 24 0 16 18 0 0 16 24 0 0 16 0 0 23 0 0 0 0 0 0 0 0 0 23 0 23 14 0 16 0 24 0 11 0 12 23 0 23 24 20 0 0 0 0 0 10 23 0 0 0 0 0 0 24 0 0 24 0 0 16 0 20 0 0 0 0 25 0 24 24 0 0 0 24 0 0 0 0 0 24 23 24 24 11 26 12 15 14 28 0 24 23 23 31 18 20 0 25 23 24 23 24 10 18 31 15 24 31 11 24 23 23 23 25 14 0 23 14 11 18 16 21 0 24 11 27 23 28 27 26 31 0 24 31 28 0 0 0 0 0 10 0 20 0 0 25 31 0 0 0 12 0 23 0 0 0 0 33 0 15 0 0 0 0 11 12 0 23 27 11
0 21 23 24 24 24 24 24 24 24 24 24 24 23 23 12 12 10 23 23 1 24 10 24 21 18 24 24 21 15 24 24 21 24 24 14 24 24 24 24 24 24 24 24 24 14 24 21 23 24 21 24 11 24 24 24 23 21 24 14 11 16 24 24 24 24 24 24 15 24 24 24 24 24 24 21 24 24 15 24 24 20 24 16 24 24 24 24 15 24 2 10 24 24 24 2 24 24 24 24 24 0 14 4 4 24 12 23 21 23 16 24 11 15 21 23 21 21 24 11 14 3 12 21 24 23 23 21 10 23 24 10 14 21 12 21 23 24 14 23 24 24 21 15 24 15 24 21 14 15 21 15 23 24 15 23 15 24 24 24 24 24 24 24 16 24 24 10 23 24 24 24 23 24 15 24 24 24 24 23 24 21 24 24 21 0 24 23 24 12 12 24
0 20 10 15 15 15 15 15 15 15 15 15 15 11 12 23 23 23 28 28 21 14 20 15 10 15 15 15 10 18 15 15 10 15 15 15 15 15 15 15 15 15 15 15 15 14 15 15 15 15 10 15 19 15 12 15 11 15 15 15 18 12 15 15 15 15 15 14 15 15 15 15 15 15 15 20 15 15 21 15 15 10 15 15 15 15 15 15 23 15 21 21 15 15 15 23 15 15 15 15 15 21 14 21 21 12 23 12 0 10 25 15 18 15 15 28 19 12 15 23 14 21 19 18 14 19 28 9 20 27 12 20 15 16 19 23 15 15 15 10 12 19 10 12 15 21 12 24 14 24 24 23 28 15 18 28 24 15 15 15 15 15 14 15 15 15 15 23 28 15 15 15 11 15 16 15 15 15 15 28 15 0 15 15 25 15 0 11 15 15 24 12
0 24 14 0 0 0 0 0 0 0 0 0 0 12 12 25 25 25 33 31 24 10 24 0 16 18 0 0 16 24 0 0 16 0 0 23 0 0 0 0 0 0 0 0 0 23 0 23 14 0 16 0 24 0 11 0 12 23 0 23 24 20 0 0 0 0 0 10 23 0 0 0 0 0 0 24 0 0 24 0 0 16 0 20 0 0 0 0 25 0 24 24 0 0 0 24 0 0 0 0 0 24 23 24 24 11 26 12 15 14 28 0 24 23 23 31 18 20 0 25 23 24 23 24 10 18 31 15 24 31 11 24 23 23 23 25 14 0 23 14 11 18 16 21 0 24 11 27 23 28 27 26 31 0 24 31 28 0 0 0 0 0 10 0 20 0 0 25 31 0 0 0 12 0 23 0 0 0 0 33 0 15 0 0 29 0 11 0 0 23 27 11
0 12 16 23 23 23 23 23 23 23 23 23 23 18 20 14 14 14 25 24 12 23 12 23 14 12 23 23 14 11 23 23 14 23 23 10 23 23 23 23 23 23 23 23 23 10 23 6 16 23 14 23 12 23 21 23 18 6 23 10 11 12 23 23 23 23 23 23 0 23 23 23 23 23 23 12 23 23 12 23 23 14 23 12 23 23 23 23 14 23 12 12 23 23 23 16 23 23 23 23 23 14 10 12 12 21 16 20 15 16 23 23 11 1 6 24 15 12 23 15 10 12 12 11 23 20 24 15 12 24 21 12 0 10 12 15 18 23 0 16 21 23 14 11 23 12 21 18 10 21 20 16 24 23 11 24 21 23 23 23 23 23 23 23 12 23 23 14 24 23 23 23 18 23 10 23 23 23 23 25 23 15 23 23 23 23 21 18 0 3 18 21
0 20 26 29 29 29 29 29 29 29 29 29 29 27 27 16 16 16 14 19 19 28 20 29 25 24 29 29 25 21 29 29 25 29 29 23 29 29 29 29 29 29 29 29 29 23 29 23 26 29 25 29 21 29 28 29 27 23 29 23 21 24 29 29 29 29 29 28 23 29 29 29 29 29 29 20 29 29 18 29 29 25 29 24 29 29 29 29 16 29 18 18 29 29 29 23 29 29 29 29 29 21 23 18 18 28 14 27 25 26 10 29 21 23 23 12 25 24 29 15 23 18 23 21 28 27 12 25 20 12 28 20 23 23 23 15 27 29 23 26 28 28 25 24 29 18 28 12 23 11 12 14 12 29 21 12 15 29 29 29 29 29 28 29 24 29 29 16 12 29 29 29 27 29 23 29 29 29 29 15 29 25 29 29 0 29 28 27 29 0 12 28
0 23 10 12 12 12 12 12 12 12 12 12 12 0 10 23 23 23 30 29 23 12 23 12 12 15 12 12 12 21 12 12 12 12 12 16 12 12 12 12 12 12 12 12 12 16 12 18 15 12 12 12 21 12 11 12 0 18 12 16 21 14 12 12 12 12 12 12 18 12 12 12 12 12 12 23 12 12 23 12 12 12 12 15 12 12 12 12 23 12 23 23 12 12 12 23 12 12 12 12 12 23 16 23 23 11 24 10 11 10 26 12 21 18 18 29 19 14 12 24 16 23 20 21 12 19 29 11 23 28 11 23 18 20 20 24 15 12 18 10 11 19 12 15 12 23 11 24 16 25 25 24 29 12 21 29 25 12 12 12 12 12 12 12 15 12 12 23 29 12 12 12 0 12 20 12 12 12 12 30 12 11 12 12 27 12 11 0 12 18 0 11
0 24 14 0 0 0 0 0 0 0 0 0 0 12 12 25 25 25 33 31 24 10 24 0 16 18 0 0 16 24 0 0 16 0 0 23 0 0 0 0 0 0 0 0 0 23 0 23 14 0 16 0 24 0 11 0 12 23 0 23 24 20 0 0 0 0 0 10 23 0 0 0 0 0 0 24 0 0 24 0 0 16 0 20 0 0 0 0 25 0 24 24 0 0 0 24 0 0 0 0 0 24 23 24 24 11 26 12 15 14 28 0 24 23 23 31 18 20 0 25 23 24 23 24 10 18 31 15 24 31 11 24 23 23 23 25 14 0 23 14 11 18 16 21 0 24 11 27 23 28 27 26 31 0 24 31 28 0 0 0 0 0 10 0 20 0 0 25 31 0 0 0 12 0 23 0 0 0 0 33 0 15 0 0 29 0 11 12 0 23 27 0
